,id,lab_id,roi,index,time,abs_int,dF_int,dF/F0_int,base
0,QD_mix_40_phase_prec-alloc_offset-15_bin2_inter,QD_mix_40_phase_prec-alloc_offset-15_bin2_labels,1,0,0.0,401.5704040527344,0.0,0.0,simple
1,QD_mix_40_phase_prec-alloc_offset-15_bin2_inter,QD_mix_40_phase_prec-alloc_offset-15_bin2_labels,1,1,1.0,476.5509948730469,74.98059844970703,0.1867000013589859,simple
2,QD_mix_40_phase_prec-alloc_offset-15_bin2_inter,QD_mix_40_phase_prec-alloc_offset-15_bin2_labels,1,2,2.0,579.027099609375,177.45669555664062,0.44190001487731934,simple
3,QD_mix_40_phase_prec-alloc_offset-15_bin2_inter,QD_mix_40_phase_prec-alloc_offset-15_bin2_labels,1,3,3.0,762.0346069335938,360.4642028808594,0.897599995136261,simple
4,QD_mix_40_phase_prec-alloc_offset-15_bin2_inter,QD_mix_40_phase_prec-alloc_offset-15_bin2_labels,1,4,4.0,943.2199096679688,541.6495971679688,1.3487999439239502,simple
5,QD_mix_40_phase_prec-alloc_offset-15_bin2_inter,QD_mix_40_phase_prec-alloc_offset-15_bin2_labels,1,5,5.0,1220.229736328125,818.659423828125,2.038599967956543,simple
6,QD_mix_40_phase_prec-alloc_offset-15_bin2_inter,QD_mix_40_phase_prec-alloc_offset-15_bin2_labels,1,6,6.0,1598.0726318359375,1196.502197265625,2.979599952697754,simple
7,QD_mix_40_phase_prec-alloc_offset-15_bin2_inter,QD_mix_40_phase_prec-alloc_offset-15_bin2_labels,1,7,7.0,2077.069580078125,1675.499267578125,4.172399997711182,simple
8,QD_mix_40_phase_prec-alloc_offset-15_bin2_inter,QD_mix_40_phase_prec-alloc_offset-15_bin2_labels,1,8,8.0,2677.853759765625,2276.283447265625,5.668499946594238,simple
9,QD_mix_40_phase_prec-alloc_offset-15_bin2_inter,QD_mix_40_phase_prec-alloc_offset-15_bin2_labels,1,9,9.0,3426.063232421875,3024.492919921875,7.531700134277344,simple
10,QD_mix_40_phase_prec-alloc_offset-15_bin2_inter,QD_mix_40_phase_prec-alloc_offset-15_bin2_labels,1,10,10.0,4282.099609375,3880.529296875,9.663399696350098,simple
11,QD_mix_40_phase_prec-alloc_offset-15_bin2_inter,QD_mix_40_phase_prec-alloc_offset-15_bin2_labels,1,11,11.0,5313.658203125,4912.087890625,12.232199668884277,simple
12,QD_mix_40_phase_prec-alloc_offset-15_bin2_inter,QD_mix_40_phase_prec-alloc_offset-15_bin2_labels,1,12,12.0,6407.39599609375,6005.82568359375,14.95580005645752,simple
13,QD_mix_40_phase_prec-alloc_offset-15_bin2_inter,QD_mix_40_phase_prec-alloc_offset-15_bin2_labels,1,13,13.0,7599.87744140625,7198.30712890625,17.925399780273438,simple
14,QD_mix_40_phase_prec-alloc_offset-15_bin2_inter,QD_mix_40_phase_prec-alloc_offset-15_bin2_labels,1,14,14.0,8759.3271484375,8357.7568359375,20.812700271606445,simple
15,QD_mix_40_phase_prec-alloc_offset-15_bin2_inter,QD_mix_40_phase_prec-alloc_offset-15_bin2_labels,1,15,15.0,9974.1279296875,9572.5576171875,23.837799072265625,simple
16,QD_mix_40_phase_prec-alloc_offset-15_bin2_inter,QD_mix_40_phase_prec-alloc_offset-15_bin2_labels,1,16,16.0,11100.7236328125,10699.1533203125,26.643299102783203,simple
17,QD_mix_40_phase_prec-alloc_offset-15_bin2_inter,QD_mix_40_phase_prec-alloc_offset-15_bin2_labels,1,17,17.0,12066.791015625,11665.220703125,29.048999786376953,simple
18,QD_mix_40_phase_prec-alloc_offset-15_bin2_inter,QD_mix_40_phase_prec-alloc_offset-15_bin2_labels,1,18,18.0,12802.5439453125,12400.9736328125,30.881200790405273,simple
19,QD_mix_40_phase_prec-alloc_offset-15_bin2_inter,QD_mix_40_phase_prec-alloc_offset-15_bin2_labels,1,19,19.0,13162.36328125,12760.79296875,31.77720069885254,simple
20,QD_mix_40_phase_prec-alloc_offset-15_bin2_inter,QD_mix_40_phase_prec-alloc_offset-15_bin2_labels,1,20,20.0,13148.9287109375,12747.3583984375,31.743799209594727,simple
21,QD_mix_40_phase_prec-alloc_offset-15_bin2_inter,QD_mix_40_phase_prec-alloc_offset-15_bin2_labels,1,21,21.0,12989.5791015625,12588.0087890625,31.347000122070312,simple
22,QD_mix_40_phase_prec-alloc_offset-15_bin2_inter,QD_mix_40_phase_prec-alloc_offset-15_bin2_labels,1,22,22.0,12413.1396484375,12011.5693359375,29.911500930786133,simple
23,QD_mix_40_phase_prec-alloc_offset-15_bin2_inter,QD_mix_40_phase_prec-alloc_offset-15_bin2_labels,1,23,23.0,11782.1376953125,11380.5673828125,28.340200424194336,simple
24,QD_mix_40_phase_prec-alloc_offset-15_bin2_inter,QD_mix_40_phase_prec-alloc_offset-15_bin2_labels,1,24,24.0,10933.990234375,10532.419921875,26.228099822998047,simple
25,QD_mix_40_phase_prec-alloc_offset-15_bin2_inter,QD_mix_40_phase_prec-alloc_offset-15_bin2_labels,1,25,25.0,9993.9013671875,9592.3310546875,23.886999130249023,simple
26,QD_mix_40_phase_prec-alloc_offset-15_bin2_inter,QD_mix_40_phase_prec-alloc_offset-15_bin2_labels,1,26,26.0,8993.48046875,8591.91015625,21.39579963684082,simple
27,QD_mix_40_phase_prec-alloc_offset-15_bin2_inter,QD_mix_40_phase_prec-alloc_offset-15_bin2_labels,1,27,27.0,8292.6513671875,7891.08056640625,19.65060043334961,simple
28,QD_mix_40_phase_prec-alloc_offset-15_bin2_inter,QD_mix_40_phase_prec-alloc_offset-15_bin2_labels,1,28,28.0,7530.671875,7129.1015625,17.75309944152832,simple
29,QD_mix_40_phase_prec-alloc_offset-15_bin2_inter,QD_mix_40_phase_prec-alloc_offset-15_bin2_labels,1,29,29.0,6946.97607421875,6545.40576171875,16.29949951171875,simple
30,QD_mix_40_phase_prec-alloc_offset-15_bin2_inter,QD_mix_40_phase_prec-alloc_offset-15_bin2_labels,1,30,30.0,6575.15234375,6173.58203125,15.373600006103516,simple
31,QD_mix_40_phase_prec-alloc_offset-15_bin2_inter,QD_mix_40_phase_prec-alloc_offset-15_bin2_labels,1,31,31.0,6300.8447265625,5899.2744140625,14.690500259399414,simple
32,QD_mix_40_phase_prec-alloc_offset-15_bin2_inter,QD_mix_40_phase_prec-alloc_offset-15_bin2_labels,1,32,32.0,6124.37548828125,5722.80517578125,14.251099586486816,simple
33,QD_mix_40_phase_prec-alloc_offset-15_bin2_inter,QD_mix_40_phase_prec-alloc_offset-15_bin2_labels,1,33,33.0,6079.50732421875,5677.93701171875,14.139300346374512,simple
34,QD_mix_40_phase_prec-alloc_offset-15_bin2_inter,QD_mix_40_phase_prec-alloc_offset-15_bin2_labels,1,34,34.0,6041.2294921875,5639.6591796875,14.043999671936035,simple
35,QD_mix_40_phase_prec-alloc_offset-15_bin2_inter,QD_mix_40_phase_prec-alloc_offset-15_bin2_labels,1,35,35.0,5998.1552734375,5596.5849609375,13.936699867248535,simple
36,QD_mix_40_phase_prec-alloc_offset-15_bin2_inter,QD_mix_40_phase_prec-alloc_offset-15_bin2_labels,1,36,36.0,5877.30908203125,5475.73876953125,13.6358003616333,simple
37,QD_mix_40_phase_prec-alloc_offset-15_bin2_inter,QD_mix_40_phase_prec-alloc_offset-15_bin2_labels,1,37,37.0,5669.93017578125,5268.35986328125,13.119400024414062,simple
38,QD_mix_40_phase_prec-alloc_offset-15_bin2_inter,QD_mix_40_phase_prec-alloc_offset-15_bin2_labels,1,38,38.0,5492.22705078125,5090.65673828125,12.676899909973145,simple
39,QD_mix_40_phase_prec-alloc_offset-15_bin2_inter,QD_mix_40_phase_prec-alloc_offset-15_bin2_labels,1,39,39.0,5192.89794921875,4791.32763671875,11.931500434875488,simple
40,QD_mix_40_phase_prec-alloc_offset-15_bin2_inter,QD_mix_40_phase_prec-alloc_offset-15_bin2_labels,1,40,40.0,4955.45556640625,4553.88525390625,11.340200424194336,simple
41,QD_mix_40_phase_prec-alloc_offset-15_bin2_inter,QD_mix_40_phase_prec-alloc_offset-15_bin2_labels,1,41,41.0,4616.63525390625,4215.06494140625,10.496500015258789,simple
42,QD_mix_40_phase_prec-alloc_offset-15_bin2_inter,QD_mix_40_phase_prec-alloc_offset-15_bin2_labels,1,42,42.0,4305.40869140625,3903.83837890625,9.721400260925293,simple
43,QD_mix_40_phase_prec-alloc_offset-15_bin2_inter,QD_mix_40_phase_prec-alloc_offset-15_bin2_labels,1,43,43.0,4038.685302734375,3637.11474609375,9.05720043182373,simple
44,QD_mix_40_phase_prec-alloc_offset-15_bin2_inter,QD_mix_40_phase_prec-alloc_offset-15_bin2_labels,1,44,44.0,3813.673095703125,3412.103271484375,8.496899604797363,simple
45,QD_mix_40_phase_prec-alloc_offset-15_bin2_inter,QD_mix_40_phase_prec-alloc_offset-15_bin2_labels,1,45,45.0,3635.447265625,3233.876708984375,8.053099632263184,simple
46,QD_mix_40_phase_prec-alloc_offset-15_bin2_inter,QD_mix_40_phase_prec-alloc_offset-15_bin2_labels,1,46,46.0,3432.30078125,3030.73046875,7.5472002029418945,simple
47,QD_mix_40_phase_prec-alloc_offset-15_bin2_inter,QD_mix_40_phase_prec-alloc_offset-15_bin2_labels,1,47,47.0,3329.5771484375,2928.0068359375,7.291399955749512,simple
48,QD_mix_40_phase_prec-alloc_offset-15_bin2_inter,QD_mix_40_phase_prec-alloc_offset-15_bin2_labels,1,48,48.0,3266.08154296875,2864.51123046875,7.133299827575684,simple
49,QD_mix_40_phase_prec-alloc_offset-15_bin2_inter,QD_mix_40_phase_prec-alloc_offset-15_bin2_labels,1,49,49.0,3319.30517578125,2917.73486328125,7.2657999992370605,simple
50,QD_mix_40_phase_prec-alloc_offset-15_bin2_inter,QD_mix_40_phase_prec-alloc_offset-15_bin2_labels,1,50,50.0,3424.462890625,3022.892333984375,7.527699947357178,simple
51,QD_mix_40_phase_prec-alloc_offset-15_bin2_inter,QD_mix_40_phase_prec-alloc_offset-15_bin2_labels,1,51,51.0,3476.55029296875,3074.980224609375,7.657400131225586,simple
52,QD_mix_40_phase_prec-alloc_offset-15_bin2_inter,QD_mix_40_phase_prec-alloc_offset-15_bin2_labels,1,52,52.0,3566.15087890625,3164.580322265625,7.880499839782715,simple
53,QD_mix_40_phase_prec-alloc_offset-15_bin2_inter,QD_mix_40_phase_prec-alloc_offset-15_bin2_labels,1,53,53.0,3651.1708984375,3249.600341796875,8.09220027923584,simple
54,QD_mix_40_phase_prec-alloc_offset-15_bin2_inter,QD_mix_40_phase_prec-alloc_offset-15_bin2_labels,1,54,54.0,3762.84228515625,3361.2724609375,8.37030029296875,simple
55,QD_mix_40_phase_prec-alloc_offset-15_bin2_inter,QD_mix_40_phase_prec-alloc_offset-15_bin2_labels,1,55,55.0,3829.390869140625,3427.8203125,8.53600025177002,simple
56,QD_mix_40_phase_prec-alloc_offset-15_bin2_inter,QD_mix_40_phase_prec-alloc_offset-15_bin2_labels,1,56,56.0,3769.01806640625,3367.447509765625,8.385700225830078,simple
57,QD_mix_40_phase_prec-alloc_offset-15_bin2_inter,QD_mix_40_phase_prec-alloc_offset-15_bin2_labels,1,57,57.0,3712.73876953125,3311.16845703125,8.245499610900879,simple
58,QD_mix_40_phase_prec-alloc_offset-15_bin2_inter,QD_mix_40_phase_prec-alloc_offset-15_bin2_labels,1,58,58.0,3627.874755859375,3226.304443359375,8.034199714660645,simple
59,QD_mix_40_phase_prec-alloc_offset-15_bin2_inter,QD_mix_40_phase_prec-alloc_offset-15_bin2_labels,1,59,59.0,3407.085693359375,3005.515380859375,7.484399795532227,simple
60,QD_mix_40_phase_prec-alloc_offset-15_bin2_inter,QD_mix_40_phase_prec-alloc_offset-15_bin2_labels,1,60,60.0,3258.261962890625,2856.691650390625,7.113800048828125,simple
61,QD_mix_40_phase_prec-alloc_offset-15_bin2_inter,QD_mix_40_phase_prec-alloc_offset-15_bin2_labels,1,61,61.0,3049.669677734375,2648.099365234375,6.594399929046631,simple
62,QD_mix_40_phase_prec-alloc_offset-15_bin2_inter,QD_mix_40_phase_prec-alloc_offset-15_bin2_labels,1,62,62.0,2766.592529296875,2365.022216796875,5.889400005340576,simple
63,QD_mix_40_phase_prec-alloc_offset-15_bin2_inter,QD_mix_40_phase_prec-alloc_offset-15_bin2_labels,1,63,63.0,2511.930908203125,2110.360595703125,5.255300045013428,simple
64,QD_mix_40_phase_prec-alloc_offset-15_bin2_inter,QD_mix_40_phase_prec-alloc_offset-15_bin2_labels,1,64,64.0,2173.697998046875,1772.1275634765625,4.413000106811523,simple
65,QD_mix_40_phase_prec-alloc_offset-15_bin2_inter,QD_mix_40_phase_prec-alloc_offset-15_bin2_labels,1,65,65.0,1878.0970458984375,1476.526611328125,3.6768999099731445,simple
66,QD_mix_40_phase_prec-alloc_offset-15_bin2_inter,QD_mix_40_phase_prec-alloc_offset-15_bin2_labels,1,66,66.0,1589.2095947265625,1187.63916015625,2.9574999809265137,simple
67,QD_mix_40_phase_prec-alloc_offset-15_bin2_inter,QD_mix_40_phase_prec-alloc_offset-15_bin2_labels,1,67,67.0,1325.0489501953125,923.4785766601562,2.2997000217437744,simple
68,QD_mix_40_phase_prec-alloc_offset-15_bin2_inter,QD_mix_40_phase_prec-alloc_offset-15_bin2_labels,1,68,68.0,1122.45556640625,720.8851928710938,1.795199990272522,simple
69,QD_mix_40_phase_prec-alloc_offset-15_bin2_inter,QD_mix_40_phase_prec-alloc_offset-15_bin2_labels,1,69,69.0,937.16748046875,535.5971069335938,1.333799958229065,simple
70,QD_mix_40_phase_prec-alloc_offset-15_bin2_inter,QD_mix_40_phase_prec-alloc_offset-15_bin2_labels,1,70,70.0,768.1422119140625,366.5718078613281,0.9128000140190125,simple
71,QD_mix_40_phase_prec-alloc_offset-15_bin2_inter,QD_mix_40_phase_prec-alloc_offset-15_bin2_labels,1,71,71.0,671.8671875,270.29681396484375,0.6730999946594238,simple
72,QD_mix_40_phase_prec-alloc_offset-15_bin2_inter,QD_mix_40_phase_prec-alloc_offset-15_bin2_labels,1,72,72.0,564.76611328125,163.19569396972656,0.40639999508857727,simple
73,QD_mix_40_phase_prec-alloc_offset-15_bin2_inter,QD_mix_40_phase_prec-alloc_offset-15_bin2_labels,1,73,73.0,471.3818054199219,69.8115005493164,0.1738000065088272,simple
74,QD_mix_40_phase_prec-alloc_offset-15_bin2_inter,QD_mix_40_phase_prec-alloc_offset-15_bin2_labels,1,74,74.0,422.385498046875,20.815099716186523,0.05180000141263008,simple
75,QD_mix_40_phase_prec-alloc_offset-15_bin2_inter,QD_mix_40_phase_prec-alloc_offset-15_bin2_labels,1,75,75.0,361.4346008300781,-40.13570022583008,-0.09989999979734421,simple
76,QD_mix_40_phase_prec-alloc_offset-15_bin2_inter,QD_mix_40_phase_prec-alloc_offset-15_bin2_labels,1,76,76.0,320.46429443359375,-81.1061019897461,-0.20200000703334808,simple
77,QD_mix_40_phase_prec-alloc_offset-15_bin2_inter,QD_mix_40_phase_prec-alloc_offset-15_bin2_labels,1,77,77.0,0.0,-401.5704040527344,-1.0,simple
78,QD_mix_40_phase_prec-alloc_offset-15_bin2_inter,QD_mix_40_phase_prec-alloc_offset-15_bin2_labels,1,78,78.0,0.0,-401.5704040527344,-1.0,simple
79,QD_mix_40_phase_prec-alloc_offset-15_bin2_inter,QD_mix_40_phase_prec-alloc_offset-15_bin2_labels,1,79,79.0,0.0,-401.5704040527344,-1.0,simple
80,QD_mix_40_phase_prec-alloc_offset-15_bin2_inter,QD_mix_40_phase_prec-alloc_offset-15_bin2_labels,1,80,80.0,0.0,-401.5704040527344,-1.0,simple
81,QD_mix_40_phase_prec-alloc_offset-15_bin2_inter,QD_mix_40_phase_prec-alloc_offset-15_bin2_labels,1,81,81.0,0.0,-401.5704040527344,-1.0,simple
82,QD_mix_40_phase_prec-alloc_offset-15_bin2_inter,QD_mix_40_phase_prec-alloc_offset-15_bin2_labels,1,82,82.0,0.0,-401.5704040527344,-1.0,simple
83,QD_mix_40_phase_prec-alloc_offset-15_bin2_inter,QD_mix_40_phase_prec-alloc_offset-15_bin2_labels,1,83,83.0,0.0,-401.5704040527344,-1.0,simple
84,QD_mix_40_phase_prec-alloc_offset-15_bin2_inter,QD_mix_40_phase_prec-alloc_offset-15_bin2_labels,1,84,84.0,0.0,-401.5704040527344,-1.0,simple
85,QD_mix_40_phase_prec-alloc_offset-15_bin2_inter,QD_mix_40_phase_prec-alloc_offset-15_bin2_labels,1,85,85.0,0.0,-401.5704040527344,-1.0,simple
86,QD_mix_40_phase_prec-alloc_offset-15_bin2_inter,QD_mix_40_phase_prec-alloc_offset-15_bin2_labels,1,86,86.0,0.0,-401.5704040527344,-1.0,simple
87,QD_mix_40_phase_prec-alloc_offset-15_bin2_inter,QD_mix_40_phase_prec-alloc_offset-15_bin2_labels,1,87,87.0,0.0,-401.5704040527344,-1.0,simple
88,QD_mix_40_phase_prec-alloc_offset-15_bin2_inter,QD_mix_40_phase_prec-alloc_offset-15_bin2_labels,1,88,88.0,0.0,-401.5704040527344,-1.0,simple
89,QD_mix_40_phase_prec-alloc_offset-15_bin2_inter,QD_mix_40_phase_prec-alloc_offset-15_bin2_labels,1,89,89.0,0.0,-401.5704040527344,-1.0,simple
90,QD_mix_40_phase_prec-alloc_offset-15_bin2_inter,QD_mix_40_phase_prec-alloc_offset-15_bin2_labels,1,90,90.0,0.0,-401.5704040527344,-1.0,simple
91,QD_mix_40_phase_prec-alloc_offset-15_bin2_inter,QD_mix_40_phase_prec-alloc_offset-15_bin2_labels,1,91,91.0,0.0,-401.5704040527344,-1.0,simple
92,QD_mix_40_phase_prec-alloc_offset-15_bin2_inter,QD_mix_40_phase_prec-alloc_offset-15_bin2_labels,1,92,92.0,0.0,-401.5704040527344,-1.0,simple
93,QD_mix_40_phase_prec-alloc_offset-15_bin2_inter,QD_mix_40_phase_prec-alloc_offset-15_bin2_labels,1,93,93.0,0.0,-401.5704040527344,-1.0,simple
94,QD_mix_40_phase_prec-alloc_offset-15_bin2_inter,QD_mix_40_phase_prec-alloc_offset-15_bin2_labels,1,94,94.0,0.0,-401.5704040527344,-1.0,simple
95,QD_mix_40_phase_prec-alloc_offset-15_bin2_inter,QD_mix_40_phase_prec-alloc_offset-15_bin2_labels,1,95,95.0,0.0,-401.5704040527344,-1.0,simple
96,QD_mix_40_phase_prec-alloc_offset-15_bin2_inter,QD_mix_40_phase_prec-alloc_offset-15_bin2_labels,1,96,96.0,0.0,-401.5704040527344,-1.0,simple
97,QD_mix_40_phase_prec-alloc_offset-15_bin2_inter,QD_mix_40_phase_prec-alloc_offset-15_bin2_labels,1,97,97.0,0.0,-401.5704040527344,-1.0,simple
98,QD_mix_40_phase_prec-alloc_offset-15_bin2_inter,QD_mix_40_phase_prec-alloc_offset-15_bin2_labels,1,98,98.0,0.0,-401.5704040527344,-1.0,simple
99,QD_mix_40_phase_prec-alloc_offset-15_bin2_inter,QD_mix_40_phase_prec-alloc_offset-15_bin2_labels,1,100,99.0,0.0,-401.5704040527344,-1.0,simple
100,QD_mix_40_phase_prec-alloc_offset-15_bin2_inter,QD_mix_40_phase_prec-alloc_offset-15_bin2_labels,2,0,0.0,491.7127990722656,0.0,0.0,simple
101,QD_mix_40_phase_prec-alloc_offset-15_bin2_inter,QD_mix_40_phase_prec-alloc_offset-15_bin2_labels,2,1,1.0,566.2225952148438,74.50969696044922,0.15150000154972076,simple
102,QD_mix_40_phase_prec-alloc_offset-15_bin2_inter,QD_mix_40_phase_prec-alloc_offset-15_bin2_labels,2,2,2.0,682.346923828125,190.63409423828125,0.38769999146461487,simple
103,QD_mix_40_phase_prec-alloc_offset-15_bin2_inter,QD_mix_40_phase_prec-alloc_offset-15_bin2_labels,2,3,3.0,838.1741943359375,346.4613037109375,0.7045999765396118,simple
104,QD_mix_40_phase_prec-alloc_offset-15_bin2_inter,QD_mix_40_phase_prec-alloc_offset-15_bin2_labels,2,4,4.0,1095.5277099609375,603.8148803710938,1.2280000448226929,simple
105,QD_mix_40_phase_prec-alloc_offset-15_bin2_inter,QD_mix_40_phase_prec-alloc_offset-15_bin2_labels,2,5,5.0,1372.4986572265625,880.7858276367188,1.7913000583648682,simple
106,QD_mix_40_phase_prec-alloc_offset-15_bin2_inter,QD_mix_40_phase_prec-alloc_offset-15_bin2_labels,2,6,6.0,1792.8602294921875,1301.147216796875,2.646199941635132,simple
107,QD_mix_40_phase_prec-alloc_offset-15_bin2_inter,QD_mix_40_phase_prec-alloc_offset-15_bin2_labels,2,7,7.0,2391.947021484375,1900.2342529296875,3.864500045776367,simple
108,QD_mix_40_phase_prec-alloc_offset-15_bin2_inter,QD_mix_40_phase_prec-alloc_offset-15_bin2_labels,2,8,8.0,3145.8701171875,2654.1572265625,5.397799968719482,simple
109,QD_mix_40_phase_prec-alloc_offset-15_bin2_inter,QD_mix_40_phase_prec-alloc_offset-15_bin2_labels,2,9,9.0,4103.5068359375,3611.7939453125,7.345300197601318,simple
110,QD_mix_40_phase_prec-alloc_offset-15_bin2_inter,QD_mix_40_phase_prec-alloc_offset-15_bin2_labels,2,10,10.0,5300.0302734375,4808.3173828125,9.77869987487793,simple
111,QD_mix_40_phase_prec-alloc_offset-15_bin2_inter,QD_mix_40_phase_prec-alloc_offset-15_bin2_labels,2,11,11.0,6593.181640625,6101.46875,12.408599853515625,simple
112,QD_mix_40_phase_prec-alloc_offset-15_bin2_inter,QD_mix_40_phase_prec-alloc_offset-15_bin2_labels,2,12,12.0,8213.6748046875,7721.96142578125,15.70419979095459,simple
113,QD_mix_40_phase_prec-alloc_offset-15_bin2_inter,QD_mix_40_phase_prec-alloc_offset-15_bin2_labels,2,13,13.0,9956.189453125,9464.4765625,19.24799919128418,simple
114,QD_mix_40_phase_prec-alloc_offset-15_bin2_inter,QD_mix_40_phase_prec-alloc_offset-15_bin2_labels,2,14,14.0,11916.38671875,11424.673828125,23.234399795532227,simple
115,QD_mix_40_phase_prec-alloc_offset-15_bin2_inter,QD_mix_40_phase_prec-alloc_offset-15_bin2_labels,2,15,15.0,13886.078125,13394.365234375,27.24020004272461,simple
116,QD_mix_40_phase_prec-alloc_offset-15_bin2_inter,QD_mix_40_phase_prec-alloc_offset-15_bin2_labels,2,16,16.0,15847.64453125,15355.931640625,31.22949981689453,simple
117,QD_mix_40_phase_prec-alloc_offset-15_bin2_inter,QD_mix_40_phase_prec-alloc_offset-15_bin2_labels,2,17,17.0,17751.9453125,17260.232421875,35.102298736572266,simple
118,QD_mix_40_phase_prec-alloc_offset-15_bin2_inter,QD_mix_40_phase_prec-alloc_offset-15_bin2_labels,2,18,18.0,19135.705078125,18643.9921875,37.91640090942383,simple
119,QD_mix_40_phase_prec-alloc_offset-15_bin2_inter,QD_mix_40_phase_prec-alloc_offset-15_bin2_labels,2,19,19.0,20249.712890625,19758.0,40.18199920654297,simple
120,QD_mix_40_phase_prec-alloc_offset-15_bin2_inter,QD_mix_40_phase_prec-alloc_offset-15_bin2_labels,2,20,20.0,20721.8125,20230.099609375,41.1421012878418,simple
121,QD_mix_40_phase_prec-alloc_offset-15_bin2_inter,QD_mix_40_phase_prec-alloc_offset-15_bin2_labels,2,21,21.0,20908.384765625,20416.671875,41.52149963378906,simple
122,QD_mix_40_phase_prec-alloc_offset-15_bin2_inter,QD_mix_40_phase_prec-alloc_offset-15_bin2_labels,2,22,22.0,20351.224609375,19859.51171875,40.38840103149414,simple
123,QD_mix_40_phase_prec-alloc_offset-15_bin2_inter,QD_mix_40_phase_prec-alloc_offset-15_bin2_labels,2,23,23.0,19464.306640625,18972.59375,38.58470153808594,simple
124,QD_mix_40_phase_prec-alloc_offset-15_bin2_inter,QD_mix_40_phase_prec-alloc_offset-15_bin2_labels,2,24,24.0,18160.982421875,17669.26953125,35.93410110473633,simple
125,QD_mix_40_phase_prec-alloc_offset-15_bin2_inter,QD_mix_40_phase_prec-alloc_offset-15_bin2_labels,2,25,25.0,16728.1015625,16236.388671875,33.02009963989258,simple
126,QD_mix_40_phase_prec-alloc_offset-15_bin2_inter,QD_mix_40_phase_prec-alloc_offset-15_bin2_labels,2,26,26.0,15049.830078125,14558.1181640625,29.60700035095215,simple
127,QD_mix_40_phase_prec-alloc_offset-15_bin2_inter,QD_mix_40_phase_prec-alloc_offset-15_bin2_labels,2,27,27.0,13389.5234375,12897.810546875,26.23040008544922,simple
128,QD_mix_40_phase_prec-alloc_offset-15_bin2_inter,QD_mix_40_phase_prec-alloc_offset-15_bin2_labels,2,28,28.0,11892.3681640625,11400.6552734375,23.18560028076172,simple
129,QD_mix_40_phase_prec-alloc_offset-15_bin2_inter,QD_mix_40_phase_prec-alloc_offset-15_bin2_labels,2,29,29.0,10704.3515625,10212.638671875,20.769500732421875,simple
130,QD_mix_40_phase_prec-alloc_offset-15_bin2_inter,QD_mix_40_phase_prec-alloc_offset-15_bin2_labels,2,30,30.0,9623.9951171875,9132.2822265625,18.572399139404297,simple
131,QD_mix_40_phase_prec-alloc_offset-15_bin2_inter,QD_mix_40_phase_prec-alloc_offset-15_bin2_labels,2,31,31.0,8919.91015625,8428.197265625,17.140499114990234,simple
132,QD_mix_40_phase_prec-alloc_offset-15_bin2_inter,QD_mix_40_phase_prec-alloc_offset-15_bin2_labels,2,32,32.0,8313.4951171875,7821.7822265625,15.90719985961914,simple
133,QD_mix_40_phase_prec-alloc_offset-15_bin2_inter,QD_mix_40_phase_prec-alloc_offset-15_bin2_labels,2,33,33.0,7948.65185546875,7456.93896484375,15.165200233459473,simple
134,QD_mix_40_phase_prec-alloc_offset-15_bin2_inter,QD_mix_40_phase_prec-alloc_offset-15_bin2_labels,2,34,34.0,7686.53369140625,7194.82080078125,14.632200241088867,simple
135,QD_mix_40_phase_prec-alloc_offset-15_bin2_inter,QD_mix_40_phase_prec-alloc_offset-15_bin2_labels,2,35,35.0,7478.76806640625,6987.05517578125,14.209600448608398,simple
136,QD_mix_40_phase_prec-alloc_offset-15_bin2_inter,QD_mix_40_phase_prec-alloc_offset-15_bin2_labels,2,36,36.0,7286.3935546875,6794.6806640625,13.818400382995605,simple
137,QD_mix_40_phase_prec-alloc_offset-15_bin2_inter,QD_mix_40_phase_prec-alloc_offset-15_bin2_labels,2,37,37.0,7031.03515625,6539.322265625,13.299099922180176,simple
138,QD_mix_40_phase_prec-alloc_offset-15_bin2_inter,QD_mix_40_phase_prec-alloc_offset-15_bin2_labels,2,38,38.0,6764.20263671875,6272.48974609375,12.756400108337402,simple
139,QD_mix_40_phase_prec-alloc_offset-15_bin2_inter,QD_mix_40_phase_prec-alloc_offset-15_bin2_labels,2,39,39.0,6446.38037109375,5954.66748046875,12.110099792480469,simple
140,QD_mix_40_phase_prec-alloc_offset-15_bin2_inter,QD_mix_40_phase_prec-alloc_offset-15_bin2_labels,2,40,40.0,6084.740234375,5593.02734375,11.374600410461426,simple
141,QD_mix_40_phase_prec-alloc_offset-15_bin2_inter,QD_mix_40_phase_prec-alloc_offset-15_bin2_labels,2,41,41.0,5707.23291015625,5215.52001953125,10.606800079345703,simple
142,QD_mix_40_phase_prec-alloc_offset-15_bin2_inter,QD_mix_40_phase_prec-alloc_offset-15_bin2_labels,2,42,42.0,5323.611328125,4831.8984375,9.826700210571289,simple
143,QD_mix_40_phase_prec-alloc_offset-15_bin2_inter,QD_mix_40_phase_prec-alloc_offset-15_bin2_labels,2,43,43.0,4966.3671875,4474.654296875,9.100099563598633,simple
144,QD_mix_40_phase_prec-alloc_offset-15_bin2_inter,QD_mix_40_phase_prec-alloc_offset-15_bin2_labels,2,44,44.0,4680.2255859375,4188.5126953125,8.518199920654297,simple
145,QD_mix_40_phase_prec-alloc_offset-15_bin2_inter,QD_mix_40_phase_prec-alloc_offset-15_bin2_labels,2,45,45.0,4390.62255859375,3898.90966796875,7.929200172424316,simple
146,QD_mix_40_phase_prec-alloc_offset-15_bin2_inter,QD_mix_40_phase_prec-alloc_offset-15_bin2_labels,2,46,46.0,4219.0595703125,3727.3466796875,7.5802998542785645,simple
147,QD_mix_40_phase_prec-alloc_offset-15_bin2_inter,QD_mix_40_phase_prec-alloc_offset-15_bin2_labels,2,47,47.0,4079.918701171875,3588.2060546875,7.297399997711182,simple
148,QD_mix_40_phase_prec-alloc_offset-15_bin2_inter,QD_mix_40_phase_prec-alloc_offset-15_bin2_labels,2,48,48.0,4059.611083984375,3567.8984375,7.256100177764893,simple
149,QD_mix_40_phase_prec-alloc_offset-15_bin2_inter,QD_mix_40_phase_prec-alloc_offset-15_bin2_labels,2,49,49.0,4084.999267578125,3593.285888671875,7.307700157165527,simple
150,QD_mix_40_phase_prec-alloc_offset-15_bin2_inter,QD_mix_40_phase_prec-alloc_offset-15_bin2_labels,2,50,50.0,4224.94921875,3733.236328125,7.592299938201904,simple
151,QD_mix_40_phase_prec-alloc_offset-15_bin2_inter,QD_mix_40_phase_prec-alloc_offset-15_bin2_labels,2,51,51.0,4358.5126953125,3866.800048828125,7.863900184631348,simple
152,QD_mix_40_phase_prec-alloc_offset-15_bin2_inter,QD_mix_40_phase_prec-alloc_offset-15_bin2_labels,2,52,52.0,4461.013671875,3969.30078125,8.072400093078613,simple
153,QD_mix_40_phase_prec-alloc_offset-15_bin2_inter,QD_mix_40_phase_prec-alloc_offset-15_bin2_labels,2,53,53.0,4574.8125,4083.099609375,8.303799629211426,simple
154,QD_mix_40_phase_prec-alloc_offset-15_bin2_inter,QD_mix_40_phase_prec-alloc_offset-15_bin2_labels,2,54,54.0,4703.0185546875,4211.3056640625,8.564599990844727,simple
155,QD_mix_40_phase_prec-alloc_offset-15_bin2_inter,QD_mix_40_phase_prec-alloc_offset-15_bin2_labels,2,55,55.0,4809.6474609375,4317.9345703125,8.781399726867676,simple
156,QD_mix_40_phase_prec-alloc_offset-15_bin2_inter,QD_mix_40_phase_prec-alloc_offset-15_bin2_labels,2,56,56.0,4780.1044921875,4288.3916015625,8.72130012512207,simple
157,QD_mix_40_phase_prec-alloc_offset-15_bin2_inter,QD_mix_40_phase_prec-alloc_offset-15_bin2_labels,2,57,57.0,4741.60888671875,4249.89599609375,8.642999649047852,simple
158,QD_mix_40_phase_prec-alloc_offset-15_bin2_inter,QD_mix_40_phase_prec-alloc_offset-15_bin2_labels,2,58,58.0,4563.58349609375,4071.870849609375,8.281000137329102,simple
159,QD_mix_40_phase_prec-alloc_offset-15_bin2_inter,QD_mix_40_phase_prec-alloc_offset-15_bin2_labels,2,59,59.0,4438.23486328125,3946.52197265625,8.026100158691406,simple
160,QD_mix_40_phase_prec-alloc_offset-15_bin2_inter,QD_mix_40_phase_prec-alloc_offset-15_bin2_labels,2,60,60.0,4174.5166015625,3682.8037109375,7.489699840545654,simple
161,QD_mix_40_phase_prec-alloc_offset-15_bin2_inter,QD_mix_40_phase_prec-alloc_offset-15_bin2_labels,2,61,61.0,3848.887939453125,3357.17529296875,6.827499866485596,simple
162,QD_mix_40_phase_prec-alloc_offset-15_bin2_inter,QD_mix_40_phase_prec-alloc_offset-15_bin2_labels,2,62,62.0,3520.966796875,3029.25390625,6.160600185394287,simple
163,QD_mix_40_phase_prec-alloc_offset-15_bin2_inter,QD_mix_40_phase_prec-alloc_offset-15_bin2_labels,2,63,63.0,3171.549072265625,2679.836181640625,5.449999809265137,simple
164,QD_mix_40_phase_prec-alloc_offset-15_bin2_inter,QD_mix_40_phase_prec-alloc_offset-15_bin2_labels,2,64,64.0,2749.3310546875,2257.6181640625,4.591300010681152,simple
165,QD_mix_40_phase_prec-alloc_offset-15_bin2_inter,QD_mix_40_phase_prec-alloc_offset-15_bin2_labels,2,65,65.0,2339.135986328125,1847.4229736328125,3.7571001052856445,simple
166,QD_mix_40_phase_prec-alloc_offset-15_bin2_inter,QD_mix_40_phase_prec-alloc_offset-15_bin2_labels,2,66,66.0,2008.064453125,1516.3515625,3.0838000774383545,simple
167,QD_mix_40_phase_prec-alloc_offset-15_bin2_inter,QD_mix_40_phase_prec-alloc_offset-15_bin2_labels,2,67,67.0,1659.1798095703125,1167.467041015625,2.374300003051758,simple
168,QD_mix_40_phase_prec-alloc_offset-15_bin2_inter,QD_mix_40_phase_prec-alloc_offset-15_bin2_labels,2,68,68.0,1361.795166015625,870.082275390625,1.7695000171661377,simple
169,QD_mix_40_phase_prec-alloc_offset-15_bin2_inter,QD_mix_40_phase_prec-alloc_offset-15_bin2_labels,2,69,69.0,1144.04248046875,652.32958984375,1.3265999555587769,simple
170,QD_mix_40_phase_prec-alloc_offset-15_bin2_inter,QD_mix_40_phase_prec-alloc_offset-15_bin2_labels,2,70,70.0,935.673828125,443.96099853515625,0.902899980545044,simple
171,QD_mix_40_phase_prec-alloc_offset-15_bin2_inter,QD_mix_40_phase_prec-alloc_offset-15_bin2_labels,2,71,71.0,781.76171875,290.04888916015625,0.589900016784668,simple
172,QD_mix_40_phase_prec-alloc_offset-15_bin2_inter,QD_mix_40_phase_prec-alloc_offset-15_bin2_labels,2,72,72.0,662.2962036132812,170.58340454101562,0.34689998626708984,simple
173,QD_mix_40_phase_prec-alloc_offset-15_bin2_inter,QD_mix_40_phase_prec-alloc_offset-15_bin2_labels,2,73,73.0,544.4212036132812,52.70840072631836,0.10719999670982361,simple
174,QD_mix_40_phase_prec-alloc_offset-15_bin2_inter,QD_mix_40_phase_prec-alloc_offset-15_bin2_labels,2,74,74.0,473.7309875488281,-17.981800079345703,-0.03660000115633011,simple
175,QD_mix_40_phase_prec-alloc_offset-15_bin2_inter,QD_mix_40_phase_prec-alloc_offset-15_bin2_labels,2,75,75.0,406.7810974121094,-84.93170166015625,-0.17270000278949738,simple
176,QD_mix_40_phase_prec-alloc_offset-15_bin2_inter,QD_mix_40_phase_prec-alloc_offset-15_bin2_labels,2,76,76.0,370.7742004394531,-120.9385986328125,-0.2460000067949295,simple
177,QD_mix_40_phase_prec-alloc_offset-15_bin2_inter,QD_mix_40_phase_prec-alloc_offset-15_bin2_labels,2,77,77.0,0.0,-491.7127990722656,-1.0,simple
178,QD_mix_40_phase_prec-alloc_offset-15_bin2_inter,QD_mix_40_phase_prec-alloc_offset-15_bin2_labels,2,78,78.0,0.0,-491.7127990722656,-1.0,simple
179,QD_mix_40_phase_prec-alloc_offset-15_bin2_inter,QD_mix_40_phase_prec-alloc_offset-15_bin2_labels,2,79,79.0,0.0,-491.7127990722656,-1.0,simple
180,QD_mix_40_phase_prec-alloc_offset-15_bin2_inter,QD_mix_40_phase_prec-alloc_offset-15_bin2_labels,2,80,80.0,0.0,-491.7127990722656,-1.0,simple
181,QD_mix_40_phase_prec-alloc_offset-15_bin2_inter,QD_mix_40_phase_prec-alloc_offset-15_bin2_labels,2,81,81.0,0.0,-491.7127990722656,-1.0,simple
182,QD_mix_40_phase_prec-alloc_offset-15_bin2_inter,QD_mix_40_phase_prec-alloc_offset-15_bin2_labels,2,82,82.0,0.0,-491.7127990722656,-1.0,simple
183,QD_mix_40_phase_prec-alloc_offset-15_bin2_inter,QD_mix_40_phase_prec-alloc_offset-15_bin2_labels,2,83,83.0,0.0,-491.7127990722656,-1.0,simple
184,QD_mix_40_phase_prec-alloc_offset-15_bin2_inter,QD_mix_40_phase_prec-alloc_offset-15_bin2_labels,2,84,84.0,0.0,-491.7127990722656,-1.0,simple
185,QD_mix_40_phase_prec-alloc_offset-15_bin2_inter,QD_mix_40_phase_prec-alloc_offset-15_bin2_labels,2,85,85.0,0.0,-491.7127990722656,-1.0,simple
186,QD_mix_40_phase_prec-alloc_offset-15_bin2_inter,QD_mix_40_phase_prec-alloc_offset-15_bin2_labels,2,86,86.0,0.0,-491.7127990722656,-1.0,simple
187,QD_mix_40_phase_prec-alloc_offset-15_bin2_inter,QD_mix_40_phase_prec-alloc_offset-15_bin2_labels,2,87,87.0,0.0,-491.7127990722656,-1.0,simple
188,QD_mix_40_phase_prec-alloc_offset-15_bin2_inter,QD_mix_40_phase_prec-alloc_offset-15_bin2_labels,2,88,88.0,0.0,-491.7127990722656,-1.0,simple
189,QD_mix_40_phase_prec-alloc_offset-15_bin2_inter,QD_mix_40_phase_prec-alloc_offset-15_bin2_labels,2,89,89.0,0.0,-491.7127990722656,-1.0,simple
190,QD_mix_40_phase_prec-alloc_offset-15_bin2_inter,QD_mix_40_phase_prec-alloc_offset-15_bin2_labels,2,90,90.0,0.0,-491.7127990722656,-1.0,simple
191,QD_mix_40_phase_prec-alloc_offset-15_bin2_inter,QD_mix_40_phase_prec-alloc_offset-15_bin2_labels,2,91,91.0,0.0,-491.7127990722656,-1.0,simple
192,QD_mix_40_phase_prec-alloc_offset-15_bin2_inter,QD_mix_40_phase_prec-alloc_offset-15_bin2_labels,2,92,92.0,0.0,-491.7127990722656,-1.0,simple
193,QD_mix_40_phase_prec-alloc_offset-15_bin2_inter,QD_mix_40_phase_prec-alloc_offset-15_bin2_labels,2,93,93.0,0.0,-491.7127990722656,-1.0,simple
194,QD_mix_40_phase_prec-alloc_offset-15_bin2_inter,QD_mix_40_phase_prec-alloc_offset-15_bin2_labels,2,94,94.0,0.0,-491.7127990722656,-1.0,simple
195,QD_mix_40_phase_prec-alloc_offset-15_bin2_inter,QD_mix_40_phase_prec-alloc_offset-15_bin2_labels,2,95,95.0,0.0,-491.7127990722656,-1.0,simple
196,QD_mix_40_phase_prec-alloc_offset-15_bin2_inter,QD_mix_40_phase_prec-alloc_offset-15_bin2_labels,2,96,96.0,0.0,-491.7127990722656,-1.0,simple
197,QD_mix_40_phase_prec-alloc_offset-15_bin2_inter,QD_mix_40_phase_prec-alloc_offset-15_bin2_labels,2,97,97.0,0.0,-491.7127990722656,-1.0,simple
198,QD_mix_40_phase_prec-alloc_offset-15_bin2_inter,QD_mix_40_phase_prec-alloc_offset-15_bin2_labels,2,98,98.0,0.0,-491.7127990722656,-1.0,simple
199,QD_mix_40_phase_prec-alloc_offset-15_bin2_inter,QD_mix_40_phase_prec-alloc_offset-15_bin2_labels,2,100,99.0,0.0,-491.7127990722656,-1.0,simple
200,QD_mix_40_phase_prec-alloc_offset-15_bin2_inter,QD_mix_40_phase_prec-alloc_offset-15_bin2_labels,3,0,0.0,454.21600341796875,0.0,0.0,simple
201,QD_mix_40_phase_prec-alloc_offset-15_bin2_inter,QD_mix_40_phase_prec-alloc_offset-15_bin2_labels,3,1,1.0,490.6239929199219,36.40800094604492,0.08020000159740448,simple
202,QD_mix_40_phase_prec-alloc_offset-15_bin2_inter,QD_mix_40_phase_prec-alloc_offset-15_bin2_labels,3,2,2.0,573.0617065429688,118.845703125,0.26170000433921814,simple
203,QD_mix_40_phase_prec-alloc_offset-15_bin2_inter,QD_mix_40_phase_prec-alloc_offset-15_bin2_labels,3,3,3.0,677.775390625,223.5594024658203,0.49219998717308044,simple
204,QD_mix_40_phase_prec-alloc_offset-15_bin2_inter,QD_mix_40_phase_prec-alloc_offset-15_bin2_labels,3,4,4.0,810.8157958984375,356.59979248046875,0.785099983215332,simple
205,QD_mix_40_phase_prec-alloc_offset-15_bin2_inter,QD_mix_40_phase_prec-alloc_offset-15_bin2_labels,3,5,5.0,1023.0797729492188,568.86376953125,1.2524000406265259,simple
206,QD_mix_40_phase_prec-alloc_offset-15_bin2_inter,QD_mix_40_phase_prec-alloc_offset-15_bin2_labels,3,6,6.0,1284.654296875,830.4381713867188,1.8282999992370605,simple
207,QD_mix_40_phase_prec-alloc_offset-15_bin2_inter,QD_mix_40_phase_prec-alloc_offset-15_bin2_labels,3,7,7.0,1715.506591796875,1261.29052734375,2.776900053024292,simple
208,QD_mix_40_phase_prec-alloc_offset-15_bin2_inter,QD_mix_40_phase_prec-alloc_offset-15_bin2_labels,3,8,8.0,2282.1318359375,1827.915771484375,4.0243000984191895,simple
209,QD_mix_40_phase_prec-alloc_offset-15_bin2_inter,QD_mix_40_phase_prec-alloc_offset-15_bin2_labels,3,9,9.0,2982.743896484375,2528.52783203125,5.566800117492676,simple
210,QD_mix_40_phase_prec-alloc_offset-15_bin2_inter,QD_mix_40_phase_prec-alloc_offset-15_bin2_labels,3,10,10.0,3902.41845703125,3448.202392578125,7.5914998054504395,simple
211,QD_mix_40_phase_prec-alloc_offset-15_bin2_inter,QD_mix_40_phase_prec-alloc_offset-15_bin2_labels,3,11,11.0,5059.736328125,4605.5205078125,10.13949966430664,simple
212,QD_mix_40_phase_prec-alloc_offset-15_bin2_inter,QD_mix_40_phase_prec-alloc_offset-15_bin2_labels,3,12,12.0,6542.58447265625,6088.36865234375,13.40410041809082,simple
213,QD_mix_40_phase_prec-alloc_offset-15_bin2_inter,QD_mix_40_phase_prec-alloc_offset-15_bin2_labels,3,13,13.0,8304.5908203125,7850.375,17.28339958190918,simple
214,QD_mix_40_phase_prec-alloc_offset-15_bin2_inter,QD_mix_40_phase_prec-alloc_offset-15_bin2_labels,3,14,14.0,10396.87890625,9942.6630859375,21.889699935913086,simple
215,QD_mix_40_phase_prec-alloc_offset-15_bin2_inter,QD_mix_40_phase_prec-alloc_offset-15_bin2_labels,3,15,15.0,12834.916015625,12380.7001953125,27.257299423217773,simple
216,QD_mix_40_phase_prec-alloc_offset-15_bin2_inter,QD_mix_40_phase_prec-alloc_offset-15_bin2_labels,3,16,16.0,15437.0830078125,14982.8671875,32.98619842529297,simple
217,QD_mix_40_phase_prec-alloc_offset-15_bin2_inter,QD_mix_40_phase_prec-alloc_offset-15_bin2_labels,3,17,17.0,18136.17578125,17681.958984375,38.92850112915039,simple
218,QD_mix_40_phase_prec-alloc_offset-15_bin2_inter,QD_mix_40_phase_prec-alloc_offset-15_bin2_labels,3,18,18.0,20922.087890625,20467.87109375,45.0620002746582,simple
219,QD_mix_40_phase_prec-alloc_offset-15_bin2_inter,QD_mix_40_phase_prec-alloc_offset-15_bin2_labels,3,19,19.0,23727.36328125,23273.146484375,51.23809814453125,simple
220,QD_mix_40_phase_prec-alloc_offset-15_bin2_inter,QD_mix_40_phase_prec-alloc_offset-15_bin2_labels,3,20,20.0,26082.27734375,25628.060546875,56.42259979248047,simple
221,QD_mix_40_phase_prec-alloc_offset-15_bin2_inter,QD_mix_40_phase_prec-alloc_offset-15_bin2_labels,3,21,21.0,27996.666015625,27542.447265625,60.637298583984375,simple
222,QD_mix_40_phase_prec-alloc_offset-15_bin2_inter,QD_mix_40_phase_prec-alloc_offset-15_bin2_labels,3,22,22.0,29233.076171875,28778.857421875,63.35940170288086,simple
223,QD_mix_40_phase_prec-alloc_offset-15_bin2_inter,QD_mix_40_phase_prec-alloc_offset-15_bin2_labels,3,23,23.0,29763.017578125,29308.80078125,64.5261001586914,simple
224,QD_mix_40_phase_prec-alloc_offset-15_bin2_inter,QD_mix_40_phase_prec-alloc_offset-15_bin2_labels,3,24,24.0,29478.470703125,29024.251953125,63.89970016479492,simple
225,QD_mix_40_phase_prec-alloc_offset-15_bin2_inter,QD_mix_40_phase_prec-alloc_offset-15_bin2_labels,3,25,25.0,28254.013671875,27799.794921875,61.20389938354492,simple
226,QD_mix_40_phase_prec-alloc_offset-15_bin2_inter,QD_mix_40_phase_prec-alloc_offset-15_bin2_labels,3,26,26.0,26546.58984375,26092.373046875,57.444801330566406,simple
227,QD_mix_40_phase_prec-alloc_offset-15_bin2_inter,QD_mix_40_phase_prec-alloc_offset-15_bin2_labels,3,27,27.0,24410.326171875,23956.109375,52.74169921875,simple
228,QD_mix_40_phase_prec-alloc_offset-15_bin2_inter,QD_mix_40_phase_prec-alloc_offset-15_bin2_labels,3,28,28.0,21993.65234375,21539.435546875,47.42110061645508,simple
229,QD_mix_40_phase_prec-alloc_offset-15_bin2_inter,QD_mix_40_phase_prec-alloc_offset-15_bin2_labels,3,29,29.0,19465.318359375,19011.1015625,41.854801177978516,simple
230,QD_mix_40_phase_prec-alloc_offset-15_bin2_inter,QD_mix_40_phase_prec-alloc_offset-15_bin2_labels,3,30,30.0,16955.41015625,16501.193359375,36.32899856567383,simple
231,QD_mix_40_phase_prec-alloc_offset-15_bin2_inter,QD_mix_40_phase_prec-alloc_offset-15_bin2_labels,3,31,31.0,14711.935546875,14257.7197265625,31.389699935913086,simple
232,QD_mix_40_phase_prec-alloc_offset-15_bin2_inter,QD_mix_40_phase_prec-alloc_offset-15_bin2_labels,3,32,32.0,12782.5234375,12328.3076171875,27.14189910888672,simple
233,QD_mix_40_phase_prec-alloc_offset-15_bin2_inter,QD_mix_40_phase_prec-alloc_offset-15_bin2_labels,3,33,33.0,11362.4892578125,10908.2734375,24.015600204467773,simple
234,QD_mix_40_phase_prec-alloc_offset-15_bin2_inter,QD_mix_40_phase_prec-alloc_offset-15_bin2_labels,3,34,34.0,10252.55078125,9798.3349609375,21.57200050354004,simple
235,QD_mix_40_phase_prec-alloc_offset-15_bin2_inter,QD_mix_40_phase_prec-alloc_offset-15_bin2_labels,3,35,35.0,9409.1962890625,8954.98046875,19.715200424194336,simple
236,QD_mix_40_phase_prec-alloc_offset-15_bin2_inter,QD_mix_40_phase_prec-alloc_offset-15_bin2_labels,3,36,36.0,8738.673828125,8284.4580078125,18.23900032043457,simple
237,QD_mix_40_phase_prec-alloc_offset-15_bin2_inter,QD_mix_40_phase_prec-alloc_offset-15_bin2_labels,3,37,37.0,8294.900390625,7840.6845703125,17.261999130249023,simple
238,QD_mix_40_phase_prec-alloc_offset-15_bin2_inter,QD_mix_40_phase_prec-alloc_offset-15_bin2_labels,3,38,38.0,7940.328125,7486.11181640625,16.481399536132812,simple
239,QD_mix_40_phase_prec-alloc_offset-15_bin2_inter,QD_mix_40_phase_prec-alloc_offset-15_bin2_labels,3,39,39.0,7559.43017578125,7105.21533203125,15.642800331115723,simple
240,QD_mix_40_phase_prec-alloc_offset-15_bin2_inter,QD_mix_40_phase_prec-alloc_offset-15_bin2_labels,3,40,40.0,7175.1845703125,6720.9697265625,14.796899795532227,simple
241,QD_mix_40_phase_prec-alloc_offset-15_bin2_inter,QD_mix_40_phase_prec-alloc_offset-15_bin2_labels,3,41,41.0,6919.60888671875,6465.39306640625,14.234199523925781,simple
242,QD_mix_40_phase_prec-alloc_offset-15_bin2_inter,QD_mix_40_phase_prec-alloc_offset-15_bin2_labels,3,42,42.0,6557.41650390625,6103.20068359375,13.436800003051758,simple
243,QD_mix_40_phase_prec-alloc_offset-15_bin2_inter,QD_mix_40_phase_prec-alloc_offset-15_bin2_labels,3,43,43.0,6153.5419921875,5699.326171875,12.547599792480469,simple
244,QD_mix_40_phase_prec-alloc_offset-15_bin2_inter,QD_mix_40_phase_prec-alloc_offset-15_bin2_labels,3,44,44.0,5788.8876953125,5334.671875,11.744799613952637,simple
245,QD_mix_40_phase_prec-alloc_offset-15_bin2_inter,QD_mix_40_phase_prec-alloc_offset-15_bin2_labels,3,45,45.0,5375.8427734375,4921.626953125,10.835399627685547,simple
246,QD_mix_40_phase_prec-alloc_offset-15_bin2_inter,QD_mix_40_phase_prec-alloc_offset-15_bin2_labels,3,46,46.0,5165.16015625,4710.9443359375,10.371600151062012,simple
247,QD_mix_40_phase_prec-alloc_offset-15_bin2_inter,QD_mix_40_phase_prec-alloc_offset-15_bin2_labels,3,47,47.0,4903.068359375,4448.8525390625,9.794599533081055,simple
248,QD_mix_40_phase_prec-alloc_offset-15_bin2_inter,QD_mix_40_phase_prec-alloc_offset-15_bin2_labels,3,48,48.0,4747.80224609375,4293.58642578125,9.452699661254883,simple
249,QD_mix_40_phase_prec-alloc_offset-15_bin2_inter,QD_mix_40_phase_prec-alloc_offset-15_bin2_labels,3,49,49.0,4648.9833984375,4194.767578125,9.235199928283691,simple
250,QD_mix_40_phase_prec-alloc_offset-15_bin2_inter,QD_mix_40_phase_prec-alloc_offset-15_bin2_labels,3,50,50.0,4685.00341796875,4230.78759765625,9.314499855041504,simple
251,QD_mix_40_phase_prec-alloc_offset-15_bin2_inter,QD_mix_40_phase_prec-alloc_offset-15_bin2_labels,3,51,51.0,4692.12109375,4237.9052734375,9.3302001953125,simple
252,QD_mix_40_phase_prec-alloc_offset-15_bin2_inter,QD_mix_40_phase_prec-alloc_offset-15_bin2_labels,3,52,52.0,4883.70703125,4429.4912109375,9.751899719238281,simple
253,QD_mix_40_phase_prec-alloc_offset-15_bin2_inter,QD_mix_40_phase_prec-alloc_offset-15_bin2_labels,3,53,53.0,5054.1259765625,4599.91015625,10.127099990844727,simple
254,QD_mix_40_phase_prec-alloc_offset-15_bin2_inter,QD_mix_40_phase_prec-alloc_offset-15_bin2_labels,3,54,54.0,5284.00927734375,4829.79345703125,10.633299827575684,simple
255,QD_mix_40_phase_prec-alloc_offset-15_bin2_inter,QD_mix_40_phase_prec-alloc_offset-15_bin2_labels,3,55,55.0,5554.14794921875,5099.93212890625,11.227999687194824,simple
256,QD_mix_40_phase_prec-alloc_offset-15_bin2_inter,QD_mix_40_phase_prec-alloc_offset-15_bin2_labels,3,56,56.0,5647.75244140625,5193.53662109375,11.434100151062012,simple
257,QD_mix_40_phase_prec-alloc_offset-15_bin2_inter,QD_mix_40_phase_prec-alloc_offset-15_bin2_labels,3,57,57.0,5736.21630859375,5282.00048828125,11.628800392150879,simple
258,QD_mix_40_phase_prec-alloc_offset-15_bin2_inter,QD_mix_40_phase_prec-alloc_offset-15_bin2_labels,3,58,58.0,5925.3994140625,5471.18359375,12.045299530029297,simple
259,QD_mix_40_phase_prec-alloc_offset-15_bin2_inter,QD_mix_40_phase_prec-alloc_offset-15_bin2_labels,3,59,59.0,5849.2890625,5395.0732421875,11.877799987792969,simple
260,QD_mix_40_phase_prec-alloc_offset-15_bin2_inter,QD_mix_40_phase_prec-alloc_offset-15_bin2_labels,3,60,60.0,5737.85986328125,5283.64404296875,11.632399559020996,simple
261,QD_mix_40_phase_prec-alloc_offset-15_bin2_inter,QD_mix_40_phase_prec-alloc_offset-15_bin2_labels,3,61,61.0,5550.44580078125,5096.22998046875,11.219799995422363,simple
262,QD_mix_40_phase_prec-alloc_offset-15_bin2_inter,QD_mix_40_phase_prec-alloc_offset-15_bin2_labels,3,62,62.0,5240.68701171875,4786.47119140625,10.5378999710083,simple
263,QD_mix_40_phase_prec-alloc_offset-15_bin2_inter,QD_mix_40_phase_prec-alloc_offset-15_bin2_labels,3,63,63.0,4961.1669921875,4506.951171875,9.922499656677246,simple
264,QD_mix_40_phase_prec-alloc_offset-15_bin2_inter,QD_mix_40_phase_prec-alloc_offset-15_bin2_labels,3,64,64.0,4524.259765625,4070.043701171875,8.960599899291992,simple
265,QD_mix_40_phase_prec-alloc_offset-15_bin2_inter,QD_mix_40_phase_prec-alloc_offset-15_bin2_labels,3,65,65.0,4165.7392578125,3711.523193359375,8.171299934387207,simple
266,QD_mix_40_phase_prec-alloc_offset-15_bin2_inter,QD_mix_40_phase_prec-alloc_offset-15_bin2_labels,3,66,66.0,3689.516845703125,3235.30078125,7.122799873352051,simple
267,QD_mix_40_phase_prec-alloc_offset-15_bin2_inter,QD_mix_40_phase_prec-alloc_offset-15_bin2_labels,3,67,67.0,3191.548583984375,2737.33251953125,6.026500225067139,simple
268,QD_mix_40_phase_prec-alloc_offset-15_bin2_inter,QD_mix_40_phase_prec-alloc_offset-15_bin2_labels,3,68,68.0,2728.7900390625,2274.573974609375,5.007699966430664,simple
269,QD_mix_40_phase_prec-alloc_offset-15_bin2_inter,QD_mix_40_phase_prec-alloc_offset-15_bin2_labels,3,69,69.0,2313.995849609375,1859.77978515625,4.0945000648498535,simple
270,QD_mix_40_phase_prec-alloc_offset-15_bin2_inter,QD_mix_40_phase_prec-alloc_offset-15_bin2_labels,3,70,70.0,1957.8931884765625,1503.6771240234375,3.310499906539917,simple
271,QD_mix_40_phase_prec-alloc_offset-15_bin2_inter,QD_mix_40_phase_prec-alloc_offset-15_bin2_labels,3,71,71.0,1620.860107421875,1166.64404296875,2.56850004196167,simple
272,QD_mix_40_phase_prec-alloc_offset-15_bin2_inter,QD_mix_40_phase_prec-alloc_offset-15_bin2_labels,3,72,72.0,1304.221435546875,850.00537109375,1.871399998664856,simple
273,QD_mix_40_phase_prec-alloc_offset-15_bin2_inter,QD_mix_40_phase_prec-alloc_offset-15_bin2_labels,3,73,73.0,1082.0108642578125,627.7947998046875,1.382200002670288,simple
274,QD_mix_40_phase_prec-alloc_offset-15_bin2_inter,QD_mix_40_phase_prec-alloc_offset-15_bin2_labels,3,74,74.0,900.1771850585938,445.9612121582031,0.9818000197410583,simple
275,QD_mix_40_phase_prec-alloc_offset-15_bin2_inter,QD_mix_40_phase_prec-alloc_offset-15_bin2_labels,3,75,75.0,726.5416259765625,272.3255920410156,0.5996000170707703,simple
276,QD_mix_40_phase_prec-alloc_offset-15_bin2_inter,QD_mix_40_phase_prec-alloc_offset-15_bin2_labels,3,76,76.0,666.531005859375,212.3148956298828,0.4674000144004822,simple
277,QD_mix_40_phase_prec-alloc_offset-15_bin2_inter,QD_mix_40_phase_prec-alloc_offset-15_bin2_labels,3,77,77.0,0.0,-454.21600341796875,-1.0,simple
278,QD_mix_40_phase_prec-alloc_offset-15_bin2_inter,QD_mix_40_phase_prec-alloc_offset-15_bin2_labels,3,78,78.0,0.0,-454.21600341796875,-1.0,simple
279,QD_mix_40_phase_prec-alloc_offset-15_bin2_inter,QD_mix_40_phase_prec-alloc_offset-15_bin2_labels,3,79,79.0,0.0,-454.21600341796875,-1.0,simple
280,QD_mix_40_phase_prec-alloc_offset-15_bin2_inter,QD_mix_40_phase_prec-alloc_offset-15_bin2_labels,3,80,80.0,0.0,-454.21600341796875,-1.0,simple
281,QD_mix_40_phase_prec-alloc_offset-15_bin2_inter,QD_mix_40_phase_prec-alloc_offset-15_bin2_labels,3,81,81.0,0.0,-454.21600341796875,-1.0,simple
282,QD_mix_40_phase_prec-alloc_offset-15_bin2_inter,QD_mix_40_phase_prec-alloc_offset-15_bin2_labels,3,82,82.0,0.0,-454.21600341796875,-1.0,simple
283,QD_mix_40_phase_prec-alloc_offset-15_bin2_inter,QD_mix_40_phase_prec-alloc_offset-15_bin2_labels,3,83,83.0,0.0,-454.21600341796875,-1.0,simple
284,QD_mix_40_phase_prec-alloc_offset-15_bin2_inter,QD_mix_40_phase_prec-alloc_offset-15_bin2_labels,3,84,84.0,0.0,-454.21600341796875,-1.0,simple
285,QD_mix_40_phase_prec-alloc_offset-15_bin2_inter,QD_mix_40_phase_prec-alloc_offset-15_bin2_labels,3,85,85.0,0.0,-454.21600341796875,-1.0,simple
286,QD_mix_40_phase_prec-alloc_offset-15_bin2_inter,QD_mix_40_phase_prec-alloc_offset-15_bin2_labels,3,86,86.0,0.0,-454.21600341796875,-1.0,simple
287,QD_mix_40_phase_prec-alloc_offset-15_bin2_inter,QD_mix_40_phase_prec-alloc_offset-15_bin2_labels,3,87,87.0,0.0,-454.21600341796875,-1.0,simple
288,QD_mix_40_phase_prec-alloc_offset-15_bin2_inter,QD_mix_40_phase_prec-alloc_offset-15_bin2_labels,3,88,88.0,0.0,-454.21600341796875,-1.0,simple
289,QD_mix_40_phase_prec-alloc_offset-15_bin2_inter,QD_mix_40_phase_prec-alloc_offset-15_bin2_labels,3,89,89.0,0.0,-454.21600341796875,-1.0,simple
290,QD_mix_40_phase_prec-alloc_offset-15_bin2_inter,QD_mix_40_phase_prec-alloc_offset-15_bin2_labels,3,90,90.0,0.0,-454.21600341796875,-1.0,simple
291,QD_mix_40_phase_prec-alloc_offset-15_bin2_inter,QD_mix_40_phase_prec-alloc_offset-15_bin2_labels,3,91,91.0,0.0,-454.21600341796875,-1.0,simple
292,QD_mix_40_phase_prec-alloc_offset-15_bin2_inter,QD_mix_40_phase_prec-alloc_offset-15_bin2_labels,3,92,92.0,0.0,-454.21600341796875,-1.0,simple
293,QD_mix_40_phase_prec-alloc_offset-15_bin2_inter,QD_mix_40_phase_prec-alloc_offset-15_bin2_labels,3,93,93.0,0.0,-454.21600341796875,-1.0,simple
294,QD_mix_40_phase_prec-alloc_offset-15_bin2_inter,QD_mix_40_phase_prec-alloc_offset-15_bin2_labels,3,94,94.0,0.0,-454.21600341796875,-1.0,simple
295,QD_mix_40_phase_prec-alloc_offset-15_bin2_inter,QD_mix_40_phase_prec-alloc_offset-15_bin2_labels,3,95,95.0,0.0,-454.21600341796875,-1.0,simple
296,QD_mix_40_phase_prec-alloc_offset-15_bin2_inter,QD_mix_40_phase_prec-alloc_offset-15_bin2_labels,3,96,96.0,0.0,-454.21600341796875,-1.0,simple
297,QD_mix_40_phase_prec-alloc_offset-15_bin2_inter,QD_mix_40_phase_prec-alloc_offset-15_bin2_labels,3,97,97.0,0.0,-454.21600341796875,-1.0,simple
298,QD_mix_40_phase_prec-alloc_offset-15_bin2_inter,QD_mix_40_phase_prec-alloc_offset-15_bin2_labels,3,98,98.0,0.0,-454.21600341796875,-1.0,simple
299,QD_mix_40_phase_prec-alloc_offset-15_bin2_inter,QD_mix_40_phase_prec-alloc_offset-15_bin2_labels,3,100,99.0,0.0,-454.21600341796875,-1.0,simple
300,QD_mix_40_phase_prec-alloc_offset-15_bin2_inter,QD_mix_40_phase_prec-alloc_offset-15_bin2_labels,4,0,0.0,285.1947021484375,0.0,0.0,simple
301,QD_mix_40_phase_prec-alloc_offset-15_bin2_inter,QD_mix_40_phase_prec-alloc_offset-15_bin2_labels,4,1,1.0,299.3363037109375,14.141599655151367,0.04960000142455101,simple
302,QD_mix_40_phase_prec-alloc_offset-15_bin2_inter,QD_mix_40_phase_prec-alloc_offset-15_bin2_labels,4,2,2.0,340.8201904296875,55.6255989074707,0.19499999284744263,simple
303,QD_mix_40_phase_prec-alloc_offset-15_bin2_inter,QD_mix_40_phase_prec-alloc_offset-15_bin2_labels,4,3,3.0,385.36700439453125,100.17230224609375,0.35120001435279846,simple
304,QD_mix_40_phase_prec-alloc_offset-15_bin2_inter,QD_mix_40_phase_prec-alloc_offset-15_bin2_labels,4,4,4.0,451.5392150878906,166.34449768066406,0.583299994468689,simple
305,QD_mix_40_phase_prec-alloc_offset-15_bin2_inter,QD_mix_40_phase_prec-alloc_offset-15_bin2_labels,4,5,5.0,524.8754272460938,239.68069458007812,0.840399980545044,simple
306,QD_mix_40_phase_prec-alloc_offset-15_bin2_inter,QD_mix_40_phase_prec-alloc_offset-15_bin2_labels,4,6,6.0,643.0368041992188,357.8421936035156,1.254699945449829,simple
307,QD_mix_40_phase_prec-alloc_offset-15_bin2_inter,QD_mix_40_phase_prec-alloc_offset-15_bin2_labels,4,7,7.0,812.6669921875,527.4722900390625,1.8494999408721924,simple
308,QD_mix_40_phase_prec-alloc_offset-15_bin2_inter,QD_mix_40_phase_prec-alloc_offset-15_bin2_labels,4,8,8.0,1064.078369140625,778.8836059570312,2.731100082397461,simple
309,QD_mix_40_phase_prec-alloc_offset-15_bin2_inter,QD_mix_40_phase_prec-alloc_offset-15_bin2_labels,4,9,9.0,1347.508056640625,1062.3133544921875,3.724900007247925,simple
310,QD_mix_40_phase_prec-alloc_offset-15_bin2_inter,QD_mix_40_phase_prec-alloc_offset-15_bin2_labels,4,10,10.0,1827.1673583984375,1541.97265625,5.406700134277344,simple
311,QD_mix_40_phase_prec-alloc_offset-15_bin2_inter,QD_mix_40_phase_prec-alloc_offset-15_bin2_labels,4,11,11.0,2375.842041015625,2090.6474609375,7.330599784851074,simple
312,QD_mix_40_phase_prec-alloc_offset-15_bin2_inter,QD_mix_40_phase_prec-alloc_offset-15_bin2_labels,4,12,12.0,3044.60400390625,2759.4091796875,9.67549991607666,simple
313,QD_mix_40_phase_prec-alloc_offset-15_bin2_inter,QD_mix_40_phase_prec-alloc_offset-15_bin2_labels,4,13,13.0,3923.650390625,3638.45556640625,12.757800102233887,simple
314,QD_mix_40_phase_prec-alloc_offset-15_bin2_inter,QD_mix_40_phase_prec-alloc_offset-15_bin2_labels,4,14,14.0,4925.80810546875,4640.61328125,16.271699905395508,simple
315,QD_mix_40_phase_prec-alloc_offset-15_bin2_inter,QD_mix_40_phase_prec-alloc_offset-15_bin2_labels,4,15,15.0,6022.91064453125,5737.7158203125,20.118600845336914,simple
316,QD_mix_40_phase_prec-alloc_offset-15_bin2_inter,QD_mix_40_phase_prec-alloc_offset-15_bin2_labels,4,16,16.0,7405.8359375,7120.640625,24.967599868774414,simple
317,QD_mix_40_phase_prec-alloc_offset-15_bin2_inter,QD_mix_40_phase_prec-alloc_offset-15_bin2_labels,4,17,17.0,8827.392578125,8542.1982421875,29.952199935913086,simple
318,QD_mix_40_phase_prec-alloc_offset-15_bin2_inter,QD_mix_40_phase_prec-alloc_offset-15_bin2_labels,4,18,18.0,10297.1826171875,10011.98828125,35.10580062866211,simple
319,QD_mix_40_phase_prec-alloc_offset-15_bin2_inter,QD_mix_40_phase_prec-alloc_offset-15_bin2_labels,4,19,19.0,11773.708984375,11488.5146484375,40.28310012817383,simple
320,QD_mix_40_phase_prec-alloc_offset-15_bin2_inter,QD_mix_40_phase_prec-alloc_offset-15_bin2_labels,4,20,20.0,13233.5087890625,12948.314453125,45.40169906616211,simple
321,QD_mix_40_phase_prec-alloc_offset-15_bin2_inter,QD_mix_40_phase_prec-alloc_offset-15_bin2_labels,4,21,21.0,14603.5009765625,14318.3076171875,50.20539855957031,simple
322,QD_mix_40_phase_prec-alloc_offset-15_bin2_inter,QD_mix_40_phase_prec-alloc_offset-15_bin2_labels,4,22,22.0,15561.9716796875,15276.7763671875,53.56610107421875,simple
323,QD_mix_40_phase_prec-alloc_offset-15_bin2_inter,QD_mix_40_phase_prec-alloc_offset-15_bin2_labels,4,23,23.0,16253.001953125,15967.806640625,55.98910140991211,simple
324,QD_mix_40_phase_prec-alloc_offset-15_bin2_inter,QD_mix_40_phase_prec-alloc_offset-15_bin2_labels,4,24,24.0,16698.681640625,16413.486328125,57.55189895629883,simple
325,QD_mix_40_phase_prec-alloc_offset-15_bin2_inter,QD_mix_40_phase_prec-alloc_offset-15_bin2_labels,4,25,25.0,16480.416015625,16195.22265625,56.7864990234375,simple
326,QD_mix_40_phase_prec-alloc_offset-15_bin2_inter,QD_mix_40_phase_prec-alloc_offset-15_bin2_labels,4,26,26.0,15979.830078125,15694.634765625,55.03129959106445,simple
327,QD_mix_40_phase_prec-alloc_offset-15_bin2_inter,QD_mix_40_phase_prec-alloc_offset-15_bin2_labels,4,27,27.0,15108.18359375,14822.990234375,51.974998474121094,simple
328,QD_mix_40_phase_prec-alloc_offset-15_bin2_inter,QD_mix_40_phase_prec-alloc_offset-15_bin2_labels,4,28,28.0,14102.0546875,13816.8603515625,48.44710159301758,simple
329,QD_mix_40_phase_prec-alloc_offset-15_bin2_inter,QD_mix_40_phase_prec-alloc_offset-15_bin2_labels,4,29,29.0,12968.6083984375,12683.4140625,44.472801208496094,simple
330,QD_mix_40_phase_prec-alloc_offset-15_bin2_inter,QD_mix_40_phase_prec-alloc_offset-15_bin2_labels,4,30,30.0,11807.7216796875,11522.52734375,40.40230178833008,simple
331,QD_mix_40_phase_prec-alloc_offset-15_bin2_inter,QD_mix_40_phase_prec-alloc_offset-15_bin2_labels,4,31,31.0,10661.75390625,10376.5595703125,36.38410186767578,simple
332,QD_mix_40_phase_prec-alloc_offset-15_bin2_inter,QD_mix_40_phase_prec-alloc_offset-15_bin2_labels,4,32,32.0,9647.791015625,9362.5966796875,32.828800201416016,simple
333,QD_mix_40_phase_prec-alloc_offset-15_bin2_inter,QD_mix_40_phase_prec-alloc_offset-15_bin2_labels,4,33,33.0,8781.7607421875,8496.56640625,29.792200088500977,simple
334,QD_mix_40_phase_prec-alloc_offset-15_bin2_inter,QD_mix_40_phase_prec-alloc_offset-15_bin2_labels,4,34,34.0,8115.0361328125,7829.8408203125,27.45439910888672,simple
335,QD_mix_40_phase_prec-alloc_offset-15_bin2_inter,QD_mix_40_phase_prec-alloc_offset-15_bin2_labels,4,35,35.0,7648.8369140625,7363.642578125,25.819700241088867,simple
336,QD_mix_40_phase_prec-alloc_offset-15_bin2_inter,QD_mix_40_phase_prec-alloc_offset-15_bin2_labels,4,36,36.0,7344.9736328125,7059.779296875,24.754199981689453,simple
337,QD_mix_40_phase_prec-alloc_offset-15_bin2_inter,QD_mix_40_phase_prec-alloc_offset-15_bin2_labels,4,37,37.0,7147.69140625,6862.49609375,24.0625,simple
338,QD_mix_40_phase_prec-alloc_offset-15_bin2_inter,QD_mix_40_phase_prec-alloc_offset-15_bin2_labels,4,38,38.0,6962.8759765625,6677.68115234375,23.414499282836914,simple
339,QD_mix_40_phase_prec-alloc_offset-15_bin2_inter,QD_mix_40_phase_prec-alloc_offset-15_bin2_labels,4,39,39.0,6764.63916015625,6479.4443359375,22.71940040588379,simple
340,QD_mix_40_phase_prec-alloc_offset-15_bin2_inter,QD_mix_40_phase_prec-alloc_offset-15_bin2_labels,4,40,40.0,6555.26123046875,6270.06640625,21.985200881958008,simple
341,QD_mix_40_phase_prec-alloc_offset-15_bin2_inter,QD_mix_40_phase_prec-alloc_offset-15_bin2_labels,4,41,41.0,6364.3076171875,6079.11279296875,21.31570053100586,simple
342,QD_mix_40_phase_prec-alloc_offset-15_bin2_inter,QD_mix_40_phase_prec-alloc_offset-15_bin2_labels,4,42,42.0,6137.2490234375,5852.05419921875,20.519500732421875,simple
343,QD_mix_40_phase_prec-alloc_offset-15_bin2_inter,QD_mix_40_phase_prec-alloc_offset-15_bin2_labels,4,43,43.0,5727.57470703125,5442.3798828125,19.08300018310547,simple
344,QD_mix_40_phase_prec-alloc_offset-15_bin2_inter,QD_mix_40_phase_prec-alloc_offset-15_bin2_labels,4,44,44.0,5481.44970703125,5196.2548828125,18.219999313354492,simple
345,QD_mix_40_phase_prec-alloc_offset-15_bin2_inter,QD_mix_40_phase_prec-alloc_offset-15_bin2_labels,4,45,45.0,5129.74609375,4844.55126953125,16.986799240112305,simple
346,QD_mix_40_phase_prec-alloc_offset-15_bin2_inter,QD_mix_40_phase_prec-alloc_offset-15_bin2_labels,4,46,46.0,4820.119140625,4534.92431640625,15.901200294494629,simple
347,QD_mix_40_phase_prec-alloc_offset-15_bin2_inter,QD_mix_40_phase_prec-alloc_offset-15_bin2_labels,4,47,47.0,4530.70703125,4245.51220703125,14.88640022277832,simple
348,QD_mix_40_phase_prec-alloc_offset-15_bin2_inter,QD_mix_40_phase_prec-alloc_offset-15_bin2_labels,4,48,48.0,4333.19189453125,4047.997314453125,14.19379997253418,simple
349,QD_mix_40_phase_prec-alloc_offset-15_bin2_inter,QD_mix_40_phase_prec-alloc_offset-15_bin2_labels,4,49,49.0,4174.99853515625,3889.8037109375,13.639100074768066,simple
350,QD_mix_40_phase_prec-alloc_offset-15_bin2_inter,QD_mix_40_phase_prec-alloc_offset-15_bin2_labels,4,50,50.0,4016.151123046875,3730.956298828125,13.082099914550781,simple
351,QD_mix_40_phase_prec-alloc_offset-15_bin2_inter,QD_mix_40_phase_prec-alloc_offset-15_bin2_labels,4,51,51.0,4054.89404296875,3769.69921875,13.218000411987305,simple
352,QD_mix_40_phase_prec-alloc_offset-15_bin2_inter,QD_mix_40_phase_prec-alloc_offset-15_bin2_labels,4,52,52.0,4080.290771484375,3795.095947265625,13.307000160217285,simple
353,QD_mix_40_phase_prec-alloc_offset-15_bin2_inter,QD_mix_40_phase_prec-alloc_offset-15_bin2_labels,4,53,53.0,4147.5859375,3862.39111328125,13.543000221252441,simple
354,QD_mix_40_phase_prec-alloc_offset-15_bin2_inter,QD_mix_40_phase_prec-alloc_offset-15_bin2_labels,4,54,54.0,4344.22021484375,4059.025146484375,14.232500076293945,simple
355,QD_mix_40_phase_prec-alloc_offset-15_bin2_inter,QD_mix_40_phase_prec-alloc_offset-15_bin2_labels,4,55,55.0,4499.68994140625,4214.4951171875,14.777600288391113,simple
356,QD_mix_40_phase_prec-alloc_offset-15_bin2_inter,QD_mix_40_phase_prec-alloc_offset-15_bin2_labels,4,56,56.0,4728.50244140625,4443.3076171875,15.579899787902832,simple
357,QD_mix_40_phase_prec-alloc_offset-15_bin2_inter,QD_mix_40_phase_prec-alloc_offset-15_bin2_labels,4,57,57.0,4849.03662109375,4563.841796875,16.002500534057617,simple
358,QD_mix_40_phase_prec-alloc_offset-15_bin2_inter,QD_mix_40_phase_prec-alloc_offset-15_bin2_labels,4,58,58.0,4939.06787109375,4653.873046875,16.318199157714844,simple
359,QD_mix_40_phase_prec-alloc_offset-15_bin2_inter,QD_mix_40_phase_prec-alloc_offset-15_bin2_labels,4,59,59.0,5045.3828125,4760.18798828125,16.69099998474121,simple
360,QD_mix_40_phase_prec-alloc_offset-15_bin2_inter,QD_mix_40_phase_prec-alloc_offset-15_bin2_labels,4,60,60.0,5031.626953125,4746.43212890625,16.642799377441406,simple
361,QD_mix_40_phase_prec-alloc_offset-15_bin2_inter,QD_mix_40_phase_prec-alloc_offset-15_bin2_labels,4,61,61.0,4951.4267578125,4666.23193359375,16.361600875854492,simple
362,QD_mix_40_phase_prec-alloc_offset-15_bin2_inter,QD_mix_40_phase_prec-alloc_offset-15_bin2_labels,4,62,62.0,4731.283203125,4446.08837890625,15.589699745178223,simple
363,QD_mix_40_phase_prec-alloc_offset-15_bin2_inter,QD_mix_40_phase_prec-alloc_offset-15_bin2_labels,4,63,63.0,4611.2236328125,4326.02880859375,15.168700218200684,simple
364,QD_mix_40_phase_prec-alloc_offset-15_bin2_inter,QD_mix_40_phase_prec-alloc_offset-15_bin2_labels,4,64,64.0,4308.85791015625,4023.6630859375,14.108499526977539,simple
365,QD_mix_40_phase_prec-alloc_offset-15_bin2_inter,QD_mix_40_phase_prec-alloc_offset-15_bin2_labels,4,65,65.0,3950.3466796875,3665.152099609375,12.851400375366211,simple
366,QD_mix_40_phase_prec-alloc_offset-15_bin2_inter,QD_mix_40_phase_prec-alloc_offset-15_bin2_labels,4,66,66.0,3628.25634765625,3343.0615234375,11.722000122070312,simple
367,QD_mix_40_phase_prec-alloc_offset-15_bin2_inter,QD_mix_40_phase_prec-alloc_offset-15_bin2_labels,4,67,67.0,3221.91455078125,2936.7197265625,10.297200202941895,simple
368,QD_mix_40_phase_prec-alloc_offset-15_bin2_inter,QD_mix_40_phase_prec-alloc_offset-15_bin2_labels,4,68,68.0,2830.919921875,2545.72509765625,8.926300048828125,simple
369,QD_mix_40_phase_prec-alloc_offset-15_bin2_inter,QD_mix_40_phase_prec-alloc_offset-15_bin2_labels,4,69,69.0,2389.289306640625,2104.0947265625,7.377699851989746,simple
370,QD_mix_40_phase_prec-alloc_offset-15_bin2_inter,QD_mix_40_phase_prec-alloc_offset-15_bin2_labels,4,70,70.0,2087.505859375,1802.3111572265625,6.3196001052856445,simple
371,QD_mix_40_phase_prec-alloc_offset-15_bin2_inter,QD_mix_40_phase_prec-alloc_offset-15_bin2_labels,4,71,71.0,1685.142822265625,1399.9481201171875,4.908699989318848,simple
372,QD_mix_40_phase_prec-alloc_offset-15_bin2_inter,QD_mix_40_phase_prec-alloc_offset-15_bin2_labels,4,72,72.0,1425.96142578125,1140.7667236328125,4.0,simple
373,QD_mix_40_phase_prec-alloc_offset-15_bin2_inter,QD_mix_40_phase_prec-alloc_offset-15_bin2_labels,4,73,73.0,1204.95947265625,919.7647705078125,3.2249999046325684,simple
374,QD_mix_40_phase_prec-alloc_offset-15_bin2_inter,QD_mix_40_phase_prec-alloc_offset-15_bin2_labels,4,74,74.0,1017.3552856445312,732.1605834960938,2.567199945449829,simple
375,QD_mix_40_phase_prec-alloc_offset-15_bin2_inter,QD_mix_40_phase_prec-alloc_offset-15_bin2_labels,4,75,75.0,839.403076171875,554.2083740234375,1.9433000087738037,simple
376,QD_mix_40_phase_prec-alloc_offset-15_bin2_inter,QD_mix_40_phase_prec-alloc_offset-15_bin2_labels,4,76,76.0,704.5484008789062,419.3537902832031,1.4703999757766724,simple
377,QD_mix_40_phase_prec-alloc_offset-15_bin2_inter,QD_mix_40_phase_prec-alloc_offset-15_bin2_labels,4,77,77.0,0.0,-285.1947021484375,-1.0,simple
378,QD_mix_40_phase_prec-alloc_offset-15_bin2_inter,QD_mix_40_phase_prec-alloc_offset-15_bin2_labels,4,78,78.0,0.0,-285.1947021484375,-1.0,simple
379,QD_mix_40_phase_prec-alloc_offset-15_bin2_inter,QD_mix_40_phase_prec-alloc_offset-15_bin2_labels,4,79,79.0,0.0,-285.1947021484375,-1.0,simple
380,QD_mix_40_phase_prec-alloc_offset-15_bin2_inter,QD_mix_40_phase_prec-alloc_offset-15_bin2_labels,4,80,80.0,0.0,-285.1947021484375,-1.0,simple
381,QD_mix_40_phase_prec-alloc_offset-15_bin2_inter,QD_mix_40_phase_prec-alloc_offset-15_bin2_labels,4,81,81.0,0.0,-285.1947021484375,-1.0,simple
382,QD_mix_40_phase_prec-alloc_offset-15_bin2_inter,QD_mix_40_phase_prec-alloc_offset-15_bin2_labels,4,82,82.0,0.0,-285.1947021484375,-1.0,simple
383,QD_mix_40_phase_prec-alloc_offset-15_bin2_inter,QD_mix_40_phase_prec-alloc_offset-15_bin2_labels,4,83,83.0,0.0,-285.1947021484375,-1.0,simple
384,QD_mix_40_phase_prec-alloc_offset-15_bin2_inter,QD_mix_40_phase_prec-alloc_offset-15_bin2_labels,4,84,84.0,0.0,-285.1947021484375,-1.0,simple
385,QD_mix_40_phase_prec-alloc_offset-15_bin2_inter,QD_mix_40_phase_prec-alloc_offset-15_bin2_labels,4,85,85.0,0.0,-285.1947021484375,-1.0,simple
386,QD_mix_40_phase_prec-alloc_offset-15_bin2_inter,QD_mix_40_phase_prec-alloc_offset-15_bin2_labels,4,86,86.0,0.0,-285.1947021484375,-1.0,simple
387,QD_mix_40_phase_prec-alloc_offset-15_bin2_inter,QD_mix_40_phase_prec-alloc_offset-15_bin2_labels,4,87,87.0,0.0,-285.1947021484375,-1.0,simple
388,QD_mix_40_phase_prec-alloc_offset-15_bin2_inter,QD_mix_40_phase_prec-alloc_offset-15_bin2_labels,4,88,88.0,0.0,-285.1947021484375,-1.0,simple
389,QD_mix_40_phase_prec-alloc_offset-15_bin2_inter,QD_mix_40_phase_prec-alloc_offset-15_bin2_labels,4,89,89.0,0.0,-285.1947021484375,-1.0,simple
390,QD_mix_40_phase_prec-alloc_offset-15_bin2_inter,QD_mix_40_phase_prec-alloc_offset-15_bin2_labels,4,90,90.0,0.0,-285.1947021484375,-1.0,simple
391,QD_mix_40_phase_prec-alloc_offset-15_bin2_inter,QD_mix_40_phase_prec-alloc_offset-15_bin2_labels,4,91,91.0,0.0,-285.1947021484375,-1.0,simple
392,QD_mix_40_phase_prec-alloc_offset-15_bin2_inter,QD_mix_40_phase_prec-alloc_offset-15_bin2_labels,4,92,92.0,0.0,-285.1947021484375,-1.0,simple
393,QD_mix_40_phase_prec-alloc_offset-15_bin2_inter,QD_mix_40_phase_prec-alloc_offset-15_bin2_labels,4,93,93.0,0.0,-285.1947021484375,-1.0,simple
394,QD_mix_40_phase_prec-alloc_offset-15_bin2_inter,QD_mix_40_phase_prec-alloc_offset-15_bin2_labels,4,94,94.0,0.0,-285.1947021484375,-1.0,simple
395,QD_mix_40_phase_prec-alloc_offset-15_bin2_inter,QD_mix_40_phase_prec-alloc_offset-15_bin2_labels,4,95,95.0,0.0,-285.1947021484375,-1.0,simple
396,QD_mix_40_phase_prec-alloc_offset-15_bin2_inter,QD_mix_40_phase_prec-alloc_offset-15_bin2_labels,4,96,96.0,0.0,-285.1947021484375,-1.0,simple
397,QD_mix_40_phase_prec-alloc_offset-15_bin2_inter,QD_mix_40_phase_prec-alloc_offset-15_bin2_labels,4,97,97.0,0.0,-285.1947021484375,-1.0,simple
398,QD_mix_40_phase_prec-alloc_offset-15_bin2_inter,QD_mix_40_phase_prec-alloc_offset-15_bin2_labels,4,98,98.0,0.0,-285.1947021484375,-1.0,simple
399,QD_mix_40_phase_prec-alloc_offset-15_bin2_inter,QD_mix_40_phase_prec-alloc_offset-15_bin2_labels,4,100,99.0,0.0,-285.1947021484375,-1.0,simple
400,QD_mix_40_phase_prec-alloc_offset-15_bin2_inter,QD_mix_40_phase_prec-alloc_offset-15_bin2_labels,5,0,0.0,308.3357849121094,0.0,0.0,simple
401,QD_mix_40_phase_prec-alloc_offset-15_bin2_inter,QD_mix_40_phase_prec-alloc_offset-15_bin2_labels,5,1,1.0,364.2796936035156,55.94380187988281,0.18140000104904175,simple
402,QD_mix_40_phase_prec-alloc_offset-15_bin2_inter,QD_mix_40_phase_prec-alloc_offset-15_bin2_labels,5,2,2.0,424.5544128417969,116.21849822998047,0.37689998745918274,simple
403,QD_mix_40_phase_prec-alloc_offset-15_bin2_inter,QD_mix_40_phase_prec-alloc_offset-15_bin2_labels,5,3,3.0,516.2808837890625,207.94500732421875,0.6743999719619751,simple
404,QD_mix_40_phase_prec-alloc_offset-15_bin2_inter,QD_mix_40_phase_prec-alloc_offset-15_bin2_labels,5,4,4.0,637.97900390625,329.6431884765625,1.069100022315979,simple
405,QD_mix_40_phase_prec-alloc_offset-15_bin2_inter,QD_mix_40_phase_prec-alloc_offset-15_bin2_labels,5,5,5.0,812.5628051757812,504.22698974609375,1.6353000402450562,simple
406,QD_mix_40_phase_prec-alloc_offset-15_bin2_inter,QD_mix_40_phase_prec-alloc_offset-15_bin2_labels,5,6,6.0,1032.0087890625,723.6729736328125,2.3469998836517334,simple
407,QD_mix_40_phase_prec-alloc_offset-15_bin2_inter,QD_mix_40_phase_prec-alloc_offset-15_bin2_labels,5,7,7.0,1267.212646484375,958.8767700195312,3.109800100326538,simple
408,QD_mix_40_phase_prec-alloc_offset-15_bin2_inter,QD_mix_40_phase_prec-alloc_offset-15_bin2_labels,5,8,8.0,1591.7125244140625,1283.376708984375,4.162300109863281,simple
409,QD_mix_40_phase_prec-alloc_offset-15_bin2_inter,QD_mix_40_phase_prec-alloc_offset-15_bin2_labels,5,9,9.0,1991.0701904296875,1682.734375,5.457499980926514,simple
410,QD_mix_40_phase_prec-alloc_offset-15_bin2_inter,QD_mix_40_phase_prec-alloc_offset-15_bin2_labels,5,10,10.0,2447.755615234375,2139.419677734375,6.938600063323975,simple
411,QD_mix_40_phase_prec-alloc_offset-15_bin2_inter,QD_mix_40_phase_prec-alloc_offset-15_bin2_labels,5,11,11.0,2953.914306640625,2645.578369140625,8.5802001953125,simple
412,QD_mix_40_phase_prec-alloc_offset-15_bin2_inter,QD_mix_40_phase_prec-alloc_offset-15_bin2_labels,5,12,12.0,3503.01806640625,3194.68212890625,10.361000061035156,simple
413,QD_mix_40_phase_prec-alloc_offset-15_bin2_inter,QD_mix_40_phase_prec-alloc_offset-15_bin2_labels,5,13,13.0,4092.818359375,3784.482421875,12.273900032043457,simple
414,QD_mix_40_phase_prec-alloc_offset-15_bin2_inter,QD_mix_40_phase_prec-alloc_offset-15_bin2_labels,5,14,14.0,4615.8427734375,4307.5068359375,13.970199584960938,simple
415,QD_mix_40_phase_prec-alloc_offset-15_bin2_inter,QD_mix_40_phase_prec-alloc_offset-15_bin2_labels,5,15,15.0,5192.94482421875,4884.60888671875,15.84179973602295,simple
416,QD_mix_40_phase_prec-alloc_offset-15_bin2_inter,QD_mix_40_phase_prec-alloc_offset-15_bin2_labels,5,16,16.0,5700.34521484375,5392.00927734375,17.487499237060547,simple
417,QD_mix_40_phase_prec-alloc_offset-15_bin2_inter,QD_mix_40_phase_prec-alloc_offset-15_bin2_labels,5,17,17.0,6158.37109375,5850.03515625,18.972900390625,simple
418,QD_mix_40_phase_prec-alloc_offset-15_bin2_inter,QD_mix_40_phase_prec-alloc_offset-15_bin2_labels,5,18,18.0,6530.65087890625,6222.31494140625,20.180299758911133,simple
419,QD_mix_40_phase_prec-alloc_offset-15_bin2_inter,QD_mix_40_phase_prec-alloc_offset-15_bin2_labels,5,19,19.0,6703.43603515625,6395.10009765625,20.740699768066406,simple
420,QD_mix_40_phase_prec-alloc_offset-15_bin2_inter,QD_mix_40_phase_prec-alloc_offset-15_bin2_labels,5,20,20.0,6743.2578125,6434.92138671875,20.869800567626953,simple
421,QD_mix_40_phase_prec-alloc_offset-15_bin2_inter,QD_mix_40_phase_prec-alloc_offset-15_bin2_labels,5,21,21.0,6669.607421875,6361.271484375,20.631000518798828,simple
422,QD_mix_40_phase_prec-alloc_offset-15_bin2_inter,QD_mix_40_phase_prec-alloc_offset-15_bin2_labels,5,22,22.0,6351.1416015625,6042.8056640625,19.598100662231445,simple
423,QD_mix_40_phase_prec-alloc_offset-15_bin2_inter,QD_mix_40_phase_prec-alloc_offset-15_bin2_labels,5,23,23.0,6126.45703125,5818.12109375,18.869400024414062,simple
424,QD_mix_40_phase_prec-alloc_offset-15_bin2_inter,QD_mix_40_phase_prec-alloc_offset-15_bin2_labels,5,24,24.0,5782.912109375,5474.576171875,17.755199432373047,simple
425,QD_mix_40_phase_prec-alloc_offset-15_bin2_inter,QD_mix_40_phase_prec-alloc_offset-15_bin2_labels,5,25,25.0,5395.98193359375,5087.64599609375,16.50029945373535,simple
426,QD_mix_40_phase_prec-alloc_offset-15_bin2_inter,QD_mix_40_phase_prec-alloc_offset-15_bin2_labels,5,26,26.0,4998.2314453125,4689.8955078125,15.21030044555664,simple
427,QD_mix_40_phase_prec-alloc_offset-15_bin2_inter,QD_mix_40_phase_prec-alloc_offset-15_bin2_labels,5,27,27.0,4651.36083984375,4343.02490234375,14.085399627685547,simple
428,QD_mix_40_phase_prec-alloc_offset-15_bin2_inter,QD_mix_40_phase_prec-alloc_offset-15_bin2_labels,5,28,28.0,4315.85302734375,4007.51708984375,12.997200012207031,simple
429,QD_mix_40_phase_prec-alloc_offset-15_bin2_inter,QD_mix_40_phase_prec-alloc_offset-15_bin2_labels,5,29,29.0,3967.045654296875,3658.709716796875,11.866000175476074,simple
430,QD_mix_40_phase_prec-alloc_offset-15_bin2_inter,QD_mix_40_phase_prec-alloc_offset-15_bin2_labels,5,30,30.0,3744.013916015625,3435.678466796875,11.142600059509277,simple
431,QD_mix_40_phase_prec-alloc_offset-15_bin2_inter,QD_mix_40_phase_prec-alloc_offset-15_bin2_labels,5,31,31.0,3538.44921875,3230.11328125,10.47599983215332,simple
432,QD_mix_40_phase_prec-alloc_offset-15_bin2_inter,QD_mix_40_phase_prec-alloc_offset-15_bin2_labels,5,32,32.0,3335.032470703125,3026.696533203125,9.816200256347656,simple
433,QD_mix_40_phase_prec-alloc_offset-15_bin2_inter,QD_mix_40_phase_prec-alloc_offset-15_bin2_labels,5,33,33.0,3138.828125,2830.4921875,9.179900169372559,simple
434,QD_mix_40_phase_prec-alloc_offset-15_bin2_inter,QD_mix_40_phase_prec-alloc_offset-15_bin2_labels,5,34,34.0,3025.0791015625,2716.7431640625,8.810999870300293,simple
435,QD_mix_40_phase_prec-alloc_offset-15_bin2_inter,QD_mix_40_phase_prec-alloc_offset-15_bin2_labels,5,35,35.0,2885.4189453125,2577.0830078125,8.357999801635742,simple
436,QD_mix_40_phase_prec-alloc_offset-15_bin2_inter,QD_mix_40_phase_prec-alloc_offset-15_bin2_labels,5,36,36.0,2781.561279296875,2473.225341796875,8.021200180053711,simple
437,QD_mix_40_phase_prec-alloc_offset-15_bin2_inter,QD_mix_40_phase_prec-alloc_offset-15_bin2_labels,5,37,37.0,2632.491455078125,2324.155517578125,7.537700176239014,simple
438,QD_mix_40_phase_prec-alloc_offset-15_bin2_inter,QD_mix_40_phase_prec-alloc_offset-15_bin2_labels,5,38,38.0,2478.10595703125,2169.77001953125,7.0370001792907715,simple
439,QD_mix_40_phase_prec-alloc_offset-15_bin2_inter,QD_mix_40_phase_prec-alloc_offset-15_bin2_labels,5,39,39.0,2337.2392578125,2028.9034423828125,6.5802001953125,simple
440,QD_mix_40_phase_prec-alloc_offset-15_bin2_inter,QD_mix_40_phase_prec-alloc_offset-15_bin2_labels,5,40,40.0,2218.13525390625,1909.7994384765625,6.193900108337402,simple
441,QD_mix_40_phase_prec-alloc_offset-15_bin2_inter,QD_mix_40_phase_prec-alloc_offset-15_bin2_labels,5,41,41.0,2036.5704345703125,1728.234619140625,5.605000019073486,simple
442,QD_mix_40_phase_prec-alloc_offset-15_bin2_inter,QD_mix_40_phase_prec-alloc_offset-15_bin2_labels,5,42,42.0,1901.511962890625,1593.17626953125,5.166999816894531,simple
443,QD_mix_40_phase_prec-alloc_offset-15_bin2_inter,QD_mix_40_phase_prec-alloc_offset-15_bin2_labels,5,43,43.0,1779.6541748046875,1471.318359375,4.7718000411987305,simple
444,QD_mix_40_phase_prec-alloc_offset-15_bin2_inter,QD_mix_40_phase_prec-alloc_offset-15_bin2_labels,5,44,44.0,1677.9996337890625,1369.663818359375,4.4421000480651855,simple
445,QD_mix_40_phase_prec-alloc_offset-15_bin2_inter,QD_mix_40_phase_prec-alloc_offset-15_bin2_labels,5,45,45.0,1624.366943359375,1316.0311279296875,4.268199920654297,simple
446,QD_mix_40_phase_prec-alloc_offset-15_bin2_inter,QD_mix_40_phase_prec-alloc_offset-15_bin2_labels,5,46,46.0,1538.333251953125,1229.9974365234375,3.9890999794006348,simple
447,QD_mix_40_phase_prec-alloc_offset-15_bin2_inter,QD_mix_40_phase_prec-alloc_offset-15_bin2_labels,5,47,47.0,1469.04736328125,1160.7115478515625,3.764400005340576,simple
448,QD_mix_40_phase_prec-alloc_offset-15_bin2_inter,QD_mix_40_phase_prec-alloc_offset-15_bin2_labels,5,48,48.0,1482.4603271484375,1174.12451171875,3.8078999519348145,simple
449,QD_mix_40_phase_prec-alloc_offset-15_bin2_inter,QD_mix_40_phase_prec-alloc_offset-15_bin2_labels,5,49,49.0,1486.25244140625,1177.9166259765625,3.820199966430664,simple
450,QD_mix_40_phase_prec-alloc_offset-15_bin2_inter,QD_mix_40_phase_prec-alloc_offset-15_bin2_labels,5,50,50.0,1532.6541748046875,1224.318359375,3.9707000255584717,simple
451,QD_mix_40_phase_prec-alloc_offset-15_bin2_inter,QD_mix_40_phase_prec-alloc_offset-15_bin2_labels,5,51,51.0,1560.42333984375,1252.0875244140625,4.060800075531006,simple
452,QD_mix_40_phase_prec-alloc_offset-15_bin2_inter,QD_mix_40_phase_prec-alloc_offset-15_bin2_labels,5,52,52.0,1598.4884033203125,1290.152587890625,4.184199810028076,simple
453,QD_mix_40_phase_prec-alloc_offset-15_bin2_inter,QD_mix_40_phase_prec-alloc_offset-15_bin2_labels,5,53,53.0,1661.470947265625,1353.1351318359375,4.388500213623047,simple
454,QD_mix_40_phase_prec-alloc_offset-15_bin2_inter,QD_mix_40_phase_prec-alloc_offset-15_bin2_labels,5,54,54.0,1699.7001953125,1391.3643798828125,4.512499809265137,simple
455,QD_mix_40_phase_prec-alloc_offset-15_bin2_inter,QD_mix_40_phase_prec-alloc_offset-15_bin2_labels,5,55,55.0,1731.599853515625,1423.2640380859375,4.616000175476074,simple
456,QD_mix_40_phase_prec-alloc_offset-15_bin2_inter,QD_mix_40_phase_prec-alloc_offset-15_bin2_labels,5,56,56.0,1687.62060546875,1379.2847900390625,4.473299980163574,simple
457,QD_mix_40_phase_prec-alloc_offset-15_bin2_inter,QD_mix_40_phase_prec-alloc_offset-15_bin2_labels,5,57,57.0,1683.45166015625,1375.1158447265625,4.459799766540527,simple
458,QD_mix_40_phase_prec-alloc_offset-15_bin2_inter,QD_mix_40_phase_prec-alloc_offset-15_bin2_labels,5,58,58.0,1625.7413330078125,1317.405517578125,4.272600173950195,simple
459,QD_mix_40_phase_prec-alloc_offset-15_bin2_inter,QD_mix_40_phase_prec-alloc_offset-15_bin2_labels,5,59,59.0,1544.580810546875,1236.2449951171875,4.009399890899658,simple
460,QD_mix_40_phase_prec-alloc_offset-15_bin2_inter,QD_mix_40_phase_prec-alloc_offset-15_bin2_labels,5,60,60.0,1469.046875,1160.7110595703125,3.764400005340576,simple
461,QD_mix_40_phase_prec-alloc_offset-15_bin2_inter,QD_mix_40_phase_prec-alloc_offset-15_bin2_labels,5,61,61.0,1367.17626953125,1058.8404541015625,3.434000015258789,simple
462,QD_mix_40_phase_prec-alloc_offset-15_bin2_inter,QD_mix_40_phase_prec-alloc_offset-15_bin2_labels,5,62,62.0,1253.9964599609375,945.6605834960938,3.066999912261963,simple
463,QD_mix_40_phase_prec-alloc_offset-15_bin2_inter,QD_mix_40_phase_prec-alloc_offset-15_bin2_labels,5,63,63.0,1134.3140869140625,825.9782104492188,2.678800106048584,simple
464,QD_mix_40_phase_prec-alloc_offset-15_bin2_inter,QD_mix_40_phase_prec-alloc_offset-15_bin2_labels,5,64,64.0,1052.4925537109375,744.1567993164062,2.4135000705718994,simple
465,QD_mix_40_phase_prec-alloc_offset-15_bin2_inter,QD_mix_40_phase_prec-alloc_offset-15_bin2_labels,5,65,65.0,925.498291015625,617.1624755859375,2.0016000270843506,simple
466,QD_mix_40_phase_prec-alloc_offset-15_bin2_inter,QD_mix_40_phase_prec-alloc_offset-15_bin2_labels,5,66,66.0,831.503173828125,523.1674194335938,1.6966999769210815,simple
467,QD_mix_40_phase_prec-alloc_offset-15_bin2_inter,QD_mix_40_phase_prec-alloc_offset-15_bin2_labels,5,67,67.0,717.1788940429688,408.8429870605469,1.3259999752044678,simple
468,QD_mix_40_phase_prec-alloc_offset-15_bin2_inter,QD_mix_40_phase_prec-alloc_offset-15_bin2_labels,5,68,68.0,625.7589721679688,317.423095703125,1.0295000076293945,simple
469,QD_mix_40_phase_prec-alloc_offset-15_bin2_inter,QD_mix_40_phase_prec-alloc_offset-15_bin2_labels,5,69,69.0,539.0556030273438,230.7198028564453,0.7483000159263611,simple
470,QD_mix_40_phase_prec-alloc_offset-15_bin2_inter,QD_mix_40_phase_prec-alloc_offset-15_bin2_labels,5,70,70.0,471.90380859375,163.5679931640625,0.5304999947547913,simple
471,QD_mix_40_phase_prec-alloc_offset-15_bin2_inter,QD_mix_40_phase_prec-alloc_offset-15_bin2_labels,5,71,71.0,405.26800537109375,96.93219757080078,0.31439998745918274,simple
472,QD_mix_40_phase_prec-alloc_offset-15_bin2_inter,QD_mix_40_phase_prec-alloc_offset-15_bin2_labels,5,72,72.0,360.6217041015625,52.2859001159668,0.1695999950170517,simple
473,QD_mix_40_phase_prec-alloc_offset-15_bin2_inter,QD_mix_40_phase_prec-alloc_offset-15_bin2_labels,5,73,73.0,333.1669921875,24.831199645996094,0.08049999922513962,simple
474,QD_mix_40_phase_prec-alloc_offset-15_bin2_inter,QD_mix_40_phase_prec-alloc_offset-15_bin2_labels,5,74,74.0,276.8912048339844,-31.444599151611328,-0.10199999809265137,simple
475,QD_mix_40_phase_prec-alloc_offset-15_bin2_inter,QD_mix_40_phase_prec-alloc_offset-15_bin2_labels,5,75,75.0,240.85699462890625,-67.47879791259766,-0.21879999339580536,simple
476,QD_mix_40_phase_prec-alloc_offset-15_bin2_inter,QD_mix_40_phase_prec-alloc_offset-15_bin2_labels,5,76,76.0,218.87139892578125,-89.4645004272461,-0.29019999504089355,simple
477,QD_mix_40_phase_prec-alloc_offset-15_bin2_inter,QD_mix_40_phase_prec-alloc_offset-15_bin2_labels,5,77,77.0,0.0,-308.3357849121094,-1.0,simple
478,QD_mix_40_phase_prec-alloc_offset-15_bin2_inter,QD_mix_40_phase_prec-alloc_offset-15_bin2_labels,5,78,78.0,0.0,-308.3357849121094,-1.0,simple
479,QD_mix_40_phase_prec-alloc_offset-15_bin2_inter,QD_mix_40_phase_prec-alloc_offset-15_bin2_labels,5,79,79.0,0.0,-308.3357849121094,-1.0,simple
480,QD_mix_40_phase_prec-alloc_offset-15_bin2_inter,QD_mix_40_phase_prec-alloc_offset-15_bin2_labels,5,80,80.0,0.0,-308.3357849121094,-1.0,simple
481,QD_mix_40_phase_prec-alloc_offset-15_bin2_inter,QD_mix_40_phase_prec-alloc_offset-15_bin2_labels,5,81,81.0,0.0,-308.3357849121094,-1.0,simple
482,QD_mix_40_phase_prec-alloc_offset-15_bin2_inter,QD_mix_40_phase_prec-alloc_offset-15_bin2_labels,5,82,82.0,0.0,-308.3357849121094,-1.0,simple
483,QD_mix_40_phase_prec-alloc_offset-15_bin2_inter,QD_mix_40_phase_prec-alloc_offset-15_bin2_labels,5,83,83.0,0.0,-308.3357849121094,-1.0,simple
484,QD_mix_40_phase_prec-alloc_offset-15_bin2_inter,QD_mix_40_phase_prec-alloc_offset-15_bin2_labels,5,84,84.0,0.0,-308.3357849121094,-1.0,simple
485,QD_mix_40_phase_prec-alloc_offset-15_bin2_inter,QD_mix_40_phase_prec-alloc_offset-15_bin2_labels,5,85,85.0,0.0,-308.3357849121094,-1.0,simple
486,QD_mix_40_phase_prec-alloc_offset-15_bin2_inter,QD_mix_40_phase_prec-alloc_offset-15_bin2_labels,5,86,86.0,0.0,-308.3357849121094,-1.0,simple
487,QD_mix_40_phase_prec-alloc_offset-15_bin2_inter,QD_mix_40_phase_prec-alloc_offset-15_bin2_labels,5,87,87.0,0.0,-308.3357849121094,-1.0,simple
488,QD_mix_40_phase_prec-alloc_offset-15_bin2_inter,QD_mix_40_phase_prec-alloc_offset-15_bin2_labels,5,88,88.0,0.0,-308.3357849121094,-1.0,simple
489,QD_mix_40_phase_prec-alloc_offset-15_bin2_inter,QD_mix_40_phase_prec-alloc_offset-15_bin2_labels,5,89,89.0,0.0,-308.3357849121094,-1.0,simple
490,QD_mix_40_phase_prec-alloc_offset-15_bin2_inter,QD_mix_40_phase_prec-alloc_offset-15_bin2_labels,5,90,90.0,0.0,-308.3357849121094,-1.0,simple
491,QD_mix_40_phase_prec-alloc_offset-15_bin2_inter,QD_mix_40_phase_prec-alloc_offset-15_bin2_labels,5,91,91.0,0.0,-308.3357849121094,-1.0,simple
492,QD_mix_40_phase_prec-alloc_offset-15_bin2_inter,QD_mix_40_phase_prec-alloc_offset-15_bin2_labels,5,92,92.0,0.0,-308.3357849121094,-1.0,simple
493,QD_mix_40_phase_prec-alloc_offset-15_bin2_inter,QD_mix_40_phase_prec-alloc_offset-15_bin2_labels,5,93,93.0,0.0,-308.3357849121094,-1.0,simple
494,QD_mix_40_phase_prec-alloc_offset-15_bin2_inter,QD_mix_40_phase_prec-alloc_offset-15_bin2_labels,5,94,94.0,0.0,-308.3357849121094,-1.0,simple
495,QD_mix_40_phase_prec-alloc_offset-15_bin2_inter,QD_mix_40_phase_prec-alloc_offset-15_bin2_labels,5,95,95.0,0.0,-308.3357849121094,-1.0,simple
496,QD_mix_40_phase_prec-alloc_offset-15_bin2_inter,QD_mix_40_phase_prec-alloc_offset-15_bin2_labels,5,96,96.0,0.0,-308.3357849121094,-1.0,simple
497,QD_mix_40_phase_prec-alloc_offset-15_bin2_inter,QD_mix_40_phase_prec-alloc_offset-15_bin2_labels,5,97,97.0,0.0,-308.3357849121094,-1.0,simple
498,QD_mix_40_phase_prec-alloc_offset-15_bin2_inter,QD_mix_40_phase_prec-alloc_offset-15_bin2_labels,5,98,98.0,0.0,-308.3357849121094,-1.0,simple
499,QD_mix_40_phase_prec-alloc_offset-15_bin2_inter,QD_mix_40_phase_prec-alloc_offset-15_bin2_labels,5,100,99.0,0.0,-308.3357849121094,-1.0,simple
500,QD_mix_40_phase_prec-alloc_offset-15_bin2_inter,QD_mix_40_phase_prec-alloc_offset-15_bin2_labels,6,0,0.0,249.647705078125,0.0,0.0,simple
501,QD_mix_40_phase_prec-alloc_offset-15_bin2_inter,QD_mix_40_phase_prec-alloc_offset-15_bin2_labels,6,1,1.0,289.06640625,39.418701171875,0.15790000557899475,simple
502,QD_mix_40_phase_prec-alloc_offset-15_bin2_inter,QD_mix_40_phase_prec-alloc_offset-15_bin2_labels,6,2,2.0,328.9895935058594,79.34190368652344,0.31779998540878296,simple
503,QD_mix_40_phase_prec-alloc_offset-15_bin2_inter,QD_mix_40_phase_prec-alloc_offset-15_bin2_labels,6,3,3.0,391.1673889160156,141.5196990966797,0.5669000148773193,simple
504,QD_mix_40_phase_prec-alloc_offset-15_bin2_inter,QD_mix_40_phase_prec-alloc_offset-15_bin2_labels,6,4,4.0,463.7004089355469,214.05270385742188,0.8574000000953674,simple
505,QD_mix_40_phase_prec-alloc_offset-15_bin2_inter,QD_mix_40_phase_prec-alloc_offset-15_bin2_labels,6,5,5.0,557.3533935546875,307.7056884765625,1.2325999736785889,simple
506,QD_mix_40_phase_prec-alloc_offset-15_bin2_inter,QD_mix_40_phase_prec-alloc_offset-15_bin2_labels,6,6,6.0,698.0529174804688,448.40521240234375,1.7962000370025635,simple
507,QD_mix_40_phase_prec-alloc_offset-15_bin2_inter,QD_mix_40_phase_prec-alloc_offset-15_bin2_labels,6,7,7.0,836.2490234375,586.601318359375,2.3496999740600586,simple
508,QD_mix_40_phase_prec-alloc_offset-15_bin2_inter,QD_mix_40_phase_prec-alloc_offset-15_bin2_labels,6,8,8.0,1042.4559326171875,792.8082275390625,3.1756999492645264,simple
509,QD_mix_40_phase_prec-alloc_offset-15_bin2_inter,QD_mix_40_phase_prec-alloc_offset-15_bin2_labels,6,9,9.0,1230.8121337890625,981.1644287109375,3.9302000999450684,simple
510,QD_mix_40_phase_prec-alloc_offset-15_bin2_inter,QD_mix_40_phase_prec-alloc_offset-15_bin2_labels,6,10,10.0,1477.3782958984375,1227.7305908203125,4.917900085449219,simple
511,QD_mix_40_phase_prec-alloc_offset-15_bin2_inter,QD_mix_40_phase_prec-alloc_offset-15_bin2_labels,6,11,11.0,1753.63134765625,1503.983642578125,6.024400234222412,simple
512,QD_mix_40_phase_prec-alloc_offset-15_bin2_inter,QD_mix_40_phase_prec-alloc_offset-15_bin2_labels,6,12,12.0,2034.577392578125,1784.9295654296875,7.149799823760986,simple
513,QD_mix_40_phase_prec-alloc_offset-15_bin2_inter,QD_mix_40_phase_prec-alloc_offset-15_bin2_labels,6,13,13.0,2308.96240234375,2059.314697265625,8.248900413513184,simple
514,QD_mix_40_phase_prec-alloc_offset-15_bin2_inter,QD_mix_40_phase_prec-alloc_offset-15_bin2_labels,6,14,14.0,2567.59619140625,2317.948486328125,9.284899711608887,simple
515,QD_mix_40_phase_prec-alloc_offset-15_bin2_inter,QD_mix_40_phase_prec-alloc_offset-15_bin2_labels,6,15,15.0,2787.6357421875,2537.988037109375,10.166299819946289,simple
516,QD_mix_40_phase_prec-alloc_offset-15_bin2_inter,QD_mix_40_phase_prec-alloc_offset-15_bin2_labels,6,16,16.0,2963.0634765625,2713.415771484375,10.869000434875488,simple
517,QD_mix_40_phase_prec-alloc_offset-15_bin2_inter,QD_mix_40_phase_prec-alloc_offset-15_bin2_labels,6,17,17.0,3072.1552734375,2822.507568359375,11.305999755859375,simple
518,QD_mix_40_phase_prec-alloc_offset-15_bin2_inter,QD_mix_40_phase_prec-alloc_offset-15_bin2_labels,6,18,18.0,3136.529296875,2886.881591796875,11.563799858093262,simple
519,QD_mix_40_phase_prec-alloc_offset-15_bin2_inter,QD_mix_40_phase_prec-alloc_offset-15_bin2_labels,6,19,19.0,3181.7998046875,2932.152099609375,11.745200157165527,simple
520,QD_mix_40_phase_prec-alloc_offset-15_bin2_inter,QD_mix_40_phase_prec-alloc_offset-15_bin2_labels,6,20,20.0,3164.459228515625,2914.8115234375,11.675700187683105,simple
521,QD_mix_40_phase_prec-alloc_offset-15_bin2_inter,QD_mix_40_phase_prec-alloc_offset-15_bin2_labels,6,21,21.0,3125.585205078125,2875.9375,11.520000457763672,simple
522,QD_mix_40_phase_prec-alloc_offset-15_bin2_inter,QD_mix_40_phase_prec-alloc_offset-15_bin2_labels,6,22,22.0,3087.00634765625,2837.358642578125,11.365500450134277,simple
523,QD_mix_40_phase_prec-alloc_offset-15_bin2_inter,QD_mix_40_phase_prec-alloc_offset-15_bin2_labels,6,23,23.0,3020.556884765625,2770.9091796875,11.099300384521484,simple
524,QD_mix_40_phase_prec-alloc_offset-15_bin2_inter,QD_mix_40_phase_prec-alloc_offset-15_bin2_labels,6,24,24.0,3007.537841796875,2757.89013671875,11.047100067138672,simple
525,QD_mix_40_phase_prec-alloc_offset-15_bin2_inter,QD_mix_40_phase_prec-alloc_offset-15_bin2_labels,6,25,25.0,3035.359619140625,2785.7119140625,11.158599853515625,simple
526,QD_mix_40_phase_prec-alloc_offset-15_bin2_inter,QD_mix_40_phase_prec-alloc_offset-15_bin2_labels,6,26,26.0,3085.31640625,2835.668701171875,11.358699798583984,simple
527,QD_mix_40_phase_prec-alloc_offset-15_bin2_inter,QD_mix_40_phase_prec-alloc_offset-15_bin2_labels,6,27,27.0,3171.50244140625,2921.854736328125,11.703900337219238,simple
528,QD_mix_40_phase_prec-alloc_offset-15_bin2_inter,QD_mix_40_phase_prec-alloc_offset-15_bin2_labels,6,28,28.0,3274.179931640625,3024.5322265625,12.11520004272461,simple
529,QD_mix_40_phase_prec-alloc_offset-15_bin2_inter,QD_mix_40_phase_prec-alloc_offset-15_bin2_labels,6,29,29.0,3406.960693359375,3157.313232421875,12.647100448608398,simple
530,QD_mix_40_phase_prec-alloc_offset-15_bin2_inter,QD_mix_40_phase_prec-alloc_offset-15_bin2_labels,6,30,30.0,3521.662109375,3272.014404296875,13.106499671936035,simple
531,QD_mix_40_phase_prec-alloc_offset-15_bin2_inter,QD_mix_40_phase_prec-alloc_offset-15_bin2_labels,6,31,31.0,3638.25048828125,3388.602783203125,13.57349967956543,simple
532,QD_mix_40_phase_prec-alloc_offset-15_bin2_inter,QD_mix_40_phase_prec-alloc_offset-15_bin2_labels,6,32,32.0,3668.0966796875,3418.44873046875,13.693099975585938,simple
533,QD_mix_40_phase_prec-alloc_offset-15_bin2_inter,QD_mix_40_phase_prec-alloc_offset-15_bin2_labels,6,33,33.0,3755.529296875,3505.881591796875,14.043299674987793,simple
534,QD_mix_40_phase_prec-alloc_offset-15_bin2_inter,QD_mix_40_phase_prec-alloc_offset-15_bin2_labels,6,34,34.0,3737.456298828125,3487.808349609375,13.97089958190918,simple
535,QD_mix_40_phase_prec-alloc_offset-15_bin2_inter,QD_mix_40_phase_prec-alloc_offset-15_bin2_labels,6,35,35.0,3649.76123046875,3400.113525390625,13.619600296020508,simple
536,QD_mix_40_phase_prec-alloc_offset-15_bin2_inter,QD_mix_40_phase_prec-alloc_offset-15_bin2_labels,6,36,36.0,3574.11962890625,3324.471923828125,13.316699981689453,simple
537,QD_mix_40_phase_prec-alloc_offset-15_bin2_inter,QD_mix_40_phase_prec-alloc_offset-15_bin2_labels,6,37,37.0,3449.34521484375,3199.697509765625,12.816900253295898,simple
538,QD_mix_40_phase_prec-alloc_offset-15_bin2_inter,QD_mix_40_phase_prec-alloc_offset-15_bin2_labels,6,38,38.0,3275.67236328125,3026.024658203125,12.121199607849121,simple
539,QD_mix_40_phase_prec-alloc_offset-15_bin2_inter,QD_mix_40_phase_prec-alloc_offset-15_bin2_labels,6,39,39.0,3078.6357421875,2828.988037109375,11.331899642944336,simple
540,QD_mix_40_phase_prec-alloc_offset-15_bin2_inter,QD_mix_40_phase_prec-alloc_offset-15_bin2_labels,6,40,40.0,2877.12255859375,2627.474853515625,10.524700164794922,simple
541,QD_mix_40_phase_prec-alloc_offset-15_bin2_inter,QD_mix_40_phase_prec-alloc_offset-15_bin2_labels,6,41,41.0,2687.038818359375,2437.39111328125,9.763299942016602,simple
542,QD_mix_40_phase_prec-alloc_offset-15_bin2_inter,QD_mix_40_phase_prec-alloc_offset-15_bin2_labels,6,42,42.0,2500.176513671875,2250.52880859375,9.014800071716309,simple
543,QD_mix_40_phase_prec-alloc_offset-15_bin2_inter,QD_mix_40_phase_prec-alloc_offset-15_bin2_labels,6,43,43.0,2351.84521484375,2102.197509765625,8.420700073242188,simple
544,QD_mix_40_phase_prec-alloc_offset-15_bin2_inter,QD_mix_40_phase_prec-alloc_offset-15_bin2_labels,6,44,44.0,2192.66845703125,1943.020751953125,7.783100128173828,simple
545,QD_mix_40_phase_prec-alloc_offset-15_bin2_inter,QD_mix_40_phase_prec-alloc_offset-15_bin2_labels,6,45,45.0,2115.004638671875,1865.3570556640625,7.4720001220703125,simple
546,QD_mix_40_phase_prec-alloc_offset-15_bin2_inter,QD_mix_40_phase_prec-alloc_offset-15_bin2_labels,6,46,46.0,2069.107666015625,1819.4599609375,7.288099765777588,simple
547,QD_mix_40_phase_prec-alloc_offset-15_bin2_inter,QD_mix_40_phase_prec-alloc_offset-15_bin2_labels,6,47,47.0,2058.6416015625,1808.9937744140625,7.246200084686279,simple
548,QD_mix_40_phase_prec-alloc_offset-15_bin2_inter,QD_mix_40_phase_prec-alloc_offset-15_bin2_labels,6,48,48.0,2054.37255859375,1804.724853515625,7.229100227355957,simple
549,QD_mix_40_phase_prec-alloc_offset-15_bin2_inter,QD_mix_40_phase_prec-alloc_offset-15_bin2_labels,6,49,49.0,2088.133056640625,1838.4853515625,7.364299774169922,simple
550,QD_mix_40_phase_prec-alloc_offset-15_bin2_inter,QD_mix_40_phase_prec-alloc_offset-15_bin2_labels,6,50,50.0,2105.188232421875,1855.5406494140625,7.432600021362305,simple
551,QD_mix_40_phase_prec-alloc_offset-15_bin2_inter,QD_mix_40_phase_prec-alloc_offset-15_bin2_labels,6,51,51.0,2187.9794921875,1938.331787109375,7.7642998695373535,simple
552,QD_mix_40_phase_prec-alloc_offset-15_bin2_inter,QD_mix_40_phase_prec-alloc_offset-15_bin2_labels,6,52,52.0,2207.228759765625,1957.5810546875,7.841400146484375,simple
553,QD_mix_40_phase_prec-alloc_offset-15_bin2_inter,QD_mix_40_phase_prec-alloc_offset-15_bin2_labels,6,53,53.0,2231.087646484375,1981.43994140625,7.9369001388549805,simple
554,QD_mix_40_phase_prec-alloc_offset-15_bin2_inter,QD_mix_40_phase_prec-alloc_offset-15_bin2_labels,6,54,54.0,2221.0,1971.3521728515625,7.896500110626221,simple
555,QD_mix_40_phase_prec-alloc_offset-15_bin2_inter,QD_mix_40_phase_prec-alloc_offset-15_bin2_labels,6,55,55.0,2192.553466796875,1942.90576171875,7.782599925994873,simple
556,QD_mix_40_phase_prec-alloc_offset-15_bin2_inter,QD_mix_40_phase_prec-alloc_offset-15_bin2_labels,6,56,56.0,2133.1884765625,1883.540771484375,7.5447998046875,simple
557,QD_mix_40_phase_prec-alloc_offset-15_bin2_inter,QD_mix_40_phase_prec-alloc_offset-15_bin2_labels,6,57,57.0,2066.6904296875,1817.0428466796875,7.27839994430542,simple
558,QD_mix_40_phase_prec-alloc_offset-15_bin2_inter,QD_mix_40_phase_prec-alloc_offset-15_bin2_labels,6,58,58.0,1933.0162353515625,1683.368408203125,6.743000030517578,simple
559,QD_mix_40_phase_prec-alloc_offset-15_bin2_inter,QD_mix_40_phase_prec-alloc_offset-15_bin2_labels,6,59,59.0,1809.9654541015625,1560.3177490234375,6.250100135803223,simple
560,QD_mix_40_phase_prec-alloc_offset-15_bin2_inter,QD_mix_40_phase_prec-alloc_offset-15_bin2_labels,6,60,60.0,1653.221923828125,1403.57421875,5.622200012207031,simple
561,QD_mix_40_phase_prec-alloc_offset-15_bin2_inter,QD_mix_40_phase_prec-alloc_offset-15_bin2_labels,6,61,61.0,1493.7130126953125,1244.0653076171875,4.98330020904541,simple
562,QD_mix_40_phase_prec-alloc_offset-15_bin2_inter,QD_mix_40_phase_prec-alloc_offset-15_bin2_labels,6,62,62.0,1322.5455322265625,1072.8978271484375,4.297599792480469,simple
563,QD_mix_40_phase_prec-alloc_offset-15_bin2_inter,QD_mix_40_phase_prec-alloc_offset-15_bin2_labels,6,63,63.0,1181.5889892578125,931.9412841796875,3.7330000400543213,simple
564,QD_mix_40_phase_prec-alloc_offset-15_bin2_inter,QD_mix_40_phase_prec-alloc_offset-15_bin2_labels,6,64,64.0,1012.86767578125,763.219970703125,3.0571999549865723,simple
565,QD_mix_40_phase_prec-alloc_offset-15_bin2_inter,QD_mix_40_phase_prec-alloc_offset-15_bin2_labels,6,65,65.0,874.0236206054688,624.3757934570312,2.500999927520752,simple
566,QD_mix_40_phase_prec-alloc_offset-15_bin2_inter,QD_mix_40_phase_prec-alloc_offset-15_bin2_labels,6,66,66.0,761.5657958984375,511.9180908203125,2.050600051879883,simple
567,QD_mix_40_phase_prec-alloc_offset-15_bin2_inter,QD_mix_40_phase_prec-alloc_offset-15_bin2_labels,6,67,67.0,639.0858154296875,389.43798828125,1.559999942779541,simple
568,QD_mix_40_phase_prec-alloc_offset-15_bin2_inter,QD_mix_40_phase_prec-alloc_offset-15_bin2_labels,6,68,68.0,550.1234130859375,300.4757080078125,1.2036000490188599,simple
569,QD_mix_40_phase_prec-alloc_offset-15_bin2_inter,QD_mix_40_phase_prec-alloc_offset-15_bin2_labels,6,69,69.0,471.19000244140625,221.54220581054688,0.8873999714851379,simple
570,QD_mix_40_phase_prec-alloc_offset-15_bin2_inter,QD_mix_40_phase_prec-alloc_offset-15_bin2_labels,6,70,70.0,406.8352966308594,157.18760681152344,0.6295999884605408,simple
571,QD_mix_40_phase_prec-alloc_offset-15_bin2_inter,QD_mix_40_phase_prec-alloc_offset-15_bin2_labels,6,71,71.0,354.3005065917969,104.65280151367188,0.41920000314712524,simple
572,QD_mix_40_phase_prec-alloc_offset-15_bin2_inter,QD_mix_40_phase_prec-alloc_offset-15_bin2_labels,6,72,72.0,311.80279541015625,62.15510177612305,0.24899999797344208,simple
573,QD_mix_40_phase_prec-alloc_offset-15_bin2_inter,QD_mix_40_phase_prec-alloc_offset-15_bin2_labels,6,73,73.0,285.37298583984375,35.725399017333984,0.14309999346733093,simple
574,QD_mix_40_phase_prec-alloc_offset-15_bin2_inter,QD_mix_40_phase_prec-alloc_offset-15_bin2_labels,6,74,74.0,262.1365051269531,12.488800048828125,0.05000000074505806,simple
575,QD_mix_40_phase_prec-alloc_offset-15_bin2_inter,QD_mix_40_phase_prec-alloc_offset-15_bin2_labels,6,75,75.0,235.95779418945312,-13.689900398254395,-0.05480000004172325,simple
576,QD_mix_40_phase_prec-alloc_offset-15_bin2_inter,QD_mix_40_phase_prec-alloc_offset-15_bin2_labels,6,76,76.0,213.63540649414062,-36.012298583984375,-0.14429999887943268,simple
577,QD_mix_40_phase_prec-alloc_offset-15_bin2_inter,QD_mix_40_phase_prec-alloc_offset-15_bin2_labels,6,77,77.0,0.0,-249.647705078125,-1.0,simple
578,QD_mix_40_phase_prec-alloc_offset-15_bin2_inter,QD_mix_40_phase_prec-alloc_offset-15_bin2_labels,6,78,78.0,0.0,-249.647705078125,-1.0,simple
579,QD_mix_40_phase_prec-alloc_offset-15_bin2_inter,QD_mix_40_phase_prec-alloc_offset-15_bin2_labels,6,79,79.0,0.0,-249.647705078125,-1.0,simple
580,QD_mix_40_phase_prec-alloc_offset-15_bin2_inter,QD_mix_40_phase_prec-alloc_offset-15_bin2_labels,6,80,80.0,0.0,-249.647705078125,-1.0,simple
581,QD_mix_40_phase_prec-alloc_offset-15_bin2_inter,QD_mix_40_phase_prec-alloc_offset-15_bin2_labels,6,81,81.0,0.0,-249.647705078125,-1.0,simple
582,QD_mix_40_phase_prec-alloc_offset-15_bin2_inter,QD_mix_40_phase_prec-alloc_offset-15_bin2_labels,6,82,82.0,0.0,-249.647705078125,-1.0,simple
583,QD_mix_40_phase_prec-alloc_offset-15_bin2_inter,QD_mix_40_phase_prec-alloc_offset-15_bin2_labels,6,83,83.0,0.0,-249.647705078125,-1.0,simple
584,QD_mix_40_phase_prec-alloc_offset-15_bin2_inter,QD_mix_40_phase_prec-alloc_offset-15_bin2_labels,6,84,84.0,0.0,-249.647705078125,-1.0,simple
585,QD_mix_40_phase_prec-alloc_offset-15_bin2_inter,QD_mix_40_phase_prec-alloc_offset-15_bin2_labels,6,85,85.0,0.0,-249.647705078125,-1.0,simple
586,QD_mix_40_phase_prec-alloc_offset-15_bin2_inter,QD_mix_40_phase_prec-alloc_offset-15_bin2_labels,6,86,86.0,0.0,-249.647705078125,-1.0,simple
587,QD_mix_40_phase_prec-alloc_offset-15_bin2_inter,QD_mix_40_phase_prec-alloc_offset-15_bin2_labels,6,87,87.0,0.0,-249.647705078125,-1.0,simple
588,QD_mix_40_phase_prec-alloc_offset-15_bin2_inter,QD_mix_40_phase_prec-alloc_offset-15_bin2_labels,6,88,88.0,0.0,-249.647705078125,-1.0,simple
589,QD_mix_40_phase_prec-alloc_offset-15_bin2_inter,QD_mix_40_phase_prec-alloc_offset-15_bin2_labels,6,89,89.0,0.0,-249.647705078125,-1.0,simple
590,QD_mix_40_phase_prec-alloc_offset-15_bin2_inter,QD_mix_40_phase_prec-alloc_offset-15_bin2_labels,6,90,90.0,0.0,-249.647705078125,-1.0,simple
591,QD_mix_40_phase_prec-alloc_offset-15_bin2_inter,QD_mix_40_phase_prec-alloc_offset-15_bin2_labels,6,91,91.0,0.0,-249.647705078125,-1.0,simple
592,QD_mix_40_phase_prec-alloc_offset-15_bin2_inter,QD_mix_40_phase_prec-alloc_offset-15_bin2_labels,6,92,92.0,0.0,-249.647705078125,-1.0,simple
593,QD_mix_40_phase_prec-alloc_offset-15_bin2_inter,QD_mix_40_phase_prec-alloc_offset-15_bin2_labels,6,93,93.0,0.0,-249.647705078125,-1.0,simple
594,QD_mix_40_phase_prec-alloc_offset-15_bin2_inter,QD_mix_40_phase_prec-alloc_offset-15_bin2_labels,6,94,94.0,0.0,-249.647705078125,-1.0,simple
595,QD_mix_40_phase_prec-alloc_offset-15_bin2_inter,QD_mix_40_phase_prec-alloc_offset-15_bin2_labels,6,95,95.0,0.0,-249.647705078125,-1.0,simple
596,QD_mix_40_phase_prec-alloc_offset-15_bin2_inter,QD_mix_40_phase_prec-alloc_offset-15_bin2_labels,6,96,96.0,0.0,-249.647705078125,-1.0,simple
597,QD_mix_40_phase_prec-alloc_offset-15_bin2_inter,QD_mix_40_phase_prec-alloc_offset-15_bin2_labels,6,97,97.0,0.0,-249.647705078125,-1.0,simple
598,QD_mix_40_phase_prec-alloc_offset-15_bin2_inter,QD_mix_40_phase_prec-alloc_offset-15_bin2_labels,6,98,98.0,0.0,-249.647705078125,-1.0,simple
599,QD_mix_40_phase_prec-alloc_offset-15_bin2_inter,QD_mix_40_phase_prec-alloc_offset-15_bin2_labels,6,100,99.0,0.0,-249.647705078125,-1.0,simple
600,QD_mix_40_phase_prec-alloc_offset-15_bin2_inter,QD_mix_40_phase_prec-alloc_offset-15_bin2_labels,1,0,0.0,406.1932067871094,-228.97940063476562,-0.36309999227523804,dietrich
601,QD_mix_40_phase_prec-alloc_offset-15_bin2_inter,QD_mix_40_phase_prec-alloc_offset-15_bin2_labels,1,1,1.0,471.9281921386719,-163.24440002441406,-0.25519999861717224,dietrich
602,QD_mix_40_phase_prec-alloc_offset-15_bin2_inter,QD_mix_40_phase_prec-alloc_offset-15_bin2_labels,1,2,2.0,566.9136962890625,-68.25890350341797,-0.1054999977350235,dietrich
603,QD_mix_40_phase_prec-alloc_offset-15_bin2_inter,QD_mix_40_phase_prec-alloc_offset-15_bin2_labels,1,3,3.0,744.0656127929688,108.89299774169922,0.16670000553131104,dietrich
604,QD_mix_40_phase_prec-alloc_offset-15_bin2_inter,QD_mix_40_phase_prec-alloc_offset-15_bin2_labels,1,4,4.0,920.91552734375,285.7427978515625,0.43459999561309814,dietrich
605,QD_mix_40_phase_prec-alloc_offset-15_bin2_inter,QD_mix_40_phase_prec-alloc_offset-15_bin2_labels,1,5,5.0,1194.999755859375,559.8272094726562,0.8476999998092651,dietrich
606,QD_mix_40_phase_prec-alloc_offset-15_bin2_inter,QD_mix_40_phase_prec-alloc_offset-15_bin2_labels,1,6,6.0,1571.2218017578125,936.0491943359375,1.4139000177383423,dietrich
607,QD_mix_40_phase_prec-alloc_offset-15_bin2_inter,QD_mix_40_phase_prec-alloc_offset-15_bin2_labels,1,7,7.0,2049.8017578125,1414.629150390625,2.135499954223633,dietrich
608,QD_mix_40_phase_prec-alloc_offset-15_bin2_inter,QD_mix_40_phase_prec-alloc_offset-15_bin2_labels,1,8,8.0,2651.2763671875,2016.103759765625,3.046600103378296,dietrich
609,QD_mix_40_phase_prec-alloc_offset-15_bin2_inter,QD_mix_40_phase_prec-alloc_offset-15_bin2_labels,1,9,9.0,3401.19287109375,2766.02001953125,4.190700054168701,dietrich
610,QD_mix_40_phase_prec-alloc_offset-15_bin2_inter,QD_mix_40_phase_prec-alloc_offset-15_bin2_labels,1,10,10.0,4259.8642578125,3624.691650390625,5.513599872589111,dietrich
611,QD_mix_40_phase_prec-alloc_offset-15_bin2_inter,QD_mix_40_phase_prec-alloc_offset-15_bin2_labels,1,11,11.0,5294.9033203125,4659.73095703125,7.125800132751465,dietrich
612,QD_mix_40_phase_prec-alloc_offset-15_bin2_inter,QD_mix_40_phase_prec-alloc_offset-15_bin2_labels,1,12,12.0,6392.888671875,5757.71630859375,8.86240005493164,dietrich
613,QD_mix_40_phase_prec-alloc_offset-15_bin2_inter,QD_mix_40_phase_prec-alloc_offset-15_bin2_labels,1,13,13.0,7590.3095703125,6955.1376953125,10.787500381469727,dietrich
614,QD_mix_40_phase_prec-alloc_offset-15_bin2_inter,QD_mix_40_phase_prec-alloc_offset-15_bin2_labels,1,14,14.0,8755.3203125,8120.14697265625,12.704000473022461,dietrich
615,QD_mix_40_phase_prec-alloc_offset-15_bin2_inter,QD_mix_40_phase_prec-alloc_offset-15_bin2_labels,1,15,15.0,9976.236328125,9341.0634765625,14.75529956817627,dietrich
616,QD_mix_40_phase_prec-alloc_offset-15_bin2_inter,QD_mix_40_phase_prec-alloc_offset-15_bin2_labels,1,16,16.0,11109.4375,10474.2646484375,16.71980094909668,dietrich
617,QD_mix_40_phase_prec-alloc_offset-15_bin2_inter,QD_mix_40_phase_prec-alloc_offset-15_bin2_labels,1,17,17.0,12082.5419921875,11447.369140625,18.48069953918457,dietrich
618,QD_mix_40_phase_prec-alloc_offset-15_bin2_inter,QD_mix_40_phase_prec-alloc_offset-15_bin2_labels,1,18,18.0,12825.708984375,12190.5361328125,19.918899536132812,dietrich
619,QD_mix_40_phase_prec-alloc_offset-15_bin2_inter,QD_mix_40_phase_prec-alloc_offset-15_bin2_labels,1,19,19.0,13193.265625,12558.0927734375,20.78219985961914,dietrich
620,QD_mix_40_phase_prec-alloc_offset-15_bin2_inter,QD_mix_40_phase_prec-alloc_offset-15_bin2_labels,1,20,20.0,13187.8427734375,12552.669921875,21.052400588989258,dietrich
621,QD_mix_40_phase_prec-alloc_offset-15_bin2_inter,QD_mix_40_phase_prec-alloc_offset-15_bin2_labels,1,21,21.0,13036.734375,12401.5615234375,21.09040069580078,dietrich
622,QD_mix_40_phase_prec-alloc_offset-15_bin2_inter,QD_mix_40_phase_prec-alloc_offset-15_bin2_labels,1,22,22.0,12468.72265625,11833.5498046875,20.41710090637207,dietrich
623,QD_mix_40_phase_prec-alloc_offset-15_bin2_inter,QD_mix_40_phase_prec-alloc_offset-15_bin2_labels,1,23,23.0,11846.296875,11211.1240234375,19.633699417114258,dietrich
624,QD_mix_40_phase_prec-alloc_offset-15_bin2_inter,QD_mix_40_phase_prec-alloc_offset-15_bin2_labels,1,24,24.0,11006.8369140625,10371.6640625,18.44420051574707,dietrich
625,QD_mix_40_phase_prec-alloc_offset-15_bin2_inter,QD_mix_40_phase_prec-alloc_offset-15_bin2_labels,1,25,25.0,10075.5146484375,9440.341796875,17.05389976501465,dietrich
626,QD_mix_40_phase_prec-alloc_offset-15_bin2_inter,QD_mix_40_phase_prec-alloc_offset-15_bin2_labels,1,26,26.0,9083.908203125,8448.7353515625,15.509499549865723,dietrich
627,QD_mix_40_phase_prec-alloc_offset-15_bin2_inter,QD_mix_40_phase_prec-alloc_offset-15_bin2_labels,1,27,27.0,8391.9140625,7756.74169921875,14.473999977111816,dietrich
628,QD_mix_40_phase_prec-alloc_offset-15_bin2_inter,QD_mix_40_phase_prec-alloc_offset-15_bin2_labels,1,28,28.0,7638.765625,7003.59375,13.287599563598633,dietrich
629,QD_mix_40_phase_prec-alloc_offset-15_bin2_inter,QD_mix_40_phase_prec-alloc_offset-15_bin2_labels,1,29,29.0,7063.875,6428.70263671875,12.40410041809082,dietrich
630,QD_mix_40_phase_prec-alloc_offset-15_bin2_inter,QD_mix_40_phase_prec-alloc_offset-15_bin2_labels,1,30,30.0,6700.810546875,6065.63818359375,11.90470027923584,dietrich
631,QD_mix_40_phase_prec-alloc_offset-15_bin2_inter,QD_mix_40_phase_prec-alloc_offset-15_bin2_labels,1,31,31.0,6435.19921875,5800.0263671875,11.581100463867188,dietrich
632,QD_mix_40_phase_prec-alloc_offset-15_bin2_inter,QD_mix_40_phase_prec-alloc_offset-15_bin2_labels,1,32,32.0,6267.3466796875,5632.173828125,11.44279956817627,dietrich
633,QD_mix_40_phase_prec-alloc_offset-15_bin2_inter,QD_mix_40_phase_prec-alloc_offset-15_bin2_labels,1,33,33.0,6231.00390625,5595.8310546875,11.5693998336792,dietrich
634,QD_mix_40_phase_prec-alloc_offset-15_bin2_inter,QD_mix_40_phase_prec-alloc_offset-15_bin2_labels,1,34,34.0,6201.1494140625,5565.9765625,11.711600303649902,dietrich
635,QD_mix_40_phase_prec-alloc_offset-15_bin2_inter,QD_mix_40_phase_prec-alloc_offset-15_bin2_labels,1,35,35.0,6166.38671875,5531.21435546875,11.845600128173828,dietrich
636,QD_mix_40_phase_prec-alloc_offset-15_bin2_inter,QD_mix_40_phase_prec-alloc_offset-15_bin2_labels,1,36,36.0,6053.734375,5418.56201171875,11.811699867248535,dietrich
637,QD_mix_40_phase_prec-alloc_offset-15_bin2_inter,QD_mix_40_phase_prec-alloc_offset-15_bin2_labels,1,37,37.0,5854.4267578125,5219.25390625,11.580900192260742,dietrich
638,QD_mix_40_phase_prec-alloc_offset-15_bin2_inter,QD_mix_40_phase_prec-alloc_offset-15_bin2_labels,1,38,38.0,5684.66796875,5049.4951171875,11.40530014038086,dietrich
639,QD_mix_40_phase_prec-alloc_offset-15_bin2_inter,QD_mix_40_phase_prec-alloc_offset-15_bin2_labels,1,39,39.0,5393.1552734375,4757.982421875,10.9399995803833,dietrich
640,QD_mix_40_phase_prec-alloc_offset-15_bin2_inter,QD_mix_40_phase_prec-alloc_offset-15_bin2_labels,1,40,40.0,5163.400390625,4528.22802734375,10.599100112915039,dietrich
641,QD_mix_40_phase_prec-alloc_offset-15_bin2_inter,QD_mix_40_phase_prec-alloc_offset-15_bin2_labels,1,41,41.0,4832.140625,4196.96826171875,10.000699996948242,dietrich
642,QD_mix_40_phase_prec-alloc_offset-15_bin2_inter,QD_mix_40_phase_prec-alloc_offset-15_bin2_labels,1,42,42.0,4528.3505859375,3893.178466796875,9.444199562072754,dietrich
643,QD_mix_40_phase_prec-alloc_offset-15_bin2_inter,QD_mix_40_phase_prec-alloc_offset-15_bin2_labels,1,43,43.0,4268.94287109375,3633.7705078125,8.974200248718262,dietrich
644,QD_mix_40_phase_prec-alloc_offset-15_bin2_inter,QD_mix_40_phase_prec-alloc_offset-15_bin2_labels,1,44,44.0,4051.131103515625,3415.958740234375,8.58899974822998,dietrich
645,QD_mix_40_phase_prec-alloc_offset-15_bin2_inter,QD_mix_40_phase_prec-alloc_offset-15_bin2_labels,1,45,45.0,3879.99560546875,3244.822998046875,8.30679988861084,dietrich
646,QD_mix_40_phase_prec-alloc_offset-15_bin2_inter,QD_mix_40_phase_prec-alloc_offset-15_bin2_labels,1,46,46.0,3683.837646484375,3048.6650390625,7.946800231933594,dietrich
647,QD_mix_40_phase_prec-alloc_offset-15_bin2_inter,QD_mix_40_phase_prec-alloc_offset-15_bin2_labels,1,47,47.0,3588.007568359375,2952.8349609375,7.837800025939941,dietrich
648,QD_mix_40_phase_prec-alloc_offset-15_bin2_inter,QD_mix_40_phase_prec-alloc_offset-15_bin2_labels,1,48,48.0,3531.320068359375,2896.147216796875,7.828800201416016,dietrich
649,QD_mix_40_phase_prec-alloc_offset-15_bin2_inter,QD_mix_40_phase_prec-alloc_offset-15_bin2_labels,1,49,49.0,3591.27490234375,2956.102294921875,8.138999938964844,dietrich
650,QD_mix_40_phase_prec-alloc_offset-15_bin2_inter,QD_mix_40_phase_prec-alloc_offset-15_bin2_labels,1,50,50.0,3703.09716796875,3067.924560546875,8.6048002243042,dietrich
651,QD_mix_40_phase_prec-alloc_offset-15_bin2_inter,QD_mix_40_phase_prec-alloc_offset-15_bin2_labels,1,51,51.0,3761.7939453125,3126.62158203125,8.9350004196167,dietrich
652,QD_mix_40_phase_prec-alloc_offset-15_bin2_inter,QD_mix_40_phase_prec-alloc_offset-15_bin2_labels,1,52,52.0,3857.95849609375,3222.78564453125,9.385899543762207,dietrich
653,QD_mix_40_phase_prec-alloc_offset-15_bin2_inter,QD_mix_40_phase_prec-alloc_offset-15_bin2_labels,1,53,53.0,3949.50830078125,3314.3359375,9.839599609375,dietrich
654,QD_mix_40_phase_prec-alloc_offset-15_bin2_inter,QD_mix_40_phase_prec-alloc_offset-15_bin2_labels,1,54,54.0,4067.68798828125,3432.51513671875,10.391300201416016,dietrich
655,QD_mix_40_phase_prec-alloc_offset-15_bin2_inter,QD_mix_40_phase_prec-alloc_offset-15_bin2_labels,1,55,55.0,4140.73291015625,3505.560302734375,10.825300216674805,dietrich
656,QD_mix_40_phase_prec-alloc_offset-15_bin2_inter,QD_mix_40_phase_prec-alloc_offset-15_bin2_labels,1,56,56.0,4086.857666015625,3451.685302734375,10.87720012664795,dietrich
657,QD_mix_40_phase_prec-alloc_offset-15_bin2_inter,QD_mix_40_phase_prec-alloc_offset-15_bin2_labels,1,57,57.0,4037.08837890625,3401.91552734375,10.944899559020996,dietrich
658,QD_mix_40_phase_prec-alloc_offset-15_bin2_inter,QD_mix_40_phase_prec-alloc_offset-15_bin2_labels,1,58,58.0,3958.757568359375,3323.5849609375,10.92240047454834,dietrich
659,QD_mix_40_phase_prec-alloc_offset-15_bin2_inter,QD_mix_40_phase_prec-alloc_offset-15_bin2_labels,1,59,59.0,3744.535888671875,3109.363525390625,10.44379997253418,dietrich
660,QD_mix_40_phase_prec-alloc_offset-15_bin2_inter,QD_mix_40_phase_prec-alloc_offset-15_bin2_labels,1,60,60.0,3602.32568359375,2967.15283203125,10.19260025024414,dietrich
661,QD_mix_40_phase_prec-alloc_offset-15_bin2_inter,QD_mix_40_phase_prec-alloc_offset-15_bin2_labels,1,61,61.0,3400.401611328125,2765.22900390625,9.721599578857422,dietrich
662,QD_mix_40_phase_prec-alloc_offset-15_bin2_inter,QD_mix_40_phase_prec-alloc_offset-15_bin2_labels,1,62,62.0,3124.058349609375,2488.8857421875,8.962300300598145,dietrich
663,QD_mix_40_phase_prec-alloc_offset-15_bin2_inter,QD_mix_40_phase_prec-alloc_offset-15_bin2_labels,1,63,63.0,2876.204833984375,2241.0322265625,8.272600173950195,dietrich
664,QD_mix_40_phase_prec-alloc_offset-15_bin2_inter,QD_mix_40_phase_prec-alloc_offset-15_bin2_labels,1,64,64.0,2544.86279296875,1909.6904296875,7.233500003814697,dietrich
665,QD_mix_40_phase_prec-alloc_offset-15_bin2_inter,QD_mix_40_phase_prec-alloc_offset-15_bin2_labels,1,65,65.0,2256.2431640625,1621.070556640625,6.307000160217285,dietrich
666,QD_mix_40_phase_prec-alloc_offset-15_bin2_inter,QD_mix_40_phase_prec-alloc_offset-15_bin2_labels,1,66,66.0,1974.4339599609375,1339.2613525390625,5.3582000732421875,dietrich
667,QD_mix_40_phase_prec-alloc_offset-15_bin2_inter,QD_mix_40_phase_prec-alloc_offset-15_bin2_labels,1,67,67.0,1717.4539794921875,1082.2813720703125,4.458099842071533,dietrich
668,QD_mix_40_phase_prec-alloc_offset-15_bin2_inter,QD_mix_40_phase_prec-alloc_offset-15_bin2_labels,1,68,68.0,1522.1484375,886.975830078125,3.766700029373169,dietrich
669,QD_mix_40_phase_prec-alloc_offset-15_bin2_inter,QD_mix_40_phase_prec-alloc_offset-15_bin2_labels,1,69,69.0,1344.25830078125,709.0858154296875,3.1089000701904297,dietrich
670,QD_mix_40_phase_prec-alloc_offset-15_bin2_inter,QD_mix_40_phase_prec-alloc_offset-15_bin2_labels,1,70,70.0,1182.7435302734375,547.5709228515625,2.4825000762939453,dietrich
671,QD_mix_40_phase_prec-alloc_offset-15_bin2_inter,QD_mix_40_phase_prec-alloc_offset-15_bin2_labels,1,71,71.0,1094.0919189453125,458.9193115234375,2.155100107192993,dietrich
672,QD_mix_40_phase_prec-alloc_offset-15_bin2_inter,QD_mix_40_phase_prec-alloc_offset-15_bin2_labels,1,72,72.0,994.7263793945312,359.5538024902344,1.7520999908447266,dietrich
673,QD_mix_40_phase_prec-alloc_offset-15_bin2_inter,QD_mix_40_phase_prec-alloc_offset-15_bin2_labels,1,73,73.0,909.1873168945312,274.01470947265625,1.3883999586105347,dietrich
674,QD_mix_40_phase_prec-alloc_offset-15_bin2_inter,QD_mix_40_phase_prec-alloc_offset-15_bin2_labels,1,74,74.0,868.1417236328125,232.96910095214844,1.2299000024795532,dietrich
675,QD_mix_40_phase_prec-alloc_offset-15_bin2_inter,QD_mix_40_phase_prec-alloc_offset-15_bin2_labels,1,75,75.0,815.2412109375,180.068603515625,0.9927999973297119,dietrich
676,QD_mix_40_phase_prec-alloc_offset-15_bin2_inter,QD_mix_40_phase_prec-alloc_offset-15_bin2_labels,1,76,76.0,782.4130859375,147.24049377441406,0.8500000238418579,dietrich
677,QD_mix_40_phase_prec-alloc_offset-15_bin2_inter,QD_mix_40_phase_prec-alloc_offset-15_bin2_labels,1,77,77.0,470.1733093261719,-164.99929809570312,-1.0,dietrich
678,QD_mix_40_phase_prec-alloc_offset-15_bin2_inter,QD_mix_40_phase_prec-alloc_offset-15_bin2_labels,1,78,78.0,478.46820068359375,-156.70440673828125,-1.0,dietrich
679,QD_mix_40_phase_prec-alloc_offset-15_bin2_inter,QD_mix_40_phase_prec-alloc_offset-15_bin2_labels,1,79,79.0,486.8196105957031,-148.35299682617188,-1.0,dietrich
680,QD_mix_40_phase_prec-alloc_offset-15_bin2_inter,QD_mix_40_phase_prec-alloc_offset-15_bin2_labels,1,80,80.0,495.2113952636719,-139.96119689941406,-1.0,dietrich
681,QD_mix_40_phase_prec-alloc_offset-15_bin2_inter,QD_mix_40_phase_prec-alloc_offset-15_bin2_labels,1,81,81.0,503.6252136230469,-131.54739379882812,-1.0,dietrich
682,QD_mix_40_phase_prec-alloc_offset-15_bin2_inter,QD_mix_40_phase_prec-alloc_offset-15_bin2_labels,1,82,82.0,512.0399169921875,-123.13269805908203,-1.0,dietrich
683,QD_mix_40_phase_prec-alloc_offset-15_bin2_inter,QD_mix_40_phase_prec-alloc_offset-15_bin2_labels,1,83,83.0,520.4321899414062,-114.74040222167969,-1.0,dietrich
684,QD_mix_40_phase_prec-alloc_offset-15_bin2_inter,QD_mix_40_phase_prec-alloc_offset-15_bin2_labels,1,84,84.0,528.7760009765625,-106.39659881591797,-1.0,dietrich
685,QD_mix_40_phase_prec-alloc_offset-15_bin2_inter,QD_mix_40_phase_prec-alloc_offset-15_bin2_labels,1,85,85.0,537.0426025390625,-98.12999725341797,-1.0,dietrich
686,QD_mix_40_phase_prec-alloc_offset-15_bin2_inter,QD_mix_40_phase_prec-alloc_offset-15_bin2_labels,1,86,86.0,545.2003784179688,-89.97219848632812,-1.0,dietrich
687,QD_mix_40_phase_prec-alloc_offset-15_bin2_inter,QD_mix_40_phase_prec-alloc_offset-15_bin2_labels,1,87,87.0,553.2149047851562,-81.95770263671875,-1.0,dietrich
688,QD_mix_40_phase_prec-alloc_offset-15_bin2_inter,QD_mix_40_phase_prec-alloc_offset-15_bin2_labels,1,88,88.0,561.048583984375,-74.1240005493164,-1.0,dietrich
689,QD_mix_40_phase_prec-alloc_offset-15_bin2_inter,QD_mix_40_phase_prec-alloc_offset-15_bin2_labels,1,89,89.0,568.6611938476562,-66.5114974975586,-1.0,dietrich
690,QD_mix_40_phase_prec-alloc_offset-15_bin2_inter,QD_mix_40_phase_prec-alloc_offset-15_bin2_labels,1,90,90.0,576.0086059570312,-59.16400146484375,-1.0,dietrich
691,QD_mix_40_phase_prec-alloc_offset-15_bin2_inter,QD_mix_40_phase_prec-alloc_offset-15_bin2_labels,1,91,91.0,583.0440063476562,-52.12860107421875,-1.0,dietrich
692,QD_mix_40_phase_prec-alloc_offset-15_bin2_inter,QD_mix_40_phase_prec-alloc_offset-15_bin2_labels,1,92,92.0,589.7169799804688,-45.4556999206543,-1.0,dietrich
693,QD_mix_40_phase_prec-alloc_offset-15_bin2_inter,QD_mix_40_phase_prec-alloc_offset-15_bin2_labels,1,93,93.0,595.9735717773438,-39.19900131225586,-1.0,dietrich
694,QD_mix_40_phase_prec-alloc_offset-15_bin2_inter,QD_mix_40_phase_prec-alloc_offset-15_bin2_labels,1,94,94.0,601.756591796875,-33.41600036621094,-1.0,dietrich
695,QD_mix_40_phase_prec-alloc_offset-15_bin2_inter,QD_mix_40_phase_prec-alloc_offset-15_bin2_labels,1,95,95.0,607.0048217773438,-28.167800903320312,-1.0,dietrich
696,QD_mix_40_phase_prec-alloc_offset-15_bin2_inter,QD_mix_40_phase_prec-alloc_offset-15_bin2_labels,1,96,96.0,611.6533813476562,-23.51919937133789,-1.0,dietrich
697,QD_mix_40_phase_prec-alloc_offset-15_bin2_inter,QD_mix_40_phase_prec-alloc_offset-15_bin2_labels,1,97,97.0,615.6337890625,-19.53890037536621,-1.0,dietrich
698,QD_mix_40_phase_prec-alloc_offset-15_bin2_inter,QD_mix_40_phase_prec-alloc_offset-15_bin2_labels,1,98,98.0,618.8732299804688,-16.299400329589844,-1.0,dietrich
699,QD_mix_40_phase_prec-alloc_offset-15_bin2_inter,QD_mix_40_phase_prec-alloc_offset-15_bin2_labels,1,100,99.0,621.2949829101562,-13.8774995803833,-1.0,dietrich
700,QD_mix_40_phase_prec-alloc_offset-15_bin2_inter,QD_mix_40_phase_prec-alloc_offset-15_bin2_labels,2,0,0.0,496.2948913574219,-243.25230407714844,-0.3310000002384186,dietrich
701,QD_mix_40_phase_prec-alloc_offset-15_bin2_inter,QD_mix_40_phase_prec-alloc_offset-15_bin2_labels,2,1,1.0,561.640380859375,-177.90679931640625,-0.23909999430179596,dietrich
702,QD_mix_40_phase_prec-alloc_offset-15_bin2_inter,QD_mix_40_phase_prec-alloc_offset-15_bin2_labels,2,2,2.0,670.4650268554688,-69.08219909667969,-0.09189999848604202,dietrich
703,QD_mix_40_phase_prec-alloc_offset-15_bin2_inter,QD_mix_40_phase_prec-alloc_offset-15_bin2_labels,2,3,3.0,820.7293701171875,81.18209838867188,0.10719999670982361,dietrich
704,QD_mix_40_phase_prec-alloc_offset-15_bin2_inter,QD_mix_40_phase_prec-alloc_offset-15_bin2_labels,2,4,4.0,1074.1348876953125,334.58758544921875,0.43970000743865967,dietrich
705,QD_mix_40_phase_prec-alloc_offset-15_bin2_inter,QD_mix_40_phase_prec-alloc_offset-15_bin2_labels,2,5,5.0,1348.65576171875,609.1083984375,0.7979000210762024,dietrich
706,QD_mix_40_phase_prec-alloc_offset-15_bin2_inter,QD_mix_40_phase_prec-alloc_offset-15_bin2_labels,2,6,6.0,1767.9527587890625,1028.4056396484375,1.3452999591827393,dietrich
707,QD_mix_40_phase_prec-alloc_offset-15_bin2_inter,QD_mix_40_phase_prec-alloc_offset-15_bin2_labels,2,7,7.0,2367.25439453125,1627.7071533203125,2.1298000812530518,dietrich
708,QD_mix_40_phase_prec-alloc_offset-15_bin2_inter,QD_mix_40_phase_prec-alloc_offset-15_bin2_labels,2,8,8.0,3122.56884765625,2383.021728515625,3.123800039291382,dietrich
709,QD_mix_40_phase_prec-alloc_offset-15_bin2_inter,QD_mix_40_phase_prec-alloc_offset-15_bin2_labels,2,9,9.0,4082.676513671875,3343.12890625,4.396699905395508,dietrich
710,QD_mix_40_phase_prec-alloc_offset-15_bin2_inter,QD_mix_40_phase_prec-alloc_offset-15_bin2_labels,2,10,10.0,5282.6572265625,4543.10986328125,6.002099990844727,dietrich
711,QD_mix_40_phase_prec-alloc_offset-15_bin2_inter,QD_mix_40_phase_prec-alloc_offset-15_bin2_labels,2,11,11.0,6580.1640625,5840.61669921875,7.760900020599365,dietrich
712,QD_mix_40_phase_prec-alloc_offset-15_bin2_inter,QD_mix_40_phase_prec-alloc_offset-15_bin2_labels,2,12,12.0,8205.8271484375,7466.27978515625,9.989700317382812,dietrich
713,QD_mix_40_phase_prec-alloc_offset-15_bin2_inter,QD_mix_40_phase_prec-alloc_offset-15_bin2_labels,2,13,13.0,9954.24609375,9214.69921875,12.427300453186035,dietrich
714,QD_mix_40_phase_prec-alloc_offset-15_bin2_inter,QD_mix_40_phase_prec-alloc_offset-15_bin2_labels,2,14,14.0,11921.0087890625,11181.4619140625,15.214400291442871,dietrich
715,QD_mix_40_phase_prec-alloc_offset-15_bin2_inter,QD_mix_40_phase_prec-alloc_offset-15_bin2_labels,2,15,15.0,13897.8525390625,13158.306640625,18.080299377441406,dietrich
716,QD_mix_40_phase_prec-alloc_offset-15_bin2_inter,QD_mix_40_phase_prec-alloc_offset-15_bin2_labels,2,16,16.0,15867.095703125,15127.548828125,21.007699966430664,dietrich
717,QD_mix_40_phase_prec-alloc_offset-15_bin2_inter,QD_mix_40_phase_prec-alloc_offset-15_bin2_labels,2,17,17.0,17779.529296875,17039.982421875,23.933799743652344,dietrich
718,QD_mix_40_phase_prec-alloc_offset-15_bin2_inter,QD_mix_40_phase_prec-alloc_offset-15_bin2_labels,2,18,18.0,19171.822265625,18432.275390625,26.203500747680664,dietrich
719,QD_mix_40_phase_prec-alloc_offset-15_bin2_inter,QD_mix_40_phase_prec-alloc_offset-15_bin2_labels,2,19,19.0,20294.70703125,19555.16015625,28.155099868774414,dietrich
720,QD_mix_40_phase_prec-alloc_offset-15_bin2_inter,QD_mix_40_phase_prec-alloc_offset-15_bin2_labels,2,20,20.0,20775.9765625,20036.4296875,29.23390007019043,dietrich
721,QD_mix_40_phase_prec-alloc_offset-15_bin2_inter,QD_mix_40_phase_prec-alloc_offset-15_bin2_labels,2,21,21.0,20971.9609375,20232.4140625,29.93090057373047,dietrich
722,QD_mix_40_phase_prec-alloc_offset-15_bin2_inter,QD_mix_40_phase_prec-alloc_offset-15_bin2_labels,2,22,22.0,20424.412109375,19684.865234375,29.5408992767334,dietrich
723,QD_mix_40_phase_prec-alloc_offset-15_bin2_inter,QD_mix_40_phase_prec-alloc_offset-15_bin2_labels,2,23,23.0,19547.26171875,18807.71484375,28.644500732421875,dietrich
724,QD_mix_40_phase_prec-alloc_offset-15_bin2_inter,QD_mix_40_phase_prec-alloc_offset-15_bin2_labels,2,24,24.0,18253.82421875,17514.27734375,27.082300186157227,dietrich
725,QD_mix_40_phase_prec-alloc_offset-15_bin2_inter,QD_mix_40_phase_prec-alloc_offset-15_bin2_labels,2,25,25.0,16830.9140625,16091.3662109375,25.271699905395508,dietrich
726,QD_mix_40_phase_prec-alloc_offset-15_bin2_inter,QD_mix_40_phase_prec-alloc_offset-15_bin2_labels,2,26,26.0,15162.666015625,14423.1181640625,23.013900756835938,dietrich
727,QD_mix_40_phase_prec-alloc_offset-15_bin2_inter,QD_mix_40_phase_prec-alloc_offset-15_bin2_labels,2,27,27.0,13512.4013671875,12772.85546875,20.71269989013672,dietrich
728,QD_mix_40_phase_prec-alloc_offset-15_bin2_inter,QD_mix_40_phase_prec-alloc_offset-15_bin2_labels,2,28,28.0,12025.2861328125,11285.7392578125,18.604000091552734,dietrich
729,QD_mix_40_phase_prec-alloc_offset-15_bin2_inter,QD_mix_40_phase_prec-alloc_offset-15_bin2_labels,2,29,29.0,10847.28125,10107.734375,16.941699981689453,dietrich
730,QD_mix_40_phase_prec-alloc_offset-15_bin2_inter,QD_mix_40_phase_prec-alloc_offset-15_bin2_labels,2,30,30.0,9776.8876953125,9037.3408203125,15.404899597167969,dietrich
731,QD_mix_40_phase_prec-alloc_offset-15_bin2_inter,QD_mix_40_phase_prec-alloc_offset-15_bin2_labels,2,31,31.0,9082.6982421875,8343.1513671875,14.46560001373291,dietrich
732,QD_mix_40_phase_prec-alloc_offset-15_bin2_inter,QD_mix_40_phase_prec-alloc_offset-15_bin2_labels,2,32,32.0,8486.0947265625,7746.5478515625,13.663599967956543,dietrich
733,QD_mix_40_phase_prec-alloc_offset-15_bin2_inter,QD_mix_40_phase_prec-alloc_offset-15_bin2_labels,2,33,33.0,8130.96728515625,7391.419921875,13.26449966430664,dietrich
734,QD_mix_40_phase_prec-alloc_offset-15_bin2_inter,QD_mix_40_phase_prec-alloc_offset-15_bin2_labels,2,34,34.0,7878.45458984375,7138.9072265625,13.036100387573242,dietrich
735,QD_mix_40_phase_prec-alloc_offset-15_bin2_inter,QD_mix_40_phase_prec-alloc_offset-15_bin2_labels,2,35,35.0,7680.17578125,6940.62890625,12.897500038146973,dietrich
736,QD_mix_40_phase_prec-alloc_offset-15_bin2_inter,QD_mix_40_phase_prec-alloc_offset-15_bin2_labels,2,36,36.0,7497.1650390625,6757.61669921875,12.77970027923584,dietrich
737,QD_mix_40_phase_prec-alloc_offset-15_bin2_inter,QD_mix_40_phase_prec-alloc_offset-15_bin2_labels,2,37,37.0,7251.03759765625,6511.490234375,12.533100128173828,dietrich
738,QD_mix_40_phase_prec-alloc_offset-15_bin2_inter,QD_mix_40_phase_prec-alloc_offset-15_bin2_labels,2,38,38.0,6993.30224609375,6253.7548828125,12.251500129699707,dietrich
739,QD_mix_40_phase_prec-alloc_offset-15_bin2_inter,QD_mix_40_phase_prec-alloc_offset-15_bin2_labels,2,39,39.0,6684.44140625,5944.89404296875,11.854499816894531,dietrich
740,QD_mix_40_phase_prec-alloc_offset-15_bin2_inter,QD_mix_40_phase_prec-alloc_offset-15_bin2_labels,2,40,40.0,6331.6259765625,5592.07861328125,11.350700378417969,dietrich
741,QD_mix_40_phase_prec-alloc_offset-15_bin2_inter,QD_mix_40_phase_prec-alloc_offset-15_bin2_labels,2,41,41.0,5962.80859375,5223.26123046875,10.792499542236328,dietrich
742,QD_mix_40_phase_prec-alloc_offset-15_bin2_inter,QD_mix_40_phase_prec-alloc_offset-15_bin2_labels,2,42,42.0,5587.74462890625,4848.197265625,10.197799682617188,dietrich
743,QD_mix_40_phase_prec-alloc_offset-15_bin2_inter,QD_mix_40_phase_prec-alloc_offset-15_bin2_labels,2,43,43.0,5238.9296875,4499.38232421875,9.635000228881836,dietrich
744,QD_mix_40_phase_prec-alloc_offset-15_bin2_inter,QD_mix_40_phase_prec-alloc_offset-15_bin2_labels,2,44,44.0,4961.0947265625,4221.54736328125,9.203700065612793,dietrich
745,QD_mix_40_phase_prec-alloc_offset-15_bin2_inter,QD_mix_40_phase_prec-alloc_offset-15_bin2_labels,2,45,45.0,4679.681640625,3940.134521484375,8.746399879455566,dietrich
746,QD_mix_40_phase_prec-alloc_offset-15_bin2_inter,QD_mix_40_phase_prec-alloc_offset-15_bin2_labels,2,46,46.0,4516.2001953125,3776.6533203125,8.536600112915039,dietrich
747,QD_mix_40_phase_prec-alloc_offset-15_bin2_inter,QD_mix_40_phase_prec-alloc_offset-15_bin2_labels,2,47,47.0,4385.04052734375,3645.4931640625,8.391500473022461,dietrich
748,QD_mix_40_phase_prec-alloc_offset-15_bin2_inter,QD_mix_40_phase_prec-alloc_offset-15_bin2_labels,2,48,48.0,4372.623046875,3633.07568359375,8.517600059509277,dietrich
749,QD_mix_40_phase_prec-alloc_offset-15_bin2_inter,QD_mix_40_phase_prec-alloc_offset-15_bin2_labels,2,49,49.0,4405.8193359375,3666.27197265625,8.755800247192383,dietrich
750,QD_mix_40_phase_prec-alloc_offset-15_bin2_inter,QD_mix_40_phase_prec-alloc_offset-15_bin2_labels,2,50,50.0,4553.5078125,3813.96044921875,9.279999732971191,dietrich
751,QD_mix_40_phase_prec-alloc_offset-15_bin2_inter,QD_mix_40_phase_prec-alloc_offset-15_bin2_labels,2,51,51.0,4694.75,3955.202880859375,9.806900024414062,dietrich
752,QD_mix_40_phase_prec-alloc_offset-15_bin2_inter,QD_mix_40_phase_prec-alloc_offset-15_bin2_labels,2,52,52.0,4804.8818359375,4065.33447265625,10.274299621582031,dietrich
753,QD_mix_40_phase_prec-alloc_offset-15_bin2_inter,QD_mix_40_phase_prec-alloc_offset-15_bin2_labels,2,53,53.0,4926.275390625,4186.72802734375,10.788200378417969,dietrich
754,QD_mix_40_phase_prec-alloc_offset-15_bin2_inter,QD_mix_40_phase_prec-alloc_offset-15_bin2_labels,2,54,54.0,5062.052734375,4322.50537109375,11.359700202941895,dietrich
755,QD_mix_40_phase_prec-alloc_offset-15_bin2_inter,QD_mix_40_phase_prec-alloc_offset-15_bin2_labels,2,55,55.0,5176.24072265625,4436.693359375,11.896100044250488,dietrich
756,QD_mix_40_phase_prec-alloc_offset-15_bin2_inter,QD_mix_40_phase_prec-alloc_offset-15_bin2_labels,2,56,56.0,5154.25830078125,4414.7109375,12.082099914550781,dietrich
757,QD_mix_40_phase_prec-alloc_offset-15_bin2_inter,QD_mix_40_phase_prec-alloc_offset-15_bin2_labels,2,57,57.0,5123.33544921875,4383.7880859375,12.251399993896484,dietrich
758,QD_mix_40_phase_prec-alloc_offset-15_bin2_inter,QD_mix_40_phase_prec-alloc_offset-15_bin2_labels,2,58,58.0,4952.908203125,4213.36083984375,12.030500411987305,dietrich
759,QD_mix_40_phase_prec-alloc_offset-15_bin2_inter,QD_mix_40_phase_prec-alloc_offset-15_bin2_labels,2,59,59.0,4835.1943359375,4095.647216796875,11.954999923706055,dietrich
760,QD_mix_40_phase_prec-alloc_offset-15_bin2_inter,QD_mix_40_phase_prec-alloc_offset-15_bin2_labels,2,60,60.0,4579.1591796875,3839.612060546875,11.464799880981445,dietrich
761,QD_mix_40_phase_prec-alloc_offset-15_bin2_inter,QD_mix_40_phase_prec-alloc_offset-15_bin2_labels,2,61,61.0,4261.2724609375,3521.72509765625,10.764399528503418,dietrich
762,QD_mix_40_phase_prec-alloc_offset-15_bin2_inter,QD_mix_40_phase_prec-alloc_offset-15_bin2_labels,2,62,62.0,3941.162353515625,3201.615234375,10.025400161743164,dietrich
763,QD_mix_40_phase_prec-alloc_offset-15_bin2_inter,QD_mix_40_phase_prec-alloc_offset-15_bin2_labels,2,63,63.0,3599.634765625,2860.087646484375,9.18280029296875,dietrich
764,QD_mix_40_phase_prec-alloc_offset-15_bin2_inter,QD_mix_40_phase_prec-alloc_offset-15_bin2_labels,2,64,64.0,3185.39501953125,2445.847900390625,8.059300422668457,dietrich
765,QD_mix_40_phase_prec-alloc_offset-15_bin2_inter,QD_mix_40_phase_prec-alloc_offset-15_bin2_labels,2,65,65.0,2783.274169921875,2043.72705078125,6.918300151824951,dietrich
766,QD_mix_40_phase_prec-alloc_offset-15_bin2_inter,QD_mix_40_phase_prec-alloc_offset-15_bin2_labels,2,66,66.0,2460.37939453125,1720.8321533203125,5.991099834442139,dietrich
767,QD_mix_40_phase_prec-alloc_offset-15_bin2_inter,QD_mix_40_phase_prec-alloc_offset-15_bin2_labels,2,67,67.0,2119.781005859375,1380.2337646484375,4.947999954223633,dietrich
768,QD_mix_40_phase_prec-alloc_offset-15_bin2_inter,QD_mix_40_phase_prec-alloc_offset-15_bin2_labels,2,68,68.0,1830.7960205078125,1091.248779296875,4.0335001945495605,dietrich
769,QD_mix_40_phase_prec-alloc_offset-15_bin2_inter,QD_mix_40_phase_prec-alloc_offset-15_bin2_labels,2,69,69.0,1621.560302734375,882.0131225585938,3.3661000728607178,dietrich
770,QD_mix_40_phase_prec-alloc_offset-15_bin2_inter,QD_mix_40_phase_prec-alloc_offset-15_bin2_labels,2,70,70.0,1421.827880859375,682.2807006835938,2.6926000118255615,dietrich
771,QD_mix_40_phase_prec-alloc_offset-15_bin2_inter,QD_mix_40_phase_prec-alloc_offset-15_bin2_labels,2,71,71.0,1276.672119140625,537.1248779296875,2.1956000328063965,dietrich
772,QD_mix_40_phase_prec-alloc_offset-15_bin2_inter,QD_mix_40_phase_prec-alloc_offset-15_bin2_labels,2,72,72.0,1166.08203125,426.5347900390625,1.8092000484466553,dietrich
773,QD_mix_40_phase_prec-alloc_offset-15_bin2_inter,QD_mix_40_phase_prec-alloc_offset-15_bin2_labels,2,73,73.0,1057.198974609375,317.6517028808594,1.4007999897003174,dietrich
774,QD_mix_40_phase_prec-alloc_offset-15_bin2_inter,QD_mix_40_phase_prec-alloc_offset-15_bin2_labels,2,74,74.0,995.6126708984375,256.06549072265625,1.1763999462127686,dietrich
775,QD_mix_40_phase_prec-alloc_offset-15_bin2_inter,QD_mix_40_phase_prec-alloc_offset-15_bin2_labels,2,75,75.0,937.8726806640625,198.3253936767578,0.9513999819755554,dietrich
776,QD_mix_40_phase_prec-alloc_offset-15_bin2_inter,QD_mix_40_phase_prec-alloc_offset-15_bin2_labels,2,76,76.0,911.1732788085938,171.62600708007812,0.8618000149726868,dietrich
777,QD_mix_40_phase_prec-alloc_offset-15_bin2_inter,QD_mix_40_phase_prec-alloc_offset-15_bin2_labels,2,77,77.0,549.7938842773438,-189.75340270996094,-1.0,dietrich
778,QD_mix_40_phase_prec-alloc_offset-15_bin2_inter,QD_mix_40_phase_prec-alloc_offset-15_bin2_labels,2,78,78.0,559.2634887695312,-180.28370666503906,-1.0,dietrich
779,QD_mix_40_phase_prec-alloc_offset-15_bin2_inter,QD_mix_40_phase_prec-alloc_offset-15_bin2_labels,2,79,79.0,568.793212890625,-170.7541046142578,-1.0,dietrich
780,QD_mix_40_phase_prec-alloc_offset-15_bin2_inter,QD_mix_40_phase_prec-alloc_offset-15_bin2_labels,2,80,80.0,578.3657836914062,-161.18150329589844,-1.0,dietrich
781,QD_mix_40_phase_prec-alloc_offset-15_bin2_inter,QD_mix_40_phase_prec-alloc_offset-15_bin2_labels,2,81,81.0,587.9616088867188,-151.58560180664062,-1.0,dietrich
782,QD_mix_40_phase_prec-alloc_offset-15_bin2_inter,QD_mix_40_phase_prec-alloc_offset-15_bin2_labels,2,82,82.0,597.55859375,-141.9886932373047,-1.0,dietrich
783,QD_mix_40_phase_prec-alloc_offset-15_bin2_inter,QD_mix_40_phase_prec-alloc_offset-15_bin2_labels,2,83,83.0,607.1317138671875,-132.4156036376953,-1.0,dietrich
784,QD_mix_40_phase_prec-alloc_offset-15_bin2_inter,QD_mix_40_phase_prec-alloc_offset-15_bin2_labels,2,84,84.0,616.6533203125,-122.89399719238281,-1.0,dietrich
785,QD_mix_40_phase_prec-alloc_offset-15_bin2_inter,QD_mix_40_phase_prec-alloc_offset-15_bin2_labels,2,85,85.0,626.0927734375,-113.45439910888672,-1.0,dietrich
786,QD_mix_40_phase_prec-alloc_offset-15_bin2_inter,QD_mix_40_phase_prec-alloc_offset-15_bin2_labels,2,86,86.0,635.4168090820312,-104.13040161132812,-1.0,dietrich
787,QD_mix_40_phase_prec-alloc_offset-15_bin2_inter,QD_mix_40_phase_prec-alloc_offset-15_bin2_labels,2,87,87.0,644.588623046875,-94.95870208740234,-1.0,dietrich
788,QD_mix_40_phase_prec-alloc_offset-15_bin2_inter,QD_mix_40_phase_prec-alloc_offset-15_bin2_labels,2,88,88.0,653.5684204101562,-85.97889709472656,-1.0,dietrich
789,QD_mix_40_phase_prec-alloc_offset-15_bin2_inter,QD_mix_40_phase_prec-alloc_offset-15_bin2_labels,2,89,89.0,662.31298828125,-77.23419952392578,-1.0,dietrich
790,QD_mix_40_phase_prec-alloc_offset-15_bin2_inter,QD_mix_40_phase_prec-alloc_offset-15_bin2_labels,2,90,90.0,670.776123046875,-68.77110290527344,-1.0,dietrich
791,QD_mix_40_phase_prec-alloc_offset-15_bin2_inter,QD_mix_40_phase_prec-alloc_offset-15_bin2_labels,2,91,91.0,678.9077758789062,-60.63949966430664,-1.0,dietrich
792,QD_mix_40_phase_prec-alloc_offset-15_bin2_inter,QD_mix_40_phase_prec-alloc_offset-15_bin2_labels,2,92,92.0,686.6544189453125,-52.89289855957031,-1.0,dietrich
793,QD_mix_40_phase_prec-alloc_offset-15_bin2_inter,QD_mix_40_phase_prec-alloc_offset-15_bin2_labels,2,93,93.0,693.9588012695312,-45.5885009765625,-1.0,dietrich
794,QD_mix_40_phase_prec-alloc_offset-15_bin2_inter,QD_mix_40_phase_prec-alloc_offset-15_bin2_labels,2,94,94.0,700.7598876953125,-38.78739929199219,-1.0,dietrich
795,QD_mix_40_phase_prec-alloc_offset-15_bin2_inter,QD_mix_40_phase_prec-alloc_offset-15_bin2_labels,2,95,95.0,706.992919921875,-32.554298400878906,-1.0,dietrich
796,QD_mix_40_phase_prec-alloc_offset-15_bin2_inter,QD_mix_40_phase_prec-alloc_offset-15_bin2_labels,2,96,96.0,712.5889892578125,-26.95829963684082,-1.0,dietrich
797,QD_mix_40_phase_prec-alloc_offset-15_bin2_inter,QD_mix_40_phase_prec-alloc_offset-15_bin2_labels,2,97,97.0,717.47509765625,-22.072200775146484,-1.0,dietrich
798,QD_mix_40_phase_prec-alloc_offset-15_bin2_inter,QD_mix_40_phase_prec-alloc_offset-15_bin2_labels,2,98,98.0,721.5740966796875,-17.973100662231445,-1.0,dietrich
799,QD_mix_40_phase_prec-alloc_offset-15_bin2_inter,QD_mix_40_phase_prec-alloc_offset-15_bin2_labels,2,100,99.0,724.8046875,-14.742600440979004,-1.0,dietrich
800,QD_mix_40_phase_prec-alloc_offset-15_bin2_inter,QD_mix_40_phase_prec-alloc_offset-15_bin2_labels,3,0,0.0,456.3182067871094,-151.35360717773438,-0.2498999983072281,dietrich
801,QD_mix_40_phase_prec-alloc_offset-15_bin2_inter,QD_mix_40_phase_prec-alloc_offset-15_bin2_labels,3,1,1.0,488.52178955078125,-119.1500015258789,-0.19539999961853027,dietrich
802,QD_mix_40_phase_prec-alloc_offset-15_bin2_inter,QD_mix_40_phase_prec-alloc_offset-15_bin2_labels,3,2,2.0,567.9152221679688,-39.75669860839844,-0.0649000033736229,dietrich
803,QD_mix_40_phase_prec-alloc_offset-15_bin2_inter,QD_mix_40_phase_prec-alloc_offset-15_bin2_labels,3,3,3.0,670.6652221679688,62.99340057373047,0.10249999910593033,dietrich
804,QD_mix_40_phase_prec-alloc_offset-15_bin2_inter,QD_mix_40_phase_prec-alloc_offset-15_bin2_labels,3,4,4.0,802.746826171875,195.0749969482422,0.31679999828338623,dietrich
805,QD_mix_40_phase_prec-alloc_offset-15_bin2_inter,QD_mix_40_phase_prec-alloc_offset-15_bin2_labels,3,5,5.0,1014.98388671875,407.3121032714844,0.6614999771118164,dietrich
806,QD_mix_40_phase_prec-alloc_offset-15_bin2_inter,QD_mix_40_phase_prec-alloc_offset-15_bin2_labels,3,6,6.0,1277.3939208984375,669.7221069335938,1.0891000032424927,dietrich
807,QD_mix_40_phase_prec-alloc_offset-15_bin2_inter,QD_mix_40_phase_prec-alloc_offset-15_bin2_labels,3,7,7.0,1709.87744140625,1102.20556640625,1.7971999645233154,dietrich
808,QD_mix_40_phase_prec-alloc_offset-15_bin2_inter,QD_mix_40_phase_prec-alloc_offset-15_bin2_labels,3,8,8.0,2278.8662109375,1671.1943359375,2.7355000972747803,dietrich
809,QD_mix_40_phase_prec-alloc_offset-15_bin2_inter,QD_mix_40_phase_prec-alloc_offset-15_bin2_labels,3,9,9.0,2982.51318359375,2374.84130859375,3.906599998474121,dietrich
810,QD_mix_40_phase_prec-alloc_offset-15_bin2_inter,QD_mix_40_phase_prec-alloc_offset-15_bin2_labels,3,10,10.0,3905.83642578125,3298.16455078125,5.458199977874756,dietrich
811,QD_mix_40_phase_prec-alloc_offset-15_bin2_inter,QD_mix_40_phase_prec-alloc_offset-15_bin2_labels,3,11,11.0,5067.3623046875,4459.6904296875,7.432199954986572,dietrich
812,QD_mix_40_phase_prec-alloc_offset-15_bin2_inter,QD_mix_40_phase_prec-alloc_offset-15_bin2_labels,3,12,12.0,6554.9248046875,5947.2529296875,9.989800453186035,dietrich
813,QD_mix_40_phase_prec-alloc_offset-15_bin2_inter,QD_mix_40_phase_prec-alloc_offset-15_bin2_labels,3,13,13.0,8322.1025390625,7714.43115234375,13.071800231933594,dietrich
814,QD_mix_40_phase_prec-alloc_offset-15_bin2_inter,QD_mix_40_phase_prec-alloc_offset-15_bin2_labels,3,14,14.0,10419.9736328125,9812.3017578125,16.78529930114746,dietrich
815,QD_mix_40_phase_prec-alloc_offset-15_bin2_inter,QD_mix_40_phase_prec-alloc_offset-15_bin2_labels,3,15,15.0,12863.958984375,12256.287109375,21.18160057067871,dietrich
816,QD_mix_40_phase_prec-alloc_offset-15_bin2_inter,QD_mix_40_phase_prec-alloc_offset-15_bin2_labels,3,16,16.0,15472.400390625,14864.7275390625,25.971099853515625,dietrich
817,QD_mix_40_phase_prec-alloc_offset-15_bin2_inter,QD_mix_40_phase_prec-alloc_offset-15_bin2_labels,3,17,17.0,18178.05078125,17570.37890625,31.05419921875,dietrich
818,QD_mix_40_phase_prec-alloc_offset-15_bin2_inter,QD_mix_40_phase_prec-alloc_offset-15_bin2_labels,3,18,18.0,20970.76953125,20363.09765625,36.42839813232422,dietrich
819,QD_mix_40_phase_prec-alloc_offset-15_bin2_inter,QD_mix_40_phase_prec-alloc_offset-15_bin2_labels,3,19,19.0,23783.06640625,23175.39453125,41.98680114746094,dietrich
820,QD_mix_40_phase_prec-alloc_offset-15_bin2_inter,QD_mix_40_phase_prec-alloc_offset-15_bin2_labels,3,20,20.0,26145.18359375,25537.51171875,46.877899169921875,dietrich
821,QD_mix_40_phase_prec-alloc_offset-15_bin2_inter,QD_mix_40_phase_prec-alloc_offset-15_bin2_labels,3,21,21.0,28066.923828125,27459.251953125,51.095401763916016,dietrich
822,QD_mix_40_phase_prec-alloc_offset-15_bin2_inter,QD_mix_40_phase_prec-alloc_offset-15_bin2_labels,3,22,22.0,29310.8125,28703.138671875,54.16360092163086,dietrich
823,QD_mix_40_phase_prec-alloc_offset-15_bin2_inter,QD_mix_40_phase_prec-alloc_offset-15_bin2_labels,3,23,23.0,29848.330078125,29240.66015625,55.97809982299805,dietrich
824,QD_mix_40_phase_prec-alloc_offset-15_bin2_inter,QD_mix_40_phase_prec-alloc_offset-15_bin2_labels,3,24,24.0,29571.43359375,28963.763671875,56.272098541259766,dietrich
825,QD_mix_40_phase_prec-alloc_offset-15_bin2_inter,QD_mix_40_phase_prec-alloc_offset-15_bin2_labels,3,25,25.0,28354.67578125,27747.00390625,54.72700119018555,dietrich
826,QD_mix_40_phase_prec-alloc_offset-15_bin2_inter,QD_mix_40_phase_prec-alloc_offset-15_bin2_labels,3,26,26.0,26654.986328125,26047.314453125,52.1702995300293,dietrich
827,QD_mix_40_phase_prec-alloc_offset-15_bin2_inter,QD_mix_40_phase_prec-alloc_offset-15_bin2_labels,3,27,27.0,24526.470703125,23918.798828125,48.662200927734375,dietrich
828,QD_mix_40_phase_prec-alloc_offset-15_bin2_inter,QD_mix_40_phase_prec-alloc_offset-15_bin2_labels,3,28,28.0,22117.541015625,21509.869140625,44.46179962158203,dietrich
829,QD_mix_40_phase_prec-alloc_offset-15_bin2_inter,QD_mix_40_phase_prec-alloc_offset-15_bin2_labels,3,29,29.0,19596.93359375,18989.26171875,39.88869857788086,dietrich
830,QD_mix_40_phase_prec-alloc_offset-15_bin2_inter,QD_mix_40_phase_prec-alloc_offset-15_bin2_labels,3,30,30.0,17094.72265625,16487.05078125,35.201698303222656,dietrich
831,QD_mix_40_phase_prec-alloc_offset-15_bin2_inter,QD_mix_40_phase_prec-alloc_offset-15_bin2_labels,3,31,31.0,14858.90234375,14251.23046875,30.933500289916992,dietrich
832,QD_mix_40_phase_prec-alloc_offset-15_bin2_inter,QD_mix_40_phase_prec-alloc_offset-15_bin2_labels,3,32,32.0,12937.0927734375,12329.4208984375,27.21109962463379,dietrich
833,QD_mix_40_phase_prec-alloc_offset-15_bin2_inter,QD_mix_40_phase_prec-alloc_offset-15_bin2_labels,3,33,33.0,11524.6005859375,10916.9287109375,24.50160026550293,dietrich
834,QD_mix_40_phase_prec-alloc_offset-15_bin2_inter,QD_mix_40_phase_prec-alloc_offset-15_bin2_labels,3,34,34.0,10422.13671875,9814.46484375,22.403099060058594,dietrich
835,QD_mix_40_phase_prec-alloc_offset-15_bin2_inter,QD_mix_40_phase_prec-alloc_offset-15_bin2_labels,3,35,35.0,9586.18359375,8978.51171875,20.84709930419922,dietrich
836,QD_mix_40_phase_prec-alloc_offset-15_bin2_inter,QD_mix_40_phase_prec-alloc_offset-15_bin2_labels,3,36,36.0,8922.984375,8315.3125,19.641199111938477,dietrich
837,QD_mix_40_phase_prec-alloc_offset-15_bin2_inter,QD_mix_40_phase_prec-alloc_offset-15_bin2_labels,3,37,37.0,8486.4521484375,7878.77978515625,18.933900833129883,dietrich
838,QD_mix_40_phase_prec-alloc_offset-15_bin2_inter,QD_mix_40_phase_prec-alloc_offset-15_bin2_labels,3,38,38.0,8139.03759765625,7531.36572265625,18.415800094604492,dietrich
839,QD_mix_40_phase_prec-alloc_offset-15_bin2_inter,QD_mix_40_phase_prec-alloc_offset-15_bin2_labels,3,39,39.0,7765.21337890625,7157.54150390625,17.809799194335938,dietrich
840,QD_mix_40_phase_prec-alloc_offset-15_bin2_inter,QD_mix_40_phase_prec-alloc_offset-15_bin2_labels,3,40,40.0,7387.95703125,6780.28466796875,17.169599533081055,dietrich
841,QD_mix_40_phase_prec-alloc_offset-15_bin2_inter,QD_mix_40_phase_prec-alloc_offset-15_bin2_labels,3,41,41.0,7139.28466796875,6531.61328125,16.834199905395508,dietrich
842,QD_mix_40_phase_prec-alloc_offset-15_bin2_inter,QD_mix_40_phase_prec-alloc_offset-15_bin2_labels,3,42,42.0,6783.9150390625,6176.2431640625,16.20319938659668,dietrich
843,QD_mix_40_phase_prec-alloc_offset-15_bin2_inter,QD_mix_40_phase_prec-alloc_offset-15_bin2_labels,3,43,43.0,6386.783203125,5779.111328125,15.434399604797363,dietrich
844,QD_mix_40_phase_prec-alloc_offset-15_bin2_inter,QD_mix_40_phase_prec-alloc_offset-15_bin2_labels,3,44,44.0,6028.794921875,5421.123046875,14.740699768066406,dietrich
845,QD_mix_40_phase_prec-alloc_offset-15_bin2_inter,QD_mix_40_phase_prec-alloc_offset-15_bin2_labels,3,45,45.0,5622.34375,5014.671875,13.884499549865723,dietrich
846,QD_mix_40_phase_prec-alloc_offset-15_bin2_inter,QD_mix_40_phase_prec-alloc_offset-15_bin2_labels,3,46,46.0,5418.18701171875,4810.51513671875,13.564299583435059,dietrich
847,QD_mix_40_phase_prec-alloc_offset-15_bin2_inter,QD_mix_40_phase_prec-alloc_offset-15_bin2_labels,3,47,47.0,5162.55859375,4554.88671875,13.081899642944336,dietrich
848,QD_mix_40_phase_prec-alloc_offset-15_bin2_inter,QD_mix_40_phase_prec-alloc_offset-15_bin2_labels,3,48,48.0,5013.69970703125,4406.02783203125,12.891599655151367,dietrich
849,QD_mix_40_phase_prec-alloc_offset-15_bin2_inter,QD_mix_40_phase_prec-alloc_offset-15_bin2_labels,3,49,49.0,4921.23681640625,4313.56494140625,12.860300064086914,dietrich
850,QD_mix_40_phase_prec-alloc_offset-15_bin2_inter,QD_mix_40_phase_prec-alloc_offset-15_bin2_labels,3,50,50.0,4963.5693359375,4355.8974609375,13.23550033569336,dietrich
851,QD_mix_40_phase_prec-alloc_offset-15_bin2_inter,QD_mix_40_phase_prec-alloc_offset-15_bin2_labels,3,51,51.0,4976.96240234375,4369.29052734375,13.534299850463867,dietrich
852,QD_mix_40_phase_prec-alloc_offset-15_bin2_inter,QD_mix_40_phase_prec-alloc_offset-15_bin2_labels,3,52,52.0,5174.7939453125,4567.1220703125,14.426199913024902,dietrich
853,QD_mix_40_phase_prec-alloc_offset-15_bin2_inter,QD_mix_40_phase_prec-alloc_offset-15_bin2_labels,3,53,53.0,5351.43603515625,4743.76416015625,15.284600257873535,dietrich
854,QD_mix_40_phase_prec-alloc_offset-15_bin2_inter,QD_mix_40_phase_prec-alloc_offset-15_bin2_labels,3,54,54.0,5587.52783203125,4979.85595703125,16.372900009155273,dietrich
855,QD_mix_40_phase_prec-alloc_offset-15_bin2_inter,QD_mix_40_phase_prec-alloc_offset-15_bin2_labels,3,55,55.0,5863.86767578125,5256.19580078125,17.64109992980957,dietrich
856,QD_mix_40_phase_prec-alloc_offset-15_bin2_inter,QD_mix_40_phase_prec-alloc_offset-15_bin2_labels,3,56,56.0,5963.673828125,5356.001953125,18.358200073242188,dietrich
857,QD_mix_40_phase_prec-alloc_offset-15_bin2_inter,QD_mix_40_phase_prec-alloc_offset-15_bin2_labels,3,57,57.0,6058.34765625,5450.67578125,19.089000701904297,dietrich
858,QD_mix_40_phase_prec-alloc_offset-15_bin2_inter,QD_mix_40_phase_prec-alloc_offset-15_bin2_labels,3,58,58.0,6253.755859375,5646.083984375,20.214000701904297,dietrich
859,QD_mix_40_phase_prec-alloc_offset-15_bin2_inter,QD_mix_40_phase_prec-alloc_offset-15_bin2_labels,3,59,59.0,6183.8935546875,5576.2216796875,20.420700073242188,dietrich
860,QD_mix_40_phase_prec-alloc_offset-15_bin2_inter,QD_mix_40_phase_prec-alloc_offset-15_bin2_labels,3,60,60.0,6078.74267578125,5471.07080078125,20.507099151611328,dietrich
861,QD_mix_40_phase_prec-alloc_offset-15_bin2_inter,QD_mix_40_phase_prec-alloc_offset-15_bin2_labels,3,61,61.0,5897.64306640625,5289.97119140625,20.30900001525879,dietrich
862,QD_mix_40_phase_prec-alloc_offset-15_bin2_inter,QD_mix_40_phase_prec-alloc_offset-15_bin2_labels,3,62,62.0,5594.2421875,4986.5703125,19.623199462890625,dietrich
863,QD_mix_40_phase_prec-alloc_offset-15_bin2_inter,QD_mix_40_phase_prec-alloc_offset-15_bin2_labels,3,63,63.0,5321.12939453125,4713.45751953125,19.028200149536133,dietrich
864,QD_mix_40_phase_prec-alloc_offset-15_bin2_inter,QD_mix_40_phase_prec-alloc_offset-15_bin2_labels,3,64,64.0,4890.68359375,4283.01171875,17.753599166870117,dietrich
865,QD_mix_40_phase_prec-alloc_offset-15_bin2_inter,QD_mix_40_phase_prec-alloc_offset-15_bin2_labels,3,65,65.0,4538.6845703125,3931.0126953125,16.74720001220703,dietrich
866,QD_mix_40_phase_prec-alloc_offset-15_bin2_inter,QD_mix_40_phase_prec-alloc_offset-15_bin2_labels,3,66,66.0,4069.048095703125,3461.3759765625,15.172100067138672,dietrich
867,QD_mix_40_phase_prec-alloc_offset-15_bin2_inter,QD_mix_40_phase_prec-alloc_offset-15_bin2_labels,3,67,67.0,3577.73291015625,2970.06103515625,13.409600257873535,dietrich
868,QD_mix_40_phase_prec-alloc_offset-15_bin2_inter,QD_mix_40_phase_prec-alloc_offset-15_bin2_labels,3,68,68.0,3121.6982421875,2514.0263671875,11.706000328063965,dietrich
869,QD_mix_40_phase_prec-alloc_offset-15_bin2_inter,QD_mix_40_phase_prec-alloc_offset-15_bin2_labels,3,69,69.0,2713.701171875,2106.029296875,10.126799583435059,dietrich
870,QD_mix_40_phase_prec-alloc_offset-15_bin2_inter,QD_mix_40_phase_prec-alloc_offset-15_bin2_labels,3,70,70.0,2364.4697265625,1756.7978515625,8.736100196838379,dietrich
871,QD_mix_40_phase_prec-alloc_offset-15_bin2_inter,QD_mix_40_phase_prec-alloc_offset-15_bin2_labels,3,71,71.0,2034.3824462890625,1426.7105712890625,7.348499774932861,dietrich
872,QD_mix_40_phase_prec-alloc_offset-15_bin2_inter,QD_mix_40_phase_prec-alloc_offset-15_bin2_labels,3,72,72.0,1724.7635498046875,1117.0919189453125,5.969600200653076,dietrich
873,QD_mix_40_phase_prec-alloc_offset-15_bin2_inter,QD_mix_40_phase_prec-alloc_offset-15_bin2_labels,3,73,73.0,1509.645751953125,901.973876953125,5.009900093078613,dietrich
874,QD_mix_40_phase_prec-alloc_offset-15_bin2_inter,QD_mix_40_phase_prec-alloc_offset-15_bin2_labels,3,74,74.0,1334.9742431640625,727.3024291992188,4.207099914550781,dietrich
875,QD_mix_40_phase_prec-alloc_offset-15_bin2_inter,QD_mix_40_phase_prec-alloc_offset-15_bin2_labels,3,75,75.0,1168.5667724609375,560.89501953125,3.3861000537872314,dietrich
876,QD_mix_40_phase_prec-alloc_offset-15_bin2_inter,QD_mix_40_phase_prec-alloc_offset-15_bin2_labels,3,76,76.0,1115.844970703125,508.1731872558594,3.2090001106262207,dietrich
877,QD_mix_40_phase_prec-alloc_offset-15_bin2_inter,QD_mix_40_phase_prec-alloc_offset-15_bin2_labels,3,77,77.0,456.6571960449219,-151.0146026611328,-1.0,dietrich
878,QD_mix_40_phase_prec-alloc_offset-15_bin2_inter,QD_mix_40_phase_prec-alloc_offset-15_bin2_labels,3,78,78.0,464.0469970703125,-143.62489318847656,-1.0,dietrich
879,QD_mix_40_phase_prec-alloc_offset-15_bin2_inter,QD_mix_40_phase_prec-alloc_offset-15_bin2_labels,3,79,79.0,471.4739990234375,-136.1977996826172,-1.0,dietrich
880,QD_mix_40_phase_prec-alloc_offset-15_bin2_inter,QD_mix_40_phase_prec-alloc_offset-15_bin2_labels,3,80,80.0,478.92779541015625,-128.74400329589844,-1.0,dietrich
881,QD_mix_40_phase_prec-alloc_offset-15_bin2_inter,QD_mix_40_phase_prec-alloc_offset-15_bin2_labels,3,81,81.0,486.3962097167969,-121.27570343017578,-1.0,dietrich
882,QD_mix_40_phase_prec-alloc_offset-15_bin2_inter,QD_mix_40_phase_prec-alloc_offset-15_bin2_labels,3,82,82.0,493.8651123046875,-113.80670166015625,-1.0,dietrich
883,QD_mix_40_phase_prec-alloc_offset-15_bin2_inter,QD_mix_40_phase_prec-alloc_offset-15_bin2_labels,3,83,83.0,501.3192138671875,-106.35260009765625,-1.0,dietrich
884,QD_mix_40_phase_prec-alloc_offset-15_bin2_inter,QD_mix_40_phase_prec-alloc_offset-15_bin2_labels,3,84,84.0,508.7413024902344,-98.93049621582031,-1.0,dietrich
885,QD_mix_40_phase_prec-alloc_offset-15_bin2_inter,QD_mix_40_phase_prec-alloc_offset-15_bin2_labels,3,85,85.0,516.1123046875,-91.55950164794922,-1.0,dietrich
886,QD_mix_40_phase_prec-alloc_offset-15_bin2_inter,QD_mix_40_phase_prec-alloc_offset-15_bin2_labels,3,86,86.0,523.411376953125,-84.2603988647461,-1.0,dietrich
887,QD_mix_40_phase_prec-alloc_offset-15_bin2_inter,QD_mix_40_phase_prec-alloc_offset-15_bin2_labels,3,87,87.0,530.6157836914062,-77.05599975585938,-1.0,dietrich
888,QD_mix_40_phase_prec-alloc_offset-15_bin2_inter,QD_mix_40_phase_prec-alloc_offset-15_bin2_labels,3,88,88.0,537.7008056640625,-69.97100067138672,-1.0,dietrich
889,QD_mix_40_phase_prec-alloc_offset-15_bin2_inter,QD_mix_40_phase_prec-alloc_offset-15_bin2_labels,3,89,89.0,544.639404296875,-63.03239822387695,-1.0,dietrich
890,QD_mix_40_phase_prec-alloc_offset-15_bin2_inter,QD_mix_40_phase_prec-alloc_offset-15_bin2_labels,3,90,90.0,551.4030151367188,-56.26890182495117,-1.0,dietrich
891,QD_mix_40_phase_prec-alloc_offset-15_bin2_inter,QD_mix_40_phase_prec-alloc_offset-15_bin2_labels,3,91,91.0,557.960205078125,-49.711700439453125,-1.0,dietrich
892,QD_mix_40_phase_prec-alloc_offset-15_bin2_inter,QD_mix_40_phase_prec-alloc_offset-15_bin2_labels,3,92,92.0,564.2777709960938,-43.39400100708008,-1.0,dietrich
893,QD_mix_40_phase_prec-alloc_offset-15_bin2_inter,QD_mix_40_phase_prec-alloc_offset-15_bin2_labels,3,93,93.0,570.3203125,-37.35150146484375,-1.0,dietrich
894,QD_mix_40_phase_prec-alloc_offset-15_bin2_inter,QD_mix_40_phase_prec-alloc_offset-15_bin2_labels,3,94,94.0,576.0496826171875,-31.622100830078125,-1.0,dietrich
895,QD_mix_40_phase_prec-alloc_offset-15_bin2_inter,QD_mix_40_phase_prec-alloc_offset-15_bin2_labels,3,95,95.0,581.4255981445312,-26.246200561523438,-1.0,dietrich
896,QD_mix_40_phase_prec-alloc_offset-15_bin2_inter,QD_mix_40_phase_prec-alloc_offset-15_bin2_labels,3,96,96.0,586.4052124023438,-21.266599655151367,-1.0,dietrich
897,QD_mix_40_phase_prec-alloc_offset-15_bin2_inter,QD_mix_40_phase_prec-alloc_offset-15_bin2_labels,3,97,97.0,590.9429931640625,-16.72879981994629,-1.0,dietrich
898,QD_mix_40_phase_prec-alloc_offset-15_bin2_inter,QD_mix_40_phase_prec-alloc_offset-15_bin2_labels,3,98,98.0,594.9912109375,-12.680700302124023,-1.0,dietrich
899,QD_mix_40_phase_prec-alloc_offset-15_bin2_inter,QD_mix_40_phase_prec-alloc_offset-15_bin2_labels,3,100,99.0,598.498779296875,-9.172900199890137,-1.0,dietrich
900,QD_mix_40_phase_prec-alloc_offset-15_bin2_inter,QD_mix_40_phase_prec-alloc_offset-15_bin2_labels,4,0,0.0,285.6957092285156,-66.8373031616211,-0.1898999959230423,dietrich
901,QD_mix_40_phase_prec-alloc_offset-15_bin2_inter,QD_mix_40_phase_prec-alloc_offset-15_bin2_labels,4,1,1.0,298.8352966308594,-53.69770050048828,-0.15209999680519104,dietrich
902,QD_mix_40_phase_prec-alloc_offset-15_bin2_inter,QD_mix_40_phase_prec-alloc_offset-15_bin2_labels,4,2,2.0,339.82958984375,-12.703399658203125,-0.03590000048279762,dietrich
903,QD_mix_40_phase_prec-alloc_offset-15_bin2_inter,QD_mix_40_phase_prec-alloc_offset-15_bin2_labels,4,3,3.0,384.364013671875,31.83099937438965,0.09000000357627869,dietrich
904,QD_mix_40_phase_prec-alloc_offset-15_bin2_inter,QD_mix_40_phase_prec-alloc_offset-15_bin2_labels,4,4,4.0,450.9674072265625,98.43440246582031,0.27880001068115234,dietrich
905,QD_mix_40_phase_prec-alloc_offset-15_bin2_inter,QD_mix_40_phase_prec-alloc_offset-15_bin2_labels,4,5,5.0,525.146484375,172.61349487304688,0.49000000953674316,dietrich
906,QD_mix_40_phase_prec-alloc_offset-15_bin2_inter,QD_mix_40_phase_prec-alloc_offset-15_bin2_labels,4,6,6.0,644.531494140625,291.9985046386719,0.8317999839782715,dietrich
907,QD_mix_40_phase_prec-alloc_offset-15_bin2_inter,QD_mix_40_phase_prec-alloc_offset-15_bin2_labels,4,7,7.0,815.7366943359375,463.20361328125,1.3255000114440918,dietrich
908,QD_mix_40_phase_prec-alloc_offset-15_bin2_inter,QD_mix_40_phase_prec-alloc_offset-15_bin2_labels,4,8,8.0,1069.04638671875,716.513427734375,2.061500072479248,dietrich
909,QD_mix_40_phase_prec-alloc_offset-15_bin2_inter,QD_mix_40_phase_prec-alloc_offset-15_bin2_labels,4,9,9.0,1354.6710205078125,1002.1380004882812,2.901599884033203,dietrich
910,QD_mix_40_phase_prec-alloc_offset-15_bin2_inter,QD_mix_40_phase_prec-alloc_offset-15_bin2_labels,4,10,10.0,1836.796142578125,1484.2633056640625,4.328499794006348,dietrich
911,QD_mix_40_phase_prec-alloc_offset-15_bin2_inter,QD_mix_40_phase_prec-alloc_offset-15_bin2_labels,4,11,11.0,2388.183837890625,2035.6507568359375,5.983799934387207,dietrich
912,QD_mix_40_phase_prec-alloc_offset-15_bin2_inter,QD_mix_40_phase_prec-alloc_offset-15_bin2_labels,4,12,12.0,3059.88232421875,2707.349365234375,8.027600288391113,dietrich
913,QD_mix_40_phase_prec-alloc_offset-15_bin2_inter,QD_mix_40_phase_prec-alloc_offset-15_bin2_labels,4,13,13.0,3942.067138671875,3589.533935546875,10.743399620056152,dietrich
914,QD_mix_40_phase_prec-alloc_offset-15_bin2_inter,QD_mix_40_phase_prec-alloc_offset-15_bin2_labels,4,14,14.0,4947.544921875,4595.01171875,13.890800476074219,dietrich
915,QD_mix_40_phase_prec-alloc_offset-15_bin2_inter,QD_mix_40_phase_prec-alloc_offset-15_bin2_labels,4,15,15.0,6048.12939453125,5695.59619140625,17.400999069213867,dietrich
916,QD_mix_40_phase_prec-alloc_offset-15_bin2_inter,QD_mix_40_phase_prec-alloc_offset-15_bin2_labels,4,16,16.0,7434.68017578125,7082.146484375,21.8794002532959,dietrich
917,QD_mix_40_phase_prec-alloc_offset-15_bin2_inter,QD_mix_40_phase_prec-alloc_offset-15_bin2_labels,4,17,17.0,8859.9873046875,8507.4541015625,26.590900421142578,dietrich
918,QD_mix_40_phase_prec-alloc_offset-15_bin2_inter,QD_mix_40_phase_prec-alloc_offset-15_bin2_labels,4,18,18.0,10333.6376953125,9981.1044921875,31.577999114990234,dietrich
919,QD_mix_40_phase_prec-alloc_offset-15_bin2_inter,QD_mix_40_phase_prec-alloc_offset-15_bin2_labels,4,19,19.0,11814.119140625,11461.5859375,36.72140121459961,dietrich
920,QD_mix_40_phase_prec-alloc_offset-15_bin2_inter,QD_mix_40_phase_prec-alloc_offset-15_bin2_labels,4,20,20.0,13277.9541015625,12925.4208984375,41.95370101928711,dietrich
921,QD_mix_40_phase_prec-alloc_offset-15_bin2_inter,QD_mix_40_phase_prec-alloc_offset-15_bin2_labels,4,21,21.0,14652.0498046875,14299.515625,47.040199279785156,dietrich
922,QD_mix_40_phase_prec-alloc_offset-15_bin2_inter,QD_mix_40_phase_prec-alloc_offset-15_bin2_labels,4,22,22.0,15614.6748046875,15262.142578125,50.90290069580078,dietrich
923,QD_mix_40_phase_prec-alloc_offset-15_bin2_inter,QD_mix_40_phase_prec-alloc_offset-15_bin2_labels,4,23,23.0,16309.9052734375,15957.373046875,53.97779846191406,dietrich
924,QD_mix_40_phase_prec-alloc_offset-15_bin2_inter,QD_mix_40_phase_prec-alloc_offset-15_bin2_labels,4,24,24.0,16759.818359375,16407.28515625,56.30580139160156,dietrich
925,QD_mix_40_phase_prec-alloc_offset-15_bin2_inter,QD_mix_40_phase_prec-alloc_offset-15_bin2_labels,4,25,25.0,16545.80859375,16193.275390625,56.39500045776367,dietrich
926,QD_mix_40_phase_prec-alloc_offset-15_bin2_inter,QD_mix_40_phase_prec-alloc_offset-15_bin2_labels,4,26,26.0,16049.4931640625,15696.9599609375,55.49169921875,dietrich
927,QD_mix_40_phase_prec-alloc_offset-15_bin2_inter,QD_mix_40_phase_prec-alloc_offset-15_bin2_labels,4,27,27.0,15182.123046875,14829.5908203125,53.22999954223633,dietrich
928,QD_mix_40_phase_prec-alloc_offset-15_bin2_inter,QD_mix_40_phase_prec-alloc_offset-15_bin2_labels,4,28,28.0,14180.267578125,13827.734375,50.40729904174805,dietrich
929,QD_mix_40_phase_prec-alloc_offset-15_bin2_inter,QD_mix_40_phase_prec-alloc_offset-15_bin2_labels,4,29,29.0,13051.087890625,12698.5546875,47.02239990234375,dietrich
930,QD_mix_40_phase_prec-alloc_offset-15_bin2_inter,QD_mix_40_phase_prec-alloc_offset-15_bin2_labels,4,30,30.0,11894.455078125,11541.921875,43.42340087890625,dietrich
931,QD_mix_40_phase_prec-alloc_offset-15_bin2_inter,QD_mix_40_phase_prec-alloc_offset-15_bin2_labels,4,31,31.0,10752.72265625,10400.189453125,39.76139831542969,dietrich
932,QD_mix_40_phase_prec-alloc_offset-15_bin2_inter,QD_mix_40_phase_prec-alloc_offset-15_bin2_labels,4,32,32.0,9742.9716796875,9390.4384765625,36.48860168457031,dietrich
933,QD_mix_40_phase_prec-alloc_offset-15_bin2_inter,QD_mix_40_phase_prec-alloc_offset-15_bin2_labels,4,33,33.0,8881.1259765625,8528.5927734375,33.6875,dietrich
934,QD_mix_40_phase_prec-alloc_offset-15_bin2_inter,QD_mix_40_phase_prec-alloc_offset-15_bin2_labels,4,34,34.0,8218.556640625,7866.0234375,31.588899612426758,dietrich
935,QD_mix_40_phase_prec-alloc_offset-15_bin2_inter,QD_mix_40_phase_prec-alloc_offset-15_bin2_labels,4,35,35.0,7756.48095703125,7403.9482421875,30.23390007019043,dietrich
936,QD_mix_40_phase_prec-alloc_offset-15_bin2_inter,QD_mix_40_phase_prec-alloc_offset-15_bin2_labels,4,36,36.0,7456.70654296875,7104.1728515625,29.502300262451172,dietrich
937,QD_mix_40_phase_prec-alloc_offset-15_bin2_inter,QD_mix_40_phase_prec-alloc_offset-15_bin2_labels,4,37,37.0,7263.47607421875,6910.943359375,29.191099166870117,dietrich
938,QD_mix_40_phase_prec-alloc_offset-15_bin2_inter,QD_mix_40_phase_prec-alloc_offset-15_bin2_labels,4,38,38.0,7082.6767578125,6730.14306640625,28.91790008544922,dietrich
939,QD_mix_40_phase_prec-alloc_offset-15_bin2_inter,QD_mix_40_phase_prec-alloc_offset-15_bin2_labels,4,39,39.0,6888.41748046875,6535.884765625,28.571699142456055,dietrich
940,QD_mix_40_phase_prec-alloc_offset-15_bin2_inter,QD_mix_40_phase_prec-alloc_offset-15_bin2_labels,4,40,40.0,6682.98095703125,6330.44775390625,28.158700942993164,dietrich
941,QD_mix_40_phase_prec-alloc_offset-15_bin2_inter,QD_mix_40_phase_prec-alloc_offset-15_bin2_labels,4,41,41.0,6495.93115234375,6143.39794921875,27.809600830078125,dietrich
942,QD_mix_40_phase_prec-alloc_offset-15_bin2_inter,QD_mix_40_phase_prec-alloc_offset-15_bin2_labels,4,42,42.0,6272.73974609375,5920.20654296875,27.27669906616211,dietrich
943,QD_mix_40_phase_prec-alloc_offset-15_bin2_inter,QD_mix_40_phase_prec-alloc_offset-15_bin2_labels,4,43,43.0,5866.89794921875,5514.36474609375,25.863500595092773,dietrich
944,QD_mix_40_phase_prec-alloc_offset-15_bin2_inter,QD_mix_40_phase_prec-alloc_offset-15_bin2_labels,4,44,44.0,5624.5712890625,5272.0380859375,25.175500869750977,dietrich
945,QD_mix_40_phase_prec-alloc_offset-15_bin2_inter,QD_mix_40_phase_prec-alloc_offset-15_bin2_labels,4,45,45.0,5276.63427734375,4924.10107421875,23.944599151611328,dietrich
946,QD_mix_40_phase_prec-alloc_offset-15_bin2_inter,QD_mix_40_phase_prec-alloc_offset-15_bin2_labels,4,46,46.0,4970.74365234375,4618.21044921875,22.872800827026367,dietrich
947,QD_mix_40_phase_prec-alloc_offset-15_bin2_inter,QD_mix_40_phase_prec-alloc_offset-15_bin2_labels,4,47,47.0,4685.04052734375,4332.50732421875,21.85930061340332,dietrich
948,QD_mix_40_phase_prec-alloc_offset-15_bin2_inter,QD_mix_40_phase_prec-alloc_offset-15_bin2_labels,4,48,48.0,4491.20947265625,4138.67626953125,21.27680015563965,dietrich
949,QD_mix_40_phase_prec-alloc_offset-15_bin2_inter,QD_mix_40_phase_prec-alloc_offset-15_bin2_labels,4,49,49.0,4336.67724609375,3984.144287109375,20.87529945373535,dietrich
950,QD_mix_40_phase_prec-alloc_offset-15_bin2_inter,QD_mix_40_phase_prec-alloc_offset-15_bin2_labels,4,50,50.0,4181.47265625,3828.939697265625,20.45240020751953,dietrich
951,QD_mix_40_phase_prec-alloc_offset-15_bin2_inter,QD_mix_40_phase_prec-alloc_offset-15_bin2_labels,4,51,51.0,4223.8408203125,3871.30810546875,21.087200164794922,dietrich
952,QD_mix_40_phase_prec-alloc_offset-15_bin2_inter,QD_mix_40_phase_prec-alloc_offset-15_bin2_labels,4,52,52.0,4252.8505859375,3900.317138671875,21.671600341796875,dietrich
953,QD_mix_40_phase_prec-alloc_offset-15_bin2_inter,QD_mix_40_phase_prec-alloc_offset-15_bin2_labels,4,53,53.0,4323.74853515625,3971.215087890625,22.516300201416016,dietrich
954,QD_mix_40_phase_prec-alloc_offset-15_bin2_inter,QD_mix_40_phase_prec-alloc_offset-15_bin2_labels,4,54,54.0,4523.97900390625,4171.44580078125,24.14389991760254,dietrich
955,QD_mix_40_phase_prec-alloc_offset-15_bin2_inter,QD_mix_40_phase_prec-alloc_offset-15_bin2_labels,4,55,55.0,4683.0419921875,4330.5087890625,25.596900939941406,dietrich
956,QD_mix_40_phase_prec-alloc_offset-15_bin2_inter,QD_mix_40_phase_prec-alloc_offset-15_bin2_labels,4,56,56.0,4915.44775390625,4562.91455078125,27.55590057373047,dietrich
957,QD_mix_40_phase_prec-alloc_offset-15_bin2_inter,QD_mix_40_phase_prec-alloc_offset-15_bin2_labels,4,57,57.0,5039.5791015625,4687.0458984375,28.93400001525879,dietrich
958,QD_mix_40_phase_prec-alloc_offset-15_bin2_inter,QD_mix_40_phase_prec-alloc_offset-15_bin2_labels,4,58,58.0,5133.2138671875,4780.6806640625,30.183500289916992,dietrich
959,QD_mix_40_phase_prec-alloc_offset-15_bin2_inter,QD_mix_40_phase_prec-alloc_offset-15_bin2_labels,4,59,59.0,5243.142578125,4890.609375,31.598499298095703,dietrich
960,QD_mix_40_phase_prec-alloc_offset-15_bin2_inter,QD_mix_40_phase_prec-alloc_offset-15_bin2_labels,4,60,60.0,5233.01416015625,4880.48095703125,32.289798736572266,dietrich
961,QD_mix_40_phase_prec-alloc_offset-15_bin2_inter,QD_mix_40_phase_prec-alloc_offset-15_bin2_labels,4,61,61.0,5156.45703125,4803.923828125,32.56829833984375,dietrich
962,QD_mix_40_phase_prec-alloc_offset-15_bin2_inter,QD_mix_40_phase_prec-alloc_offset-15_bin2_labels,4,62,62.0,4939.9755859375,4587.4423828125,31.892499923706055,dietrich
963,QD_mix_40_phase_prec-alloc_offset-15_bin2_inter,QD_mix_40_phase_prec-alloc_offset-15_bin2_labels,4,63,63.0,4823.60009765625,4471.06689453125,31.90049934387207,dietrich
964,QD_mix_40_phase_prec-alloc_offset-15_bin2_inter,QD_mix_40_phase_prec-alloc_offset-15_bin2_labels,4,64,64.0,4524.94287109375,4172.40966796875,30.57859992980957,dietrich
965,QD_mix_40_phase_prec-alloc_offset-15_bin2_inter,QD_mix_40_phase_prec-alloc_offset-15_bin2_labels,4,65,65.0,4170.166015625,3817.6328125,28.765899658203125,dietrich
966,QD_mix_40_phase_prec-alloc_offset-15_bin2_inter,QD_mix_40_phase_prec-alloc_offset-15_bin2_labels,4,66,66.0,3851.837890625,3499.30517578125,27.136699676513672,dietrich
967,QD_mix_40_phase_prec-alloc_offset-15_bin2_inter,QD_mix_40_phase_prec-alloc_offset-15_bin2_labels,4,67,67.0,3449.289306640625,3096.756103515625,24.742700576782227,dietrich
968,QD_mix_40_phase_prec-alloc_offset-15_bin2_inter,QD_mix_40_phase_prec-alloc_offset-15_bin2_labels,4,68,68.0,3062.11865234375,2709.585693359375,22.331600189208984,dietrich
969,QD_mix_40_phase_prec-alloc_offset-15_bin2_inter,QD_mix_40_phase_prec-alloc_offset-15_bin2_labels,4,69,69.0,2624.34423828125,2271.811279296875,19.338199615478516,dietrich
970,QD_mix_40_phase_prec-alloc_offset-15_bin2_inter,QD_mix_40_phase_prec-alloc_offset-15_bin2_labels,4,70,70.0,2326.44970703125,1973.916748046875,17.377700805664062,dietrich
971,QD_mix_40_phase_prec-alloc_offset-15_bin2_inter,QD_mix_40_phase_prec-alloc_offset-15_bin2_labels,4,71,71.0,1928.008544921875,1575.4757080078125,14.366000175476074,dietrich
972,QD_mix_40_phase_prec-alloc_offset-15_bin2_inter,QD_mix_40_phase_prec-alloc_offset-15_bin2_labels,4,72,72.0,1672.781982421875,1320.2490234375,12.489100456237793,dietrich
973,QD_mix_40_phase_prec-alloc_offset-15_bin2_inter,QD_mix_40_phase_prec-alloc_offset-15_bin2_labels,4,73,73.0,1455.7667236328125,1103.2337646484375,10.845199584960938,dietrich
974,QD_mix_40_phase_prec-alloc_offset-15_bin2_inter,QD_mix_40_phase_prec-alloc_offset-15_bin2_labels,4,74,74.0,1272.1800537109375,919.6470947265625,9.412199974060059,dietrich
975,QD_mix_40_phase_prec-alloc_offset-15_bin2_inter,QD_mix_40_phase_prec-alloc_offset-15_bin2_labels,4,75,75.0,1098.2745361328125,745.7415161132812,7.962100028991699,dietrich
976,QD_mix_40_phase_prec-alloc_offset-15_bin2_inter,QD_mix_40_phase_prec-alloc_offset-15_bin2_labels,4,76,76.0,967.4932861328125,614.960205078125,6.864299774169922,dietrich
977,QD_mix_40_phase_prec-alloc_offset-15_bin2_inter,QD_mix_40_phase_prec-alloc_offset-15_bin2_labels,4,77,77.0,267.0422058105469,-85.49079895019531,-1.0,dietrich
978,QD_mix_40_phase_prec-alloc_offset-15_bin2_inter,QD_mix_40_phase_prec-alloc_offset-15_bin2_labels,4,78,78.0,271.1601867675781,-81.372802734375,-1.0,dietrich
979,QD_mix_40_phase_prec-alloc_offset-15_bin2_inter,QD_mix_40_phase_prec-alloc_offset-15_bin2_labels,4,79,79.0,275.2947082519531,-77.23829650878906,-1.0,dietrich
980,QD_mix_40_phase_prec-alloc_offset-15_bin2_inter,QD_mix_40_phase_prec-alloc_offset-15_bin2_labels,4,80,80.0,279.4410095214844,-73.09200286865234,-1.0,dietrich
981,QD_mix_40_phase_prec-alloc_offset-15_bin2_inter,QD_mix_40_phase_prec-alloc_offset-15_bin2_labels,4,81,81.0,283.5935974121094,-68.93939971923828,-1.0,dietrich
982,QD_mix_40_phase_prec-alloc_offset-15_bin2_inter,QD_mix_40_phase_prec-alloc_offset-15_bin2_labels,4,82,82.0,287.7466125488281,-64.7863998413086,-1.0,dietrich
983,QD_mix_40_phase_prec-alloc_offset-15_bin2_inter,QD_mix_40_phase_prec-alloc_offset-15_bin2_labels,4,83,83.0,291.89300537109375,-60.63999938964844,-1.0,dietrich
984,QD_mix_40_phase_prec-alloc_offset-15_bin2_inter,QD_mix_40_phase_prec-alloc_offset-15_bin2_labels,4,84,84.0,296.02520751953125,-56.5078010559082,-1.0,dietrich
985,QD_mix_40_phase_prec-alloc_offset-15_bin2_inter,QD_mix_40_phase_prec-alloc_offset-15_bin2_labels,4,85,85.0,300.135009765625,-52.398101806640625,-1.0,dietrich
986,QD_mix_40_phase_prec-alloc_offset-15_bin2_inter,QD_mix_40_phase_prec-alloc_offset-15_bin2_labels,4,86,86.0,304.212890625,-48.320098876953125,-1.0,dietrich
987,QD_mix_40_phase_prec-alloc_offset-15_bin2_inter,QD_mix_40_phase_prec-alloc_offset-15_bin2_labels,4,87,87.0,308.2489929199219,-44.284000396728516,-1.0,dietrich
988,QD_mix_40_phase_prec-alloc_offset-15_bin2_inter,QD_mix_40_phase_prec-alloc_offset-15_bin2_labels,4,88,88.0,312.2323913574219,-40.30059814453125,-1.0,dietrich
989,QD_mix_40_phase_prec-alloc_offset-15_bin2_inter,QD_mix_40_phase_prec-alloc_offset-15_bin2_labels,4,89,89.0,316.1512145996094,-36.38180160522461,-1.0,dietrich
990,QD_mix_40_phase_prec-alloc_offset-15_bin2_inter,QD_mix_40_phase_prec-alloc_offset-15_bin2_labels,4,90,90.0,319.99261474609375,-32.540401458740234,-1.0,dietrich
991,QD_mix_40_phase_prec-alloc_offset-15_bin2_inter,QD_mix_40_phase_prec-alloc_offset-15_bin2_labels,4,91,91.0,323.7430114746094,-28.790000915527344,-1.0,dietrich
992,QD_mix_40_phase_prec-alloc_offset-15_bin2_inter,QD_mix_40_phase_prec-alloc_offset-15_bin2_labels,4,92,92.0,327.38751220703125,-25.14550018310547,-1.0,dietrich
993,QD_mix_40_phase_prec-alloc_offset-15_bin2_inter,QD_mix_40_phase_prec-alloc_offset-15_bin2_labels,4,93,93.0,330.9106140136719,-21.622400283813477,-1.0,dietrich
994,QD_mix_40_phase_prec-alloc_offset-15_bin2_inter,QD_mix_40_phase_prec-alloc_offset-15_bin2_labels,4,94,94.0,334.2952880859375,-18.237699508666992,-1.0,dietrich
995,QD_mix_40_phase_prec-alloc_offset-15_bin2_inter,QD_mix_40_phase_prec-alloc_offset-15_bin2_labels,4,95,95.0,337.52398681640625,-15.008999824523926,-1.0,dietrich
996,QD_mix_40_phase_prec-alloc_offset-15_bin2_inter,QD_mix_40_phase_prec-alloc_offset-15_bin2_labels,4,96,96.0,340.5776062011719,-11.955400466918945,-1.0,dietrich
997,QD_mix_40_phase_prec-alloc_offset-15_bin2_inter,QD_mix_40_phase_prec-alloc_offset-15_bin2_labels,4,97,97.0,343.4361877441406,-9.096799850463867,-1.0,dietrich
998,QD_mix_40_phase_prec-alloc_offset-15_bin2_inter,QD_mix_40_phase_prec-alloc_offset-15_bin2_labels,4,98,98.0,346.07861328125,-6.454400062561035,-1.0,dietrich
999,QD_mix_40_phase_prec-alloc_offset-15_bin2_inter,QD_mix_40_phase_prec-alloc_offset-15_bin2_labels,4,100,99.0,348.4822082519531,-4.0507001876831055,-1.0,dietrich
1000,QD_mix_40_phase_prec-alloc_offset-15_bin2_inter,QD_mix_40_phase_prec-alloc_offset-15_bin2_labels,5,0,0.0,310.8703918457031,-140.87489318847656,-0.31360000371932983,dietrich
1001,QD_mix_40_phase_prec-alloc_offset-15_bin2_inter,QD_mix_40_phase_prec-alloc_offset-15_bin2_labels,5,1,1.0,361.7449951171875,-90.00029754638672,-0.1981000006198883,dietrich
1002,QD_mix_40_phase_prec-alloc_offset-15_bin2_inter,QD_mix_40_phase_prec-alloc_offset-15_bin2_labels,5,2,2.0,418.0303039550781,-33.7150993347168,-0.07360000163316727,dietrich
1003,QD_mix_40_phase_prec-alloc_offset-15_bin2_inter,QD_mix_40_phase_prec-alloc_offset-15_bin2_labels,5,3,3.0,506.773193359375,55.02790069580078,0.1193000003695488,dietrich
1004,QD_mix_40_phase_prec-alloc_offset-15_bin2_inter,QD_mix_40_phase_prec-alloc_offset-15_bin2_labels,5,4,4.0,626.423095703125,174.67770385742188,0.37700000405311584,dietrich
1005,QD_mix_40_phase_prec-alloc_offset-15_bin2_inter,QD_mix_40_phase_prec-alloc_offset-15_bin2_labels,5,5,5.0,799.8259887695312,348.0805969238281,0.7494000196456909,dietrich
1006,QD_mix_40_phase_prec-alloc_offset-15_bin2_inter,QD_mix_40_phase_prec-alloc_offset-15_bin2_labels,5,6,6.0,1018.8936767578125,567.1483154296875,1.2200000286102295,dietrich
1007,QD_mix_40_phase_prec-alloc_offset-15_bin2_inter,QD_mix_40_phase_prec-alloc_offset-15_bin2_labels,5,7,7.0,1254.4599609375,802.714599609375,1.7280999422073364,dietrich
1008,QD_mix_40_phase_prec-alloc_offset-15_bin2_inter,QD_mix_40_phase_prec-alloc_offset-15_bin2_labels,5,8,8.0,1580.003662109375,1128.25830078125,2.434499979019165,dietrich
1009,QD_mix_40_phase_prec-alloc_offset-15_bin2_inter,QD_mix_40_phase_prec-alloc_offset-15_bin2_labels,5,9,9.0,1981.0301513671875,1529.284912109375,3.3117001056671143,dietrich
1010,QD_mix_40_phase_prec-alloc_offset-15_bin2_inter,QD_mix_40_phase_prec-alloc_offset-15_bin2_labels,5,10,10.0,2439.9560546875,1988.2105712890625,4.326499938964844,dietrich
1011,QD_mix_40_phase_prec-alloc_offset-15_bin2_inter,QD_mix_40_phase_prec-alloc_offset-15_bin2_labels,5,11,11.0,2948.875244140625,2497.1298828125,5.466800212860107,dietrich
1012,QD_mix_40_phase_prec-alloc_offset-15_bin2_inter,QD_mix_40_phase_prec-alloc_offset-15_bin2_labels,5,12,12.0,3501.211181640625,3049.4658203125,6.723499774932861,dietrich
1013,QD_mix_40_phase_prec-alloc_offset-15_bin2_inter,QD_mix_40_phase_prec-alloc_offset-15_bin2_labels,5,13,13.0,4094.669189453125,3642.924072265625,8.097299575805664,dietrich
1014,QD_mix_40_phase_prec-alloc_offset-15_bin2_inter,QD_mix_40_phase_prec-alloc_offset-15_bin2_labels,5,14,14.0,4621.7333984375,4169.98828125,9.352800369262695,dietrich
1015,QD_mix_40_phase_prec-alloc_offset-15_bin2_inter,QD_mix_40_phase_prec-alloc_offset-15_bin2_labels,5,15,15.0,5203.216796875,4751.47119140625,10.762800216674805,dietrich
1016,QD_mix_40_phase_prec-alloc_offset-15_bin2_inter,QD_mix_40_phase_prec-alloc_offset-15_bin2_labels,5,16,16.0,5715.2998046875,5263.5546875,12.05049991607666,dietrich
1017,QD_mix_40_phase_prec-alloc_offset-15_bin2_inter,QD_mix_40_phase_prec-alloc_offset-15_bin2_labels,5,17,17.0,6178.2744140625,5726.529296875,13.260700225830078,dietrich
1018,QD_mix_40_phase_prec-alloc_offset-15_bin2_inter,QD_mix_40_phase_prec-alloc_offset-15_bin2_labels,5,18,18.0,6555.734375,6103.9892578125,14.306400299072266,dietrich
1019,QD_mix_40_phase_prec-alloc_offset-15_bin2_inter,QD_mix_40_phase_prec-alloc_offset-15_bin2_labels,5,19,19.0,6733.8984375,6282.1533203125,14.911999702453613,dietrich
1020,QD_mix_40_phase_prec-alloc_offset-15_bin2_inter,QD_mix_40_phase_prec-alloc_offset-15_bin2_labels,5,20,20.0,6779.26708984375,6327.5224609375,15.220100402832031,dietrich
1021,QD_mix_40_phase_prec-alloc_offset-15_bin2_inter,QD_mix_40_phase_prec-alloc_offset-15_bin2_labels,5,21,21.0,6711.30810546875,6259.56201171875,15.26550006866455,dietrich
1022,QD_mix_40_phase_prec-alloc_offset-15_bin2_inter,QD_mix_40_phase_prec-alloc_offset-15_bin2_labels,5,22,22.0,6398.6455078125,5946.900390625,14.711299896240234,dietrich
1023,QD_mix_40_phase_prec-alloc_offset-15_bin2_inter,QD_mix_40_phase_prec-alloc_offset-15_bin2_labels,5,23,23.0,6179.8564453125,5728.11083984375,14.37969970703125,dietrich
1024,QD_mix_40_phase_prec-alloc_offset-15_bin2_inter,QD_mix_40_phase_prec-alloc_offset-15_bin2_labels,5,24,24.0,5842.275390625,5390.52978515625,13.737899780273438,dietrich
1025,QD_mix_40_phase_prec-alloc_offset-15_bin2_inter,QD_mix_40_phase_prec-alloc_offset-15_bin2_labels,5,25,25.0,5461.357421875,5009.61181640625,12.965800285339355,dietrich
1026,QD_mix_40_phase_prec-alloc_offset-15_bin2_inter,QD_mix_40_phase_prec-alloc_offset-15_bin2_labels,5,26,26.0,5069.6484375,4617.9033203125,12.141900062561035,dietrich
1027,QD_mix_40_phase_prec-alloc_offset-15_bin2_inter,QD_mix_40_phase_prec-alloc_offset-15_bin2_labels,5,27,27.0,4728.8330078125,4277.08740234375,11.42770004272461,dietrich
1028,QD_mix_40_phase_prec-alloc_offset-15_bin2_inter,QD_mix_40_phase_prec-alloc_offset-15_bin2_labels,5,28,28.0,4399.37744140625,3947.632080078125,10.720800399780273,dietrich
1029,QD_mix_40_phase_prec-alloc_offset-15_bin2_inter,QD_mix_40_phase_prec-alloc_offset-15_bin2_labels,5,29,29.0,4056.6064453125,3604.86083984375,9.953100204467773,dietrich
1030,QD_mix_40_phase_prec-alloc_offset-15_bin2_inter,QD_mix_40_phase_prec-alloc_offset-15_bin2_labels,5,30,30.0,3839.58251953125,3387.837158203125,9.511699676513672,dietrich
1031,QD_mix_40_phase_prec-alloc_offset-15_bin2_inter,QD_mix_40_phase_prec-alloc_offset-15_bin2_labels,5,31,31.0,3639.986328125,3188.240966796875,9.103799819946289,dietrich
1032,QD_mix_40_phase_prec-alloc_offset-15_bin2_inter,QD_mix_40_phase_prec-alloc_offset-15_bin2_labels,5,32,32.0,3442.489990234375,2990.74462890625,8.686800003051758,dietrich
1033,QD_mix_40_phase_prec-alloc_offset-15_bin2_inter,QD_mix_40_phase_prec-alloc_offset-15_bin2_labels,5,33,33.0,3252.149658203125,2800.404296875,8.274800300598145,dietrich
1034,QD_mix_40_phase_prec-alloc_offset-15_bin2_inter,QD_mix_40_phase_prec-alloc_offset-15_bin2_labels,5,34,34.0,3144.201904296875,2692.45654296875,8.094599723815918,dietrich
1035,QD_mix_40_phase_prec-alloc_offset-15_bin2_inter,QD_mix_40_phase_prec-alloc_offset-15_bin2_labels,5,35,35.0,3010.2744140625,2558.529052734375,7.826900005340576,dietrich
1036,QD_mix_40_phase_prec-alloc_offset-15_bin2_inter,QD_mix_40_phase_prec-alloc_offset-15_bin2_labels,5,36,36.0,2912.076904296875,2460.33154296875,7.65910005569458,dietrich
1037,QD_mix_40_phase_prec-alloc_offset-15_bin2_inter,QD_mix_40_phase_prec-alloc_offset-15_bin2_labels,5,37,37.0,2768.591552734375,2316.84619140625,7.340000152587891,dietrich
1038,QD_mix_40_phase_prec-alloc_offset-15_bin2_inter,QD_mix_40_phase_prec-alloc_offset-15_bin2_labels,5,38,38.0,2619.712646484375,2167.96728515625,6.990300178527832,dietrich
1039,QD_mix_40_phase_prec-alloc_offset-15_bin2_inter,QD_mix_40_phase_prec-alloc_offset-15_bin2_labels,5,39,39.0,2484.273681640625,2032.5284423828125,6.670300006866455,dietrich
1040,QD_mix_40_phase_prec-alloc_offset-15_bin2_inter,QD_mix_40_phase_prec-alloc_offset-15_bin2_labels,5,40,40.0,2370.5185546875,1918.77294921875,6.4095001220703125,dietrich
1041,QD_mix_40_phase_prec-alloc_offset-15_bin2_inter,QD_mix_40_phase_prec-alloc_offset-15_bin2_labels,5,41,41.0,2194.22412109375,1742.478759765625,5.925000190734863,dietrich
1042,QD_mix_40_phase_prec-alloc_offset-15_bin2_inter,QD_mix_40_phase_prec-alloc_offset-15_bin2_labels,5,42,42.0,2064.35986328125,1612.614501953125,5.581999778747559,dietrich
1043,QD_mix_40_phase_prec-alloc_offset-15_bin2_inter,QD_mix_40_phase_prec-alloc_offset-15_bin2_labels,5,43,43.0,1947.621826171875,1495.87646484375,5.271299839019775,dietrich
1044,QD_mix_40_phase_prec-alloc_offset-15_bin2_inter,QD_mix_40_phase_prec-alloc_offset-15_bin2_labels,5,44,44.0,1851.0157470703125,1399.2705078125,5.020199775695801,dietrich
1045,QD_mix_40_phase_prec-alloc_offset-15_bin2_inter,QD_mix_40_phase_prec-alloc_offset-15_bin2_labels,5,45,45.0,1802.3646240234375,1350.619140625,4.933800220489502,dietrich
1046,QD_mix_40_phase_prec-alloc_offset-15_bin2_inter,QD_mix_40_phase_prec-alloc_offset-15_bin2_labels,5,46,46.0,1721.2491455078125,1269.5037841796875,4.722300052642822,dietrich
1047,QD_mix_40_phase_prec-alloc_offset-15_bin2_inter,QD_mix_40_phase_prec-alloc_offset-15_bin2_labels,5,47,47.0,1656.8233642578125,1205.0780029296875,4.565199851989746,dietrich
1048,QD_mix_40_phase_prec-alloc_offset-15_bin2_inter,QD_mix_40_phase_prec-alloc_offset-15_bin2_labels,5,48,48.0,1675.043701171875,1223.29833984375,4.720200061798096,dietrich
1049,QD_mix_40_phase_prec-alloc_offset-15_bin2_inter,QD_mix_40_phase_prec-alloc_offset-15_bin2_labels,5,49,49.0,1683.59619140625,1231.850830078125,4.842100143432617,dietrich
1050,QD_mix_40_phase_prec-alloc_offset-15_bin2_inter,QD_mix_40_phase_prec-alloc_offset-15_bin2_labels,5,50,50.0,1734.7171630859375,1282.971923828125,5.138400077819824,dietrich
1051,QD_mix_40_phase_prec-alloc_offset-15_bin2_inter,QD_mix_40_phase_prec-alloc_offset-15_bin2_labels,5,51,51.0,1767.171630859375,1315.4261474609375,5.369100093841553,dietrich
1052,QD_mix_40_phase_prec-alloc_offset-15_bin2_inter,QD_mix_40_phase_prec-alloc_offset-15_bin2_labels,5,52,52.0,1809.89404296875,1358.1485595703125,5.651000022888184,dietrich
1053,QD_mix_40_phase_prec-alloc_offset-15_bin2_inter,QD_mix_40_phase_prec-alloc_offset-15_bin2_labels,5,53,53.0,1877.512939453125,1425.7677001953125,6.048999786376953,dietrich
1054,QD_mix_40_phase_prec-alloc_offset-15_bin2_inter,QD_mix_40_phase_prec-alloc_offset-15_bin2_labels,5,54,54.0,1920.364990234375,1468.61962890625,6.355400085449219,dietrich
1055,QD_mix_40_phase_prec-alloc_offset-15_bin2_inter,QD_mix_40_phase_prec-alloc_offset-15_bin2_labels,5,55,55.0,1956.880615234375,1505.13525390625,6.646200180053711,dietrich
1056,QD_mix_40_phase_prec-alloc_offset-15_bin2_inter,QD_mix_40_phase_prec-alloc_offset-15_bin2_labels,5,56,56.0,1917.517822265625,1465.7724609375,6.607100009918213,dietrich
1057,QD_mix_40_phase_prec-alloc_offset-15_bin2_inter,QD_mix_40_phase_prec-alloc_offset-15_bin2_labels,5,57,57.0,1917.9727783203125,1466.2274169921875,6.749800205230713,dietrich
1058,QD_mix_40_phase_prec-alloc_offset-15_bin2_inter,QD_mix_40_phase_prec-alloc_offset-15_bin2_labels,5,58,58.0,1864.9007568359375,1413.155517578125,6.647500038146973,dietrich
1059,QD_mix_40_phase_prec-alloc_offset-15_bin2_inter,QD_mix_40_phase_prec-alloc_offset-15_bin2_labels,5,59,59.0,1788.4000244140625,1336.654541015625,6.428500175476074,dietrich
1060,QD_mix_40_phase_prec-alloc_offset-15_bin2_inter,QD_mix_40_phase_prec-alloc_offset-15_bin2_labels,5,60,60.0,1717.5533447265625,1265.80810546875,6.2281999588012695,dietrich
1061,QD_mix_40_phase_prec-alloc_offset-15_bin2_inter,QD_mix_40_phase_prec-alloc_offset-15_bin2_labels,5,61,61.0,1620.404541015625,1168.6591796875,5.886899948120117,dietrich
1062,QD_mix_40_phase_prec-alloc_offset-15_bin2_inter,QD_mix_40_phase_prec-alloc_offset-15_bin2_labels,5,62,62.0,1511.986572265625,1060.2412109375,5.472099781036377,dietrich
1063,QD_mix_40_phase_prec-alloc_offset-15_bin2_inter,QD_mix_40_phase_prec-alloc_offset-15_bin2_labels,5,63,63.0,1397.1116943359375,945.3662719726562,5.003300189971924,dietrich
1064,QD_mix_40_phase_prec-alloc_offset-15_bin2_inter,QD_mix_40_phase_prec-alloc_offset-15_bin2_labels,5,64,64.0,1320.148681640625,868.4033203125,4.717299938201904,dietrich
1065,QD_mix_40_phase_prec-alloc_offset-15_bin2_inter,QD_mix_40_phase_prec-alloc_offset-15_bin2_labels,5,65,65.0,1198.0684814453125,746.3231201171875,4.165299892425537,dietrich
1066,QD_mix_40_phase_prec-alloc_offset-15_bin2_inter,QD_mix_40_phase_prec-alloc_offset-15_bin2_labels,5,66,66.0,1109.0469970703125,657.3015747070312,3.773200035095215,dietrich
1067,QD_mix_40_phase_prec-alloc_offset-15_bin2_inter,QD_mix_40_phase_prec-alloc_offset-15_bin2_labels,5,67,67.0,999.759521484375,548.0140991210938,3.239500045776367,dietrich
1068,QD_mix_40_phase_prec-alloc_offset-15_bin2_inter,QD_mix_40_phase_prec-alloc_offset-15_bin2_labels,5,68,68.0,913.4420776367188,461.6968078613281,2.814199924468994,dietrich
1069,QD_mix_40_phase_prec-alloc_offset-15_bin2_inter,QD_mix_40_phase_prec-alloc_offset-15_bin2_labels,5,69,69.0,831.909423828125,380.16400146484375,2.3926000595092773,dietrich
1070,QD_mix_40_phase_prec-alloc_offset-15_bin2_inter,QD_mix_40_phase_prec-alloc_offset-15_bin2_labels,5,70,70.0,769.9971923828125,318.2518005371094,2.071199893951416,dietrich
1071,QD_mix_40_phase_prec-alloc_offset-15_bin2_inter,QD_mix_40_phase_prec-alloc_offset-15_bin2_labels,5,71,71.0,708.67041015625,256.92510986328125,1.7319999933242798,dietrich
1072,QD_mix_40_phase_prec-alloc_offset-15_bin2_inter,QD_mix_40_phase_prec-alloc_offset-15_bin2_labels,5,72,72.0,669.4022216796875,217.6569061279297,1.5225000381469727,dietrich
1073,QD_mix_40_phase_prec-alloc_offset-15_bin2_inter,QD_mix_40_phase_prec-alloc_offset-15_bin2_labels,5,73,73.0,647.3930053710938,195.647705078125,1.422700047492981,dietrich
1074,QD_mix_40_phase_prec-alloc_offset-15_bin2_inter,QD_mix_40_phase_prec-alloc_offset-15_bin2_labels,5,74,74.0,596.6278076171875,144.8824005126953,1.097499966621399,dietrich
1075,QD_mix_40_phase_prec-alloc_offset-15_bin2_inter,QD_mix_40_phase_prec-alloc_offset-15_bin2_labels,5,75,75.0,566.1654052734375,114.41999816894531,0.9049999713897705,dietrich
1076,QD_mix_40_phase_prec-alloc_offset-15_bin2_inter,QD_mix_40_phase_prec-alloc_offset-15_bin2_labels,5,76,76.0,549.8079833984375,98.06269836425781,0.8116999864578247,dietrich
1077,QD_mix_40_phase_prec-alloc_offset-15_bin2_inter,QD_mix_40_phase_prec-alloc_offset-15_bin2_labels,5,77,77.0,336.6156005859375,-115.12979888916016,-1.0,dietrich
1078,QD_mix_40_phase_prec-alloc_offset-15_bin2_inter,QD_mix_40_phase_prec-alloc_offset-15_bin2_labels,5,78,78.0,342.3377990722656,-109.40750122070312,-1.0,dietrich
1079,QD_mix_40_phase_prec-alloc_offset-15_bin2_inter,QD_mix_40_phase_prec-alloc_offset-15_bin2_labels,5,79,79.0,348.09478759765625,-103.65049743652344,-1.0,dietrich
1080,QD_mix_40_phase_prec-alloc_offset-15_bin2_inter,QD_mix_40_phase_prec-alloc_offset-15_bin2_labels,5,80,80.0,353.876708984375,-97.86859893798828,-1.0,dietrich
1081,QD_mix_40_phase_prec-alloc_offset-15_bin2_inter,QD_mix_40_phase_prec-alloc_offset-15_bin2_labels,5,81,81.0,359.6719970703125,-92.07330322265625,-1.0,dietrich
1082,QD_mix_40_phase_prec-alloc_offset-15_bin2_inter,QD_mix_40_phase_prec-alloc_offset-15_bin2_labels,5,82,82.0,365.4679870605469,-86.27739715576172,-1.0,dietrich
1083,QD_mix_40_phase_prec-alloc_offset-15_bin2_inter,QD_mix_40_phase_prec-alloc_offset-15_bin2_labels,5,83,83.0,371.2502136230469,-80.49520111083984,-1.0,dietrich
1084,QD_mix_40_phase_prec-alloc_offset-15_bin2_inter,QD_mix_40_phase_prec-alloc_offset-15_bin2_labels,5,84,84.0,377.00250244140625,-74.7428970336914,-1.0,dietrich
1085,QD_mix_40_phase_prec-alloc_offset-15_bin2_inter,QD_mix_40_phase_prec-alloc_offset-15_bin2_labels,5,85,85.0,382.7073059082031,-69.03800201416016,-1.0,dietrich
1086,QD_mix_40_phase_prec-alloc_offset-15_bin2_inter,QD_mix_40_phase_prec-alloc_offset-15_bin2_labels,5,86,86.0,388.34521484375,-63.40019989013672,-1.0,dietrich
1087,QD_mix_40_phase_prec-alloc_offset-15_bin2_inter,QD_mix_40_phase_prec-alloc_offset-15_bin2_labels,5,87,87.0,393.8948974609375,-57.850399017333984,-1.0,dietrich
1088,QD_mix_40_phase_prec-alloc_offset-15_bin2_inter,QD_mix_40_phase_prec-alloc_offset-15_bin2_labels,5,88,88.0,399.33349609375,-52.41189956665039,-1.0,dietrich
1089,QD_mix_40_phase_prec-alloc_offset-15_bin2_inter,QD_mix_40_phase_prec-alloc_offset-15_bin2_labels,5,89,89.0,404.63580322265625,-47.109500885009766,-1.0,dietrich
1090,QD_mix_40_phase_prec-alloc_offset-15_bin2_inter,QD_mix_40_phase_prec-alloc_offset-15_bin2_labels,5,90,90.0,409.77520751953125,-41.97019958496094,-1.0,dietrich
1091,QD_mix_40_phase_prec-alloc_offset-15_bin2_inter,QD_mix_40_phase_prec-alloc_offset-15_bin2_labels,5,91,91.0,414.7225036621094,-37.02280044555664,-1.0,dietrich
1092,QD_mix_40_phase_prec-alloc_offset-15_bin2_inter,QD_mix_40_phase_prec-alloc_offset-15_bin2_labels,5,92,92.0,419.4469909667969,-32.29840087890625,-1.0,dietrich
1093,QD_mix_40_phase_prec-alloc_offset-15_bin2_inter,QD_mix_40_phase_prec-alloc_offset-15_bin2_labels,5,93,93.0,423.9151916503906,-27.8302001953125,-1.0,dietrich
1094,QD_mix_40_phase_prec-alloc_offset-15_bin2_inter,QD_mix_40_phase_prec-alloc_offset-15_bin2_labels,5,94,94.0,428.0920104980469,-23.65329933166504,-1.0,dietrich
1095,QD_mix_40_phase_prec-alloc_offset-15_bin2_inter,QD_mix_40_phase_prec-alloc_offset-15_bin2_labels,5,95,95.0,431.9397888183594,-19.805500030517578,-1.0,dietrich
1096,QD_mix_40_phase_prec-alloc_offset-15_bin2_inter,QD_mix_40_phase_prec-alloc_offset-15_bin2_labels,5,96,96.0,435.4187927246094,-16.32659912109375,-1.0,dietrich
1097,QD_mix_40_phase_prec-alloc_offset-15_bin2_inter,QD_mix_40_phase_prec-alloc_offset-15_bin2_labels,5,97,97.0,438.4866027832031,-13.25879955291748,-1.0,dietrich
1098,QD_mix_40_phase_prec-alloc_offset-15_bin2_inter,QD_mix_40_phase_prec-alloc_offset-15_bin2_labels,5,98,98.0,441.0985107421875,-10.646900177001953,-1.0,dietrich
1099,QD_mix_40_phase_prec-alloc_offset-15_bin2_inter,QD_mix_40_phase_prec-alloc_offset-15_bin2_labels,5,100,99.0,443.2074890136719,-8.5378999710083,-1.0,dietrich
1100,QD_mix_40_phase_prec-alloc_offset-15_bin2_inter,QD_mix_40_phase_prec-alloc_offset-15_bin2_labels,6,0,0.0,251.02279663085938,-90.7509994506836,-0.26660001277923584,dietrich
1101,QD_mix_40_phase_prec-alloc_offset-15_bin2_inter,QD_mix_40_phase_prec-alloc_offset-15_bin2_labels,6,1,1.0,287.6913146972656,-54.08250045776367,-0.15760000050067902,dietrich
1102,QD_mix_40_phase_prec-alloc_offset-15_bin2_inter,QD_mix_40_phase_prec-alloc_offset-15_bin2_labels,6,2,2.0,325.559814453125,-16.214000701904297,-0.04699999839067459,dietrich
1103,QD_mix_40_phase_prec-alloc_offset-15_bin2_inter,QD_mix_40_phase_prec-alloc_offset-15_bin2_labels,6,3,3.0,386.33099365234375,44.55720138549805,0.12860000133514404,dietrich
1104,QD_mix_40_phase_prec-alloc_offset-15_bin2_inter,QD_mix_40_phase_prec-alloc_offset-15_bin2_labels,6,4,4.0,458.059814453125,116.28600311279297,0.33469998836517334,dietrich
1105,QD_mix_40_phase_prec-alloc_offset-15_bin2_inter,QD_mix_40_phase_prec-alloc_offset-15_bin2_labels,6,5,5.0,551.4674072265625,209.69369506835938,0.6032000184059143,dietrich
1106,QD_mix_40_phase_prec-alloc_offset-15_bin2_inter,QD_mix_40_phase_prec-alloc_offset-15_bin2_labels,6,6,6.0,692.4385986328125,350.664794921875,1.0094000101089478,dietrich
1107,QD_mix_40_phase_prec-alloc_offset-15_bin2_inter,QD_mix_40_phase_prec-alloc_offset-15_bin2_labels,6,7,7.0,831.3834838867188,489.60980224609375,1.4124000072479248,dietrich
1108,QD_mix_40_phase_prec-alloc_offset-15_bin2_inter,QD_mix_40_phase_prec-alloc_offset-15_bin2_labels,6,8,8.0,1038.7781982421875,697.00439453125,2.017699956893921,dietrich
1109,QD_mix_40_phase_prec-alloc_offset-15_bin2_inter,QD_mix_40_phase_prec-alloc_offset-15_bin2_labels,6,9,9.0,1228.724853515625,886.9511108398438,2.579400062561035,dietrich
1110,QD_mix_40_phase_prec-alloc_offset-15_bin2_inter,QD_mix_40_phase_prec-alloc_offset-15_bin2_labels,6,10,10.0,1477.24951171875,1135.475830078125,3.3210999965667725,dietrich
1111,QD_mix_40_phase_prec-alloc_offset-15_bin2_inter,QD_mix_40_phase_prec-alloc_offset-15_bin2_labels,6,11,11.0,1755.796142578125,1414.0224609375,4.163700103759766,dietrich
1112,QD_mix_40_phase_prec-alloc_offset-15_bin2_inter,QD_mix_40_phase_prec-alloc_offset-15_bin2_labels,6,12,12.0,2039.33984375,1697.5660400390625,5.037099838256836,dietrich
1113,QD_mix_40_phase_prec-alloc_offset-15_bin2_inter,QD_mix_40_phase_prec-alloc_offset-15_bin2_labels,6,13,13.0,2316.596435546875,1974.82275390625,5.910200119018555,dietrich
1114,QD_mix_40_phase_prec-alloc_offset-15_bin2_inter,QD_mix_40_phase_prec-alloc_offset-15_bin2_labels,6,14,14.0,2578.34814453125,2236.574462890625,6.7565999031066895,dietrich
1115,QD_mix_40_phase_prec-alloc_offset-15_bin2_inter,QD_mix_40_phase_prec-alloc_offset-15_bin2_labels,6,15,15.0,2801.725341796875,2459.95166015625,7.5071001052856445,dietrich
1116,QD_mix_40_phase_prec-alloc_offset-15_bin2_inter,QD_mix_40_phase_prec-alloc_offset-15_bin2_labels,6,16,16.0,2980.68505859375,2638.911376953125,8.140999794006348,dietrich
1117,QD_mix_40_phase_prec-alloc_offset-15_bin2_inter,QD_mix_40_phase_prec-alloc_offset-15_bin2_labels,6,17,17.0,3093.480224609375,2751.70654296875,8.586999893188477,dietrich
1118,QD_mix_40_phase_prec-alloc_offset-15_bin2_inter,QD_mix_40_phase_prec-alloc_offset-15_bin2_labels,6,18,18.0,3161.706298828125,2819.9326171875,8.906999588012695,dietrich
1119,QD_mix_40_phase_prec-alloc_offset-15_bin2_inter,QD_mix_40_phase_prec-alloc_offset-15_bin2_labels,6,19,19.0,3210.95751953125,2869.183837890625,9.178000450134277,dietrich
1120,QD_mix_40_phase_prec-alloc_offset-15_bin2_inter,QD_mix_40_phase_prec-alloc_offset-15_bin2_labels,6,20,20.0,3197.706298828125,2855.9326171875,9.256699562072754,dietrich
1121,QD_mix_40_phase_prec-alloc_offset-15_bin2_inter,QD_mix_40_phase_prec-alloc_offset-15_bin2_labels,6,21,21.0,3163.012451171875,2821.23876953125,9.269800186157227,dietrich
1122,QD_mix_40_phase_prec-alloc_offset-15_bin2_inter,QD_mix_40_phase_prec-alloc_offset-15_bin2_labels,6,22,22.0,3128.68798828125,2786.914306640625,9.28689956665039,dietrich
1123,QD_mix_40_phase_prec-alloc_offset-15_bin2_inter,QD_mix_40_phase_prec-alloc_offset-15_bin2_labels,6,23,23.0,3066.551513671875,2724.77783203125,9.212200164794922,dietrich
1124,QD_mix_40_phase_prec-alloc_offset-15_bin2_inter,QD_mix_40_phase_prec-alloc_offset-15_bin2_labels,6,24,24.0,3057.8896484375,2716.115966796875,9.320199966430664,dietrich
1125,QD_mix_40_phase_prec-alloc_offset-15_bin2_inter,QD_mix_40_phase_prec-alloc_offset-15_bin2_labels,6,25,25.0,3090.099853515625,2748.326171875,9.574899673461914,dietrich
1126,QD_mix_40_phase_prec-alloc_offset-15_bin2_inter,QD_mix_40_phase_prec-alloc_offset-15_bin2_labels,6,26,26.0,3144.464111328125,2802.6904296875,9.916600227355957,dietrich
1127,QD_mix_40_phase_prec-alloc_offset-15_bin2_inter,QD_mix_40_phase_prec-alloc_offset-15_bin2_labels,6,27,27.0,3235.066162109375,2893.29248046875,10.399700164794922,dietrich
1128,QD_mix_40_phase_prec-alloc_offset-15_bin2_inter,QD_mix_40_phase_prec-alloc_offset-15_bin2_labels,6,28,28.0,3342.157958984375,3000.38427734375,10.958499908447266,dietrich
1129,QD_mix_40_phase_prec-alloc_offset-15_bin2_inter,QD_mix_40_phase_prec-alloc_offset-15_bin2_labels,6,29,29.0,3479.34228515625,3137.56884765625,11.646900177001953,dietrich
1130,QD_mix_40_phase_prec-alloc_offset-15_bin2_inter,QD_mix_40_phase_prec-alloc_offset-15_bin2_labels,6,30,30.0,3598.4296875,3256.65576171875,12.288999557495117,dietrich
1131,QD_mix_40_phase_prec-alloc_offset-15_bin2_inter,QD_mix_40_phase_prec-alloc_offset-15_bin2_labels,6,31,31.0,3719.3779296875,3377.6044921875,12.958600044250488,dietrich
1132,QD_mix_40_phase_prec-alloc_offset-15_bin2_inter,QD_mix_40_phase_prec-alloc_offset-15_bin2_labels,6,32,32.0,3753.5537109375,3411.779541015625,13.310799598693848,dietrich
1133,QD_mix_40_phase_prec-alloc_offset-15_bin2_inter,QD_mix_40_phase_prec-alloc_offset-15_bin2_labels,6,33,33.0,3845.279296875,3503.505126953125,13.90149974822998,dietrich
1134,QD_mix_40_phase_prec-alloc_offset-15_bin2_inter,QD_mix_40_phase_prec-alloc_offset-15_bin2_labels,6,34,34.0,3831.45849609375,3489.684814453125,14.08430004119873,dietrich
1135,QD_mix_40_phase_prec-alloc_offset-15_bin2_inter,QD_mix_40_phase_prec-alloc_offset-15_bin2_labels,6,35,35.0,3747.971923828125,3406.198486328125,13.98490047454834,dietrich
1136,QD_mix_40_phase_prec-alloc_offset-15_bin2_inter,QD_mix_40_phase_prec-alloc_offset-15_bin2_labels,6,36,36.0,3676.491943359375,3334.71826171875,13.929400444030762,dietrich
1137,QD_mix_40_phase_prec-alloc_offset-15_bin2_inter,QD_mix_40_phase_prec-alloc_offset-15_bin2_labels,6,37,37.0,3555.830322265625,3214.056640625,13.660099983215332,dietrich
1138,QD_mix_40_phase_prec-alloc_offset-15_bin2_inter,QD_mix_40_phase_prec-alloc_offset-15_bin2_labels,6,38,38.0,3386.219970703125,3044.4462890625,13.166500091552734,dietrich
1139,QD_mix_40_phase_prec-alloc_offset-15_bin2_inter,QD_mix_40_phase_prec-alloc_offset-15_bin2_labels,6,39,39.0,3193.1953125,2851.421630859375,12.549500465393066,dietrich
1140,QD_mix_40_phase_prec-alloc_offset-15_bin2_inter,QD_mix_40_phase_prec-alloc_offset-15_bin2_labels,6,40,40.0,2995.64306640625,2653.869384765625,11.887299537658691,dietrich
1141,QD_mix_40_phase_prec-alloc_offset-15_bin2_inter,QD_mix_40_phase_prec-alloc_offset-15_bin2_labels,6,41,41.0,2809.469970703125,2467.6962890625,11.250399589538574,dietrich
1142,QD_mix_40_phase_prec-alloc_offset-15_bin2_inter,QD_mix_40_phase_prec-alloc_offset-15_bin2_labels,6,42,42.0,2626.468994140625,2284.6953125,10.602800369262695,dietrich
1143,QD_mix_40_phase_prec-alloc_offset-15_bin2_inter,QD_mix_40_phase_prec-alloc_offset-15_bin2_labels,6,43,43.0,2481.951171875,2140.177490234375,10.111000061035156,dietrich
1144,QD_mix_40_phase_prec-alloc_offset-15_bin2_inter,QD_mix_40_phase_prec-alloc_offset-15_bin2_labels,6,44,44.0,2326.542236328125,1984.7685546875,9.546699523925781,dietrich
1145,QD_mix_40_phase_prec-alloc_offset-15_bin2_inter,QD_mix_40_phase_prec-alloc_offset-15_bin2_labels,6,45,45.0,2252.602783203125,1910.8289794921875,9.358699798583984,dietrich
1146,QD_mix_40_phase_prec-alloc_offset-15_bin2_inter,QD_mix_40_phase_prec-alloc_offset-15_bin2_labels,6,46,46.0,2210.389404296875,1868.6158447265625,9.320199966430664,dietrich
1147,QD_mix_40_phase_prec-alloc_offset-15_bin2_inter,QD_mix_40_phase_prec-alloc_offset-15_bin2_labels,6,47,47.0,2203.569580078125,1861.7957763671875,9.458100318908691,dietrich
1148,QD_mix_40_phase_prec-alloc_offset-15_bin2_inter,QD_mix_40_phase_prec-alloc_offset-15_bin2_labels,6,48,48.0,2202.912841796875,1861.1390380859375,9.631600379943848,dietrich
1149,QD_mix_40_phase_prec-alloc_offset-15_bin2_inter,QD_mix_40_phase_prec-alloc_offset-15_bin2_labels,6,49,49.0,2240.255126953125,1898.4814453125,10.01039981842041,dietrich
1150,QD_mix_40_phase_prec-alloc_offset-15_bin2_inter,QD_mix_40_phase_prec-alloc_offset-15_bin2_labels,6,50,50.0,2260.865966796875,1919.0921630859375,10.312399864196777,dietrich
1151,QD_mix_40_phase_prec-alloc_offset-15_bin2_inter,QD_mix_40_phase_prec-alloc_offset-15_bin2_labels,6,51,51.0,2347.190673828125,2005.416748046875,10.984800338745117,dietrich
1152,QD_mix_40_phase_prec-alloc_offset-15_bin2_inter,QD_mix_40_phase_prec-alloc_offset-15_bin2_labels,6,52,52.0,2369.95556640625,2028.1817626953125,11.32759952545166,dietrich
1153,QD_mix_40_phase_prec-alloc_offset-15_bin2_inter,QD_mix_40_phase_prec-alloc_offset-15_bin2_labels,6,53,53.0,2397.31640625,2055.542724609375,11.709500312805176,dietrich
1154,QD_mix_40_phase_prec-alloc_offset-15_bin2_inter,QD_mix_40_phase_prec-alloc_offset-15_bin2_labels,6,54,54.0,2390.72216796875,2048.948486328125,11.908900260925293,dietrich
1155,QD_mix_40_phase_prec-alloc_offset-15_bin2_inter,QD_mix_40_phase_prec-alloc_offset-15_bin2_labels,6,55,55.0,2365.7646484375,2023.9908447265625,12.007399559020996,dietrich
1156,QD_mix_40_phase_prec-alloc_offset-15_bin2_inter,QD_mix_40_phase_prec-alloc_offset-15_bin2_labels,6,56,56.0,2309.888916015625,1968.115234375,11.922699928283691,dietrich
1157,QD_mix_40_phase_prec-alloc_offset-15_bin2_inter,QD_mix_40_phase_prec-alloc_offset-15_bin2_labels,6,57,57.0,2246.884765625,1905.1109619140625,11.790599822998047,dietrich
1158,QD_mix_40_phase_prec-alloc_offset-15_bin2_inter,QD_mix_40_phase_prec-alloc_offset-15_bin2_labels,6,58,58.0,2116.7138671875,1774.940185546875,11.228400230407715,dietrich
1159,QD_mix_40_phase_prec-alloc_offset-15_bin2_inter,QD_mix_40_phase_prec-alloc_offset-15_bin2_labels,6,59,59.0,1997.18017578125,1655.406494140625,10.71049976348877,dietrich
1160,QD_mix_40_phase_prec-alloc_offset-15_bin2_inter,QD_mix_40_phase_prec-alloc_offset-15_bin2_labels,6,60,60.0,1843.9715576171875,1502.197998046875,9.946800231933594,dietrich
1161,QD_mix_40_phase_prec-alloc_offset-15_bin2_inter,QD_mix_40_phase_prec-alloc_offset-15_bin2_labels,6,61,61.0,1688.019775390625,1346.24609375,9.12909984588623,dietrich
1162,QD_mix_40_phase_prec-alloc_offset-15_bin2_inter,QD_mix_40_phase_prec-alloc_offset-15_bin2_labels,6,62,62.0,1520.435302734375,1178.6614990234375,8.191699981689453,dietrich
1163,QD_mix_40_phase_prec-alloc_offset-15_bin2_inter,QD_mix_40_phase_prec-alloc_offset-15_bin2_labels,6,63,63.0,1383.091064453125,1041.3172607421875,7.423600196838379,dietrich
1164,QD_mix_40_phase_prec-alloc_offset-15_bin2_inter,QD_mix_40_phase_prec-alloc_offset-15_bin2_labels,6,64,64.0,1218.014892578125,876.2412109375,6.413400173187256,dietrich
1165,QD_mix_40_phase_prec-alloc_offset-15_bin2_inter,QD_mix_40_phase_prec-alloc_offset-15_bin2_labels,6,65,65.0,1082.851806640625,741.0780029296875,5.5742998123168945,dietrich
1166,QD_mix_40_phase_prec-alloc_offset-15_bin2_inter,QD_mix_40_phase_prec-alloc_offset-15_bin2_labels,6,66,66.0,974.11328125,632.339599609375,4.8933000564575195,dietrich
1167,QD_mix_40_phase_prec-alloc_offset-15_bin2_inter,QD_mix_40_phase_prec-alloc_offset-15_bin2_labels,6,67,67.0,855.393310546875,513.61962890625,4.093699932098389,dietrich
1168,QD_mix_40_phase_prec-alloc_offset-15_bin2_inter,QD_mix_40_phase_prec-alloc_offset-15_bin2_labels,6,68,68.0,770.2333984375,428.4595947265625,3.521699905395508,dietrich
1169,QD_mix_40_phase_prec-alloc_offset-15_bin2_inter,QD_mix_40_phase_prec-alloc_offset-15_bin2_labels,6,69,69.0,695.14599609375,353.372314453125,2.999300003051758,dietrich
1170,QD_mix_40_phase_prec-alloc_offset-15_bin2_inter,QD_mix_40_phase_prec-alloc_offset-15_bin2_labels,6,70,70.0,634.6821899414062,292.90838623046875,2.571000099182129,dietrich
1171,QD_mix_40_phase_prec-alloc_offset-15_bin2_inter,QD_mix_40_phase_prec-alloc_offset-15_bin2_labels,6,71,71.0,586.0828247070312,244.3090057373047,2.2211999893188477,dietrich
1172,QD_mix_40_phase_prec-alloc_offset-15_bin2_inter,QD_mix_40_phase_prec-alloc_offset-15_bin2_labels,6,72,72.0,547.5650024414062,205.79119873046875,1.9412000179290771,dietrich
1173,QD_mix_40_phase_prec-alloc_offset-15_bin2_inter,QD_mix_40_phase_prec-alloc_offset-15_bin2_labels,6,73,73.0,525.1586303710938,183.38479614257812,1.7980999946594238,dietrich
1174,QD_mix_40_phase_prec-alloc_offset-15_bin2_inter,QD_mix_40_phase_prec-alloc_offset-15_bin2_labels,6,74,74.0,505.9872131347656,164.21339416503906,1.6770000457763672,dietrich
1175,QD_mix_40_phase_prec-alloc_offset-15_bin2_inter,QD_mix_40_phase_prec-alloc_offset-15_bin2_labels,6,75,75.0,483.9132080078125,142.139404296875,1.5149999856948853,dietrich
1176,QD_mix_40_phase_prec-alloc_offset-15_bin2_inter,QD_mix_40_phase_prec-alloc_offset-15_bin2_labels,6,76,76.0,465.7318115234375,123.95809936523438,1.3823000192642212,dietrich
1177,QD_mix_40_phase_prec-alloc_offset-15_bin2_inter,QD_mix_40_phase_prec-alloc_offset-15_bin2_labels,6,77,77.0,256.2701110839844,-85.50370025634766,-1.0,dietrich
1178,QD_mix_40_phase_prec-alloc_offset-15_bin2_inter,QD_mix_40_phase_prec-alloc_offset-15_bin2_labels,6,78,78.0,260.4717102050781,-81.3021011352539,-1.0,dietrich
1179,QD_mix_40_phase_prec-alloc_offset-15_bin2_inter,QD_mix_40_phase_prec-alloc_offset-15_bin2_labels,6,79,79.0,264.6957092285156,-77.0781021118164,-1.0,dietrich
1180,QD_mix_40_phase_prec-alloc_offset-15_bin2_inter,QD_mix_40_phase_prec-alloc_offset-15_bin2_labels,6,80,80.0,268.9356994628906,-72.83809661865234,-1.0,dietrich
1181,QD_mix_40_phase_prec-alloc_offset-15_bin2_inter,QD_mix_40_phase_prec-alloc_offset-15_bin2_labels,6,81,81.0,273.1842956542969,-68.58940124511719,-1.0,dietrich
1182,QD_mix_40_phase_prec-alloc_offset-15_bin2_inter,QD_mix_40_phase_prec-alloc_offset-15_bin2_labels,6,82,82.0,277.43341064453125,-64.34030151367188,-1.0,dietrich
1183,QD_mix_40_phase_prec-alloc_offset-15_bin2_inter,QD_mix_40_phase_prec-alloc_offset-15_bin2_labels,6,83,83.0,281.6736145019531,-60.10020065307617,-1.0,dietrich
1184,QD_mix_40_phase_prec-alloc_offset-15_bin2_inter,QD_mix_40_phase_prec-alloc_offset-15_bin2_labels,6,84,84.0,285.89459228515625,-55.87919998168945,-1.0,dietrich
1185,QD_mix_40_phase_prec-alloc_offset-15_bin2_inter,QD_mix_40_phase_prec-alloc_offset-15_bin2_labels,6,85,85.0,290.08489990234375,-51.68880081176758,-1.0,dietrich
1186,QD_mix_40_phase_prec-alloc_offset-15_bin2_inter,QD_mix_40_phase_prec-alloc_offset-15_bin2_labels,6,86,86.0,294.2322082519531,-47.54159927368164,-1.0,dietrich
1187,QD_mix_40_phase_prec-alloc_offset-15_bin2_inter,QD_mix_40_phase_prec-alloc_offset-15_bin2_labels,6,87,87.0,298.3226013183594,-43.45109939575195,-1.0,dietrich
1188,QD_mix_40_phase_prec-alloc_offset-15_bin2_inter,QD_mix_40_phase_prec-alloc_offset-15_bin2_labels,6,88,88.0,302.3414001464844,-39.43230056762695,-1.0,dietrich
1189,QD_mix_40_phase_prec-alloc_offset-15_bin2_inter,QD_mix_40_phase_prec-alloc_offset-15_bin2_labels,6,89,89.0,306.2726135253906,-35.50120162963867,-1.0,dietrich
1190,QD_mix_40_phase_prec-alloc_offset-15_bin2_inter,QD_mix_40_phase_prec-alloc_offset-15_bin2_labels,6,90,90.0,310.0986022949219,-31.675100326538086,-1.0,dietrich
1191,QD_mix_40_phase_prec-alloc_offset-15_bin2_inter,QD_mix_40_phase_prec-alloc_offset-15_bin2_labels,6,91,91.0,313.8009948730469,-27.972700119018555,-1.0,dietrich
1192,QD_mix_40_phase_prec-alloc_offset-15_bin2_inter,QD_mix_40_phase_prec-alloc_offset-15_bin2_labels,6,92,92.0,317.35980224609375,-24.41390037536621,-1.0,dietrich
1193,QD_mix_40_phase_prec-alloc_offset-15_bin2_inter,QD_mix_40_phase_prec-alloc_offset-15_bin2_labels,6,93,93.0,320.75360107421875,-21.020099639892578,-1.0,dietrich
1194,QD_mix_40_phase_prec-alloc_offset-15_bin2_inter,QD_mix_40_phase_prec-alloc_offset-15_bin2_labels,6,94,94.0,323.9595947265625,-17.81410026550293,-1.0,dietrich
1195,QD_mix_40_phase_prec-alloc_offset-15_bin2_inter,QD_mix_40_phase_prec-alloc_offset-15_bin2_labels,6,95,95.0,326.9537048339844,-14.819999694824219,-1.0,dietrich
1196,QD_mix_40_phase_prec-alloc_offset-15_bin2_inter,QD_mix_40_phase_prec-alloc_offset-15_bin2_labels,6,96,96.0,329.710205078125,-12.063599586486816,-1.0,dietrich
1197,QD_mix_40_phase_prec-alloc_offset-15_bin2_inter,QD_mix_40_phase_prec-alloc_offset-15_bin2_labels,6,97,97.0,332.2018127441406,-9.571999549865723,-1.0,dietrich
1198,QD_mix_40_phase_prec-alloc_offset-15_bin2_inter,QD_mix_40_phase_prec-alloc_offset-15_bin2_labels,6,98,98.0,334.3996887207031,-7.374000072479248,-1.0,dietrich
1199,QD_mix_40_phase_prec-alloc_offset-15_bin2_inter,QD_mix_40_phase_prec-alloc_offset-15_bin2_labels,6,100,99.0,336.2737121582031,-5.500100135803223,-1.0,dietrich
