,id,lab_id,roi,index,time,abs_int,dF_int,dF/F0_int,base
0,QD_mix_40_phase_prec-alloc_offset-15_bin2_raw,QD_mix_40_phase_prec-alloc_offset-15_bin2_labels,1,0,0.0,336.2640075683594,0.0,0.0,simple
1,QD_mix_40_phase_prec-alloc_offset-15_bin2_raw,QD_mix_40_phase_prec-alloc_offset-15_bin2_labels,1,1,1.0,404.25030517578125,67.98629760742188,0.2021999955177307,simple
2,QD_mix_40_phase_prec-alloc_offset-15_bin2_raw,QD_mix_40_phase_prec-alloc_offset-15_bin2_labels,1,2,2.0,493.25140380859375,156.9875030517578,0.4668999910354614,simple
3,QD_mix_40_phase_prec-alloc_offset-15_bin2_raw,QD_mix_40_phase_prec-alloc_offset-15_bin2_labels,1,3,3.0,638.7713012695312,302.50738525390625,0.8996000289916992,simple
4,QD_mix_40_phase_prec-alloc_offset-15_bin2_raw,QD_mix_40_phase_prec-alloc_offset-15_bin2_labels,1,4,4.0,798.8577880859375,462.59381103515625,1.3756999969482422,simple
5,QD_mix_40_phase_prec-alloc_offset-15_bin2_raw,QD_mix_40_phase_prec-alloc_offset-15_bin2_labels,1,5,5.0,1033.2332763671875,696.9694213867188,2.072700023651123,simple
6,QD_mix_40_phase_prec-alloc_offset-15_bin2_raw,QD_mix_40_phase_prec-alloc_offset-15_bin2_labels,1,6,6.0,1357.401611328125,1021.1376953125,3.0367000102996826,simple
7,QD_mix_40_phase_prec-alloc_offset-15_bin2_raw,QD_mix_40_phase_prec-alloc_offset-15_bin2_labels,1,7,7.0,1760.400634765625,1424.1365966796875,4.235199928283691,simple
8,QD_mix_40_phase_prec-alloc_offset-15_bin2_raw,QD_mix_40_phase_prec-alloc_offset-15_bin2_labels,1,8,8.0,2275.235595703125,1938.9715576171875,5.766200065612793,simple
9,QD_mix_40_phase_prec-alloc_offset-15_bin2_raw,QD_mix_40_phase_prec-alloc_offset-15_bin2_labels,1,9,9.0,2915.8408203125,2579.576904296875,7.671299934387207,simple
10,QD_mix_40_phase_prec-alloc_offset-15_bin2_raw,QD_mix_40_phase_prec-alloc_offset-15_bin2_labels,1,10,10.0,3617.073974609375,3280.81005859375,9.756699562072754,simple
11,QD_mix_40_phase_prec-alloc_offset-15_bin2_raw,QD_mix_40_phase_prec-alloc_offset-15_bin2_labels,1,11,11.0,4490.71240234375,4154.4482421875,12.354700088500977,simple
12,QD_mix_40_phase_prec-alloc_offset-15_bin2_raw,QD_mix_40_phase_prec-alloc_offset-15_bin2_labels,1,12,12.0,5405.283203125,5069.01904296875,15.07450008392334,simple
13,QD_mix_40_phase_prec-alloc_offset-15_bin2_raw,QD_mix_40_phase_prec-alloc_offset-15_bin2_labels,1,13,13.0,6388.2001953125,6051.93603515625,17.997600555419922,simple
14,QD_mix_40_phase_prec-alloc_offset-15_bin2_raw,QD_mix_40_phase_prec-alloc_offset-15_bin2_labels,1,14,14.0,7364.73779296875,7028.47265625,20.90169906616211,simple
15,QD_mix_40_phase_prec-alloc_offset-15_bin2_raw,QD_mix_40_phase_prec-alloc_offset-15_bin2_labels,1,15,15.0,8360.9423828125,8024.67822265625,23.864200592041016,simple
16,QD_mix_40_phase_prec-alloc_offset-15_bin2_raw,QD_mix_40_phase_prec-alloc_offset-15_bin2_labels,1,16,16.0,9266.703125,8930.439453125,26.55780029296875,simple
17,QD_mix_40_phase_prec-alloc_offset-15_bin2_raw,QD_mix_40_phase_prec-alloc_offset-15_bin2_labels,1,17,17.0,10013.173828125,9676.91015625,28.777700424194336,simple
18,QD_mix_40_phase_prec-alloc_offset-15_bin2_raw,QD_mix_40_phase_prec-alloc_offset-15_bin2_labels,1,18,18.0,10567.931640625,10231.66796875,30.427499771118164,simple
19,QD_mix_40_phase_prec-alloc_offset-15_bin2_raw,QD_mix_40_phase_prec-alloc_offset-15_bin2_labels,1,19,19.0,10842.3662109375,10506.1025390625,31.243600845336914,simple
20,QD_mix_40_phase_prec-alloc_offset-15_bin2_raw,QD_mix_40_phase_prec-alloc_offset-15_bin2_labels,1,20,20.0,10796.4599609375,10460.1962890625,31.107099533081055,simple
21,QD_mix_40_phase_prec-alloc_offset-15_bin2_raw,QD_mix_40_phase_prec-alloc_offset-15_bin2_labels,1,21,21.0,10576.728515625,10240.46484375,30.45359992980957,simple
22,QD_mix_40_phase_prec-alloc_offset-15_bin2_raw,QD_mix_40_phase_prec-alloc_offset-15_bin2_labels,1,22,22.0,10057.765625,9721.501953125,28.91029930114746,simple
23,QD_mix_40_phase_prec-alloc_offset-15_bin2_raw,QD_mix_40_phase_prec-alloc_offset-15_bin2_labels,1,23,23.0,9488.3232421875,9152.0595703125,27.216899871826172,simple
24,QD_mix_40_phase_prec-alloc_offset-15_bin2_raw,QD_mix_40_phase_prec-alloc_offset-15_bin2_labels,1,24,24.0,8738.412109375,8402.1484375,24.986799240112305,simple
25,QD_mix_40_phase_prec-alloc_offset-15_bin2_raw,QD_mix_40_phase_prec-alloc_offset-15_bin2_labels,1,25,25.0,8014.34814453125,7678.083984375,22.833499908447266,simple
26,QD_mix_40_phase_prec-alloc_offset-15_bin2_raw,QD_mix_40_phase_prec-alloc_offset-15_bin2_labels,1,26,26.0,7176.09619140625,6839.8310546875,20.340700149536133,simple
27,QD_mix_40_phase_prec-alloc_offset-15_bin2_raw,QD_mix_40_phase_prec-alloc_offset-15_bin2_labels,1,27,27.0,6566.1025390625,6229.83837890625,18.526599884033203,simple
28,QD_mix_40_phase_prec-alloc_offset-15_bin2_raw,QD_mix_40_phase_prec-alloc_offset-15_bin2_labels,1,28,28.0,5970.59375,5634.32958984375,16.755699157714844,simple
29,QD_mix_40_phase_prec-alloc_offset-15_bin2_raw,QD_mix_40_phase_prec-alloc_offset-15_bin2_labels,1,29,29.0,5493.50634765625,5157.2421875,15.336899757385254,simple
30,QD_mix_40_phase_prec-alloc_offset-15_bin2_raw,QD_mix_40_phase_prec-alloc_offset-15_bin2_labels,1,30,30.0,5208.0771484375,4871.81298828125,14.488100051879883,simple
31,QD_mix_40_phase_prec-alloc_offset-15_bin2_raw,QD_mix_40_phase_prec-alloc_offset-15_bin2_labels,1,31,31.0,5007.103515625,4670.83935546875,13.890399932861328,simple
32,QD_mix_40_phase_prec-alloc_offset-15_bin2_raw,QD_mix_40_phase_prec-alloc_offset-15_bin2_labels,1,32,32.0,4848.6962890625,4512.43212890625,13.419300079345703,simple
33,QD_mix_40_phase_prec-alloc_offset-15_bin2_raw,QD_mix_40_phase_prec-alloc_offset-15_bin2_labels,1,33,33.0,4838.0478515625,4501.78369140625,13.38759994506836,simple
34,QD_mix_40_phase_prec-alloc_offset-15_bin2_raw,QD_mix_40_phase_prec-alloc_offset-15_bin2_labels,1,34,34.0,4770.31640625,4434.05224609375,13.186200141906738,simple
35,QD_mix_40_phase_prec-alloc_offset-15_bin2_raw,QD_mix_40_phase_prec-alloc_offset-15_bin2_labels,1,35,35.0,4722.7802734375,4386.51611328125,13.044899940490723,simple
36,QD_mix_40_phase_prec-alloc_offset-15_bin2_raw,QD_mix_40_phase_prec-alloc_offset-15_bin2_labels,1,36,36.0,4614.76220703125,4278.498046875,12.723600387573242,simple
37,QD_mix_40_phase_prec-alloc_offset-15_bin2_raw,QD_mix_40_phase_prec-alloc_offset-15_bin2_labels,1,37,37.0,4469.8564453125,4133.59228515625,12.292699813842773,simple
38,QD_mix_40_phase_prec-alloc_offset-15_bin2_raw,QD_mix_40_phase_prec-alloc_offset-15_bin2_labels,1,38,38.0,4311.72705078125,3975.463134765625,11.822400093078613,simple
39,QD_mix_40_phase_prec-alloc_offset-15_bin2_raw,QD_mix_40_phase_prec-alloc_offset-15_bin2_labels,1,39,39.0,4113.38330078125,3777.119140625,11.232600212097168,simple
40,QD_mix_40_phase_prec-alloc_offset-15_bin2_raw,QD_mix_40_phase_prec-alloc_offset-15_bin2_labels,1,40,40.0,3881.11474609375,3544.851318359375,10.541899681091309,simple
41,QD_mix_40_phase_prec-alloc_offset-15_bin2_raw,QD_mix_40_phase_prec-alloc_offset-15_bin2_labels,1,41,41.0,3629.456298828125,3293.1923828125,9.793499946594238,simple
42,QD_mix_40_phase_prec-alloc_offset-15_bin2_raw,QD_mix_40_phase_prec-alloc_offset-15_bin2_labels,1,42,42.0,3370.80322265625,3034.539306640625,9.024299621582031,simple
43,QD_mix_40_phase_prec-alloc_offset-15_bin2_raw,QD_mix_40_phase_prec-alloc_offset-15_bin2_labels,1,43,43.0,3142.270751953125,2806.0068359375,8.34469985961914,simple
44,QD_mix_40_phase_prec-alloc_offset-15_bin2_raw,QD_mix_40_phase_prec-alloc_offset-15_bin2_labels,1,44,44.0,2974.234375,2637.970458984375,7.844900131225586,simple
45,QD_mix_40_phase_prec-alloc_offset-15_bin2_raw,QD_mix_40_phase_prec-alloc_offset-15_bin2_labels,1,45,45.0,2859.61767578125,2523.353759765625,7.5040998458862305,simple
46,QD_mix_40_phase_prec-alloc_offset-15_bin2_raw,QD_mix_40_phase_prec-alloc_offset-15_bin2_labels,1,46,46.0,2698.102294921875,2361.83837890625,7.023799896240234,simple
47,QD_mix_40_phase_prec-alloc_offset-15_bin2_raw,QD_mix_40_phase_prec-alloc_offset-15_bin2_labels,1,47,47.0,2632.873779296875,2296.60986328125,6.829800128936768,simple
48,QD_mix_40_phase_prec-alloc_offset-15_bin2_raw,QD_mix_40_phase_prec-alloc_offset-15_bin2_labels,1,48,48.0,2589.902099609375,2253.63818359375,6.702000141143799,simple
49,QD_mix_40_phase_prec-alloc_offset-15_bin2_raw,QD_mix_40_phase_prec-alloc_offset-15_bin2_labels,1,49,49.0,2641.884033203125,2305.6201171875,6.856599807739258,simple
50,QD_mix_40_phase_prec-alloc_offset-15_bin2_raw,QD_mix_40_phase_prec-alloc_offset-15_bin2_labels,1,50,50.0,2724.6962890625,2388.432373046875,7.102799892425537,simple
51,QD_mix_40_phase_prec-alloc_offset-15_bin2_raw,QD_mix_40_phase_prec-alloc_offset-15_bin2_labels,1,51,51.0,2771.139892578125,2434.8759765625,7.241000175476074,simple
52,QD_mix_40_phase_prec-alloc_offset-15_bin2_raw,QD_mix_40_phase_prec-alloc_offset-15_bin2_labels,1,52,52.0,2854.111572265625,2517.84765625,7.48769998550415,simple
53,QD_mix_40_phase_prec-alloc_offset-15_bin2_raw,QD_mix_40_phase_prec-alloc_offset-15_bin2_labels,1,53,53.0,2924.245849609375,2587.98193359375,7.696300029754639,simple
54,QD_mix_40_phase_prec-alloc_offset-15_bin2_raw,QD_mix_40_phase_prec-alloc_offset-15_bin2_labels,1,54,54.0,2981.570068359375,2645.30615234375,7.866799831390381,simple
55,QD_mix_40_phase_prec-alloc_offset-15_bin2_raw,QD_mix_40_phase_prec-alloc_offset-15_bin2_labels,1,55,55.0,3028.79638671875,2692.532470703125,8.007200241088867,simple
56,QD_mix_40_phase_prec-alloc_offset-15_bin2_raw,QD_mix_40_phase_prec-alloc_offset-15_bin2_labels,1,56,56.0,3004.860107421875,2668.59619140625,7.935999870300293,simple
57,QD_mix_40_phase_prec-alloc_offset-15_bin2_raw,QD_mix_40_phase_prec-alloc_offset-15_bin2_labels,1,57,57.0,2945.61083984375,2609.346923828125,7.759799957275391,simple
58,QD_mix_40_phase_prec-alloc_offset-15_bin2_raw,QD_mix_40_phase_prec-alloc_offset-15_bin2_labels,1,58,58.0,2871.777099609375,2535.51318359375,7.540200233459473,simple
59,QD_mix_40_phase_prec-alloc_offset-15_bin2_raw,QD_mix_40_phase_prec-alloc_offset-15_bin2_labels,1,59,59.0,2706.457275390625,2370.193359375,7.048600196838379,simple
60,QD_mix_40_phase_prec-alloc_offset-15_bin2_raw,QD_mix_40_phase_prec-alloc_offset-15_bin2_labels,1,60,60.0,2579.167236328125,2242.9033203125,6.670100212097168,simple
61,QD_mix_40_phase_prec-alloc_offset-15_bin2_raw,QD_mix_40_phase_prec-alloc_offset-15_bin2_labels,1,61,61.0,2400.691650390625,2064.427734375,6.1392998695373535,simple
62,QD_mix_40_phase_prec-alloc_offset-15_bin2_raw,QD_mix_40_phase_prec-alloc_offset-15_bin2_labels,1,62,62.0,2184.846435546875,1848.5826416015625,5.497399806976318,simple
63,QD_mix_40_phase_prec-alloc_offset-15_bin2_raw,QD_mix_40_phase_prec-alloc_offset-15_bin2_labels,1,63,63.0,1948.8828125,1612.618896484375,4.7957000732421875,simple
64,QD_mix_40_phase_prec-alloc_offset-15_bin2_raw,QD_mix_40_phase_prec-alloc_offset-15_bin2_labels,1,64,64.0,1708.2183837890625,1371.9544677734375,4.079999923706055,simple
65,QD_mix_40_phase_prec-alloc_offset-15_bin2_raw,QD_mix_40_phase_prec-alloc_offset-15_bin2_labels,1,65,65.0,1452.8828125,1116.618896484375,3.32069993019104,simple
66,QD_mix_40_phase_prec-alloc_offset-15_bin2_raw,QD_mix_40_phase_prec-alloc_offset-15_bin2_labels,1,66,66.0,1243.23095703125,906.9669799804688,2.697200059890747,simple
67,QD_mix_40_phase_prec-alloc_offset-15_bin2_raw,QD_mix_40_phase_prec-alloc_offset-15_bin2_labels,1,67,67.0,1033.46533203125,697.201416015625,2.0734000205993652,simple
68,QD_mix_40_phase_prec-alloc_offset-15_bin2_raw,QD_mix_40_phase_prec-alloc_offset-15_bin2_labels,1,68,68.0,867.2490844726562,530.9852294921875,1.5791000127792358,simple
69,QD_mix_40_phase_prec-alloc_offset-15_bin2_raw,QD_mix_40_phase_prec-alloc_offset-15_bin2_labels,1,69,69.0,728.0819091796875,391.8179931640625,1.1651999950408936,simple
70,QD_mix_40_phase_prec-alloc_offset-15_bin2_raw,QD_mix_40_phase_prec-alloc_offset-15_bin2_labels,1,70,70.0,605.5745239257812,269.31060791015625,0.8008999824523926,simple
71,QD_mix_40_phase_prec-alloc_offset-15_bin2_raw,QD_mix_40_phase_prec-alloc_offset-15_bin2_labels,1,71,71.0,520.1729125976562,183.90899658203125,0.5468999743461609,simple
72,QD_mix_40_phase_prec-alloc_offset-15_bin2_raw,QD_mix_40_phase_prec-alloc_offset-15_bin2_labels,1,72,72.0,444.0,107.73600006103516,0.3203999996185303,simple
73,QD_mix_40_phase_prec-alloc_offset-15_bin2_raw,QD_mix_40_phase_prec-alloc_offset-15_bin2_labels,1,73,73.0,372.364013671875,36.100101470947266,0.10740000009536743,simple
74,QD_mix_40_phase_prec-alloc_offset-15_bin2_raw,QD_mix_40_phase_prec-alloc_offset-15_bin2_labels,1,74,74.0,328.9966125488281,-7.267399787902832,-0.02160000056028366,simple
75,QD_mix_40_phase_prec-alloc_offset-15_bin2_raw,QD_mix_40_phase_prec-alloc_offset-15_bin2_labels,1,75,75.0,286.14788818359375,-50.1161003112793,-0.14900000393390656,simple
76,QD_mix_40_phase_prec-alloc_offset-15_bin2_raw,QD_mix_40_phase_prec-alloc_offset-15_bin2_labels,1,76,76.0,118.6802978515625,-217.58360290527344,-0.6470999717712402,simple
77,QD_mix_40_phase_prec-alloc_offset-15_bin2_raw,QD_mix_40_phase_prec-alloc_offset-15_bin2_labels,1,77,77.0,0.0,-336.2640075683594,-1.0,simple
78,QD_mix_40_phase_prec-alloc_offset-15_bin2_raw,QD_mix_40_phase_prec-alloc_offset-15_bin2_labels,1,78,78.0,0.0,-336.2640075683594,-1.0,simple
79,QD_mix_40_phase_prec-alloc_offset-15_bin2_raw,QD_mix_40_phase_prec-alloc_offset-15_bin2_labels,1,79,79.0,0.0,-336.2640075683594,-1.0,simple
80,QD_mix_40_phase_prec-alloc_offset-15_bin2_raw,QD_mix_40_phase_prec-alloc_offset-15_bin2_labels,1,80,80.0,0.0,-336.2640075683594,-1.0,simple
81,QD_mix_40_phase_prec-alloc_offset-15_bin2_raw,QD_mix_40_phase_prec-alloc_offset-15_bin2_labels,1,81,81.0,0.0,-336.2640075683594,-1.0,simple
82,QD_mix_40_phase_prec-alloc_offset-15_bin2_raw,QD_mix_40_phase_prec-alloc_offset-15_bin2_labels,1,82,82.0,0.0,-336.2640075683594,-1.0,simple
83,QD_mix_40_phase_prec-alloc_offset-15_bin2_raw,QD_mix_40_phase_prec-alloc_offset-15_bin2_labels,1,83,83.0,0.0,-336.2640075683594,-1.0,simple
84,QD_mix_40_phase_prec-alloc_offset-15_bin2_raw,QD_mix_40_phase_prec-alloc_offset-15_bin2_labels,1,84,84.0,0.0,-336.2640075683594,-1.0,simple
85,QD_mix_40_phase_prec-alloc_offset-15_bin2_raw,QD_mix_40_phase_prec-alloc_offset-15_bin2_labels,1,85,85.0,0.0,-336.2640075683594,-1.0,simple
86,QD_mix_40_phase_prec-alloc_offset-15_bin2_raw,QD_mix_40_phase_prec-alloc_offset-15_bin2_labels,1,86,86.0,0.0,-336.2640075683594,-1.0,simple
87,QD_mix_40_phase_prec-alloc_offset-15_bin2_raw,QD_mix_40_phase_prec-alloc_offset-15_bin2_labels,1,87,87.0,0.0,-336.2640075683594,-1.0,simple
88,QD_mix_40_phase_prec-alloc_offset-15_bin2_raw,QD_mix_40_phase_prec-alloc_offset-15_bin2_labels,1,88,88.0,0.0,-336.2640075683594,-1.0,simple
89,QD_mix_40_phase_prec-alloc_offset-15_bin2_raw,QD_mix_40_phase_prec-alloc_offset-15_bin2_labels,1,89,89.0,0.0,-336.2640075683594,-1.0,simple
90,QD_mix_40_phase_prec-alloc_offset-15_bin2_raw,QD_mix_40_phase_prec-alloc_offset-15_bin2_labels,1,90,90.0,0.0,-336.2640075683594,-1.0,simple
91,QD_mix_40_phase_prec-alloc_offset-15_bin2_raw,QD_mix_40_phase_prec-alloc_offset-15_bin2_labels,1,91,91.0,0.0,-336.2640075683594,-1.0,simple
92,QD_mix_40_phase_prec-alloc_offset-15_bin2_raw,QD_mix_40_phase_prec-alloc_offset-15_bin2_labels,1,92,92.0,0.0,-336.2640075683594,-1.0,simple
93,QD_mix_40_phase_prec-alloc_offset-15_bin2_raw,QD_mix_40_phase_prec-alloc_offset-15_bin2_labels,1,93,93.0,0.0,-336.2640075683594,-1.0,simple
94,QD_mix_40_phase_prec-alloc_offset-15_bin2_raw,QD_mix_40_phase_prec-alloc_offset-15_bin2_labels,1,94,94.0,0.0,-336.2640075683594,-1.0,simple
95,QD_mix_40_phase_prec-alloc_offset-15_bin2_raw,QD_mix_40_phase_prec-alloc_offset-15_bin2_labels,1,95,95.0,0.0,-336.2640075683594,-1.0,simple
96,QD_mix_40_phase_prec-alloc_offset-15_bin2_raw,QD_mix_40_phase_prec-alloc_offset-15_bin2_labels,1,96,96.0,0.0,-336.2640075683594,-1.0,simple
97,QD_mix_40_phase_prec-alloc_offset-15_bin2_raw,QD_mix_40_phase_prec-alloc_offset-15_bin2_labels,1,97,97.0,0.0,-336.2640075683594,-1.0,simple
98,QD_mix_40_phase_prec-alloc_offset-15_bin2_raw,QD_mix_40_phase_prec-alloc_offset-15_bin2_labels,1,98,98.0,0.0,-336.2640075683594,-1.0,simple
99,QD_mix_40_phase_prec-alloc_offset-15_bin2_raw,QD_mix_40_phase_prec-alloc_offset-15_bin2_labels,1,100,99.0,0.0,-336.2640075683594,-1.0,simple
100,QD_mix_40_phase_prec-alloc_offset-15_bin2_raw,QD_mix_40_phase_prec-alloc_offset-15_bin2_labels,2,0,0.0,332.4067077636719,0.0,0.0,simple
101,QD_mix_40_phase_prec-alloc_offset-15_bin2_raw,QD_mix_40_phase_prec-alloc_offset-15_bin2_labels,2,1,1.0,385.90411376953125,53.497398376464844,0.16089999675750732,simple
102,QD_mix_40_phase_prec-alloc_offset-15_bin2_raw,QD_mix_40_phase_prec-alloc_offset-15_bin2_labels,2,2,2.0,461.29638671875,128.8896026611328,0.38769999146461487,simple
103,QD_mix_40_phase_prec-alloc_offset-15_bin2_raw,QD_mix_40_phase_prec-alloc_offset-15_bin2_labels,2,3,3.0,572.1270751953125,239.72039794921875,0.7211999893188477,simple
104,QD_mix_40_phase_prec-alloc_offset-15_bin2_raw,QD_mix_40_phase_prec-alloc_offset-15_bin2_labels,2,4,4.0,744.2056884765625,411.79901123046875,1.238800048828125,simple
105,QD_mix_40_phase_prec-alloc_offset-15_bin2_raw,QD_mix_40_phase_prec-alloc_offset-15_bin2_labels,2,5,5.0,936.8458251953125,604.4390869140625,1.8184000253677368,simple
106,QD_mix_40_phase_prec-alloc_offset-15_bin2_raw,QD_mix_40_phase_prec-alloc_offset-15_bin2_labels,2,6,6.0,1229.7655029296875,897.3588256835938,2.6995999813079834,simple
107,QD_mix_40_phase_prec-alloc_offset-15_bin2_raw,QD_mix_40_phase_prec-alloc_offset-15_bin2_labels,2,7,7.0,1634.3616943359375,1301.9549560546875,3.916800022125244,simple
108,QD_mix_40_phase_prec-alloc_offset-15_bin2_raw,QD_mix_40_phase_prec-alloc_offset-15_bin2_labels,2,8,8.0,2158.033447265625,1825.6268310546875,5.492099761962891,simple
109,QD_mix_40_phase_prec-alloc_offset-15_bin2_raw,QD_mix_40_phase_prec-alloc_offset-15_bin2_labels,2,9,9.0,2802.629638671875,2470.222900390625,7.431300163269043,simple
110,QD_mix_40_phase_prec-alloc_offset-15_bin2_raw,QD_mix_40_phase_prec-alloc_offset-15_bin2_labels,2,10,10.0,3632.593994140625,3300.187255859375,9.928199768066406,simple
111,QD_mix_40_phase_prec-alloc_offset-15_bin2_raw,QD_mix_40_phase_prec-alloc_offset-15_bin2_labels,2,11,11.0,4510.33642578125,4177.9296875,12.568699836730957,simple
112,QD_mix_40_phase_prec-alloc_offset-15_bin2_raw,QD_mix_40_phase_prec-alloc_offset-15_bin2_labels,2,12,12.0,5613.79296875,5281.38623046875,15.888299942016602,simple
113,QD_mix_40_phase_prec-alloc_offset-15_bin2_raw,QD_mix_40_phase_prec-alloc_offset-15_bin2_labels,2,13,13.0,6801.86474609375,6469.4580078125,19.462499618530273,simple
114,QD_mix_40_phase_prec-alloc_offset-15_bin2_raw,QD_mix_40_phase_prec-alloc_offset-15_bin2_labels,2,14,14.0,8132.07861328125,7799.671875,23.46419906616211,simple
115,QD_mix_40_phase_prec-alloc_offset-15_bin2_raw,QD_mix_40_phase_prec-alloc_offset-15_bin2_labels,2,15,15.0,9461.5322265625,9129.1259765625,27.463699340820312,simple
116,QD_mix_40_phase_prec-alloc_offset-15_bin2_raw,QD_mix_40_phase_prec-alloc_offset-15_bin2_labels,2,16,16.0,10790.8515625,10458.4453125,31.462799072265625,simple
117,QD_mix_40_phase_prec-alloc_offset-15_bin2_raw,QD_mix_40_phase_prec-alloc_offset-15_bin2_labels,2,17,17.0,12044.19140625,11711.78515625,35.233299255371094,simple
118,QD_mix_40_phase_prec-alloc_offset-15_bin2_raw,QD_mix_40_phase_prec-alloc_offset-15_bin2_labels,2,18,18.0,13005.298828125,12672.892578125,38.124698638916016,simple
119,QD_mix_40_phase_prec-alloc_offset-15_bin2_raw,QD_mix_40_phase_prec-alloc_offset-15_bin2_labels,2,19,19.0,13701.6162109375,13369.208984375,40.219398498535156,simple
120,QD_mix_40_phase_prec-alloc_offset-15_bin2_raw,QD_mix_40_phase_prec-alloc_offset-15_bin2_labels,2,20,20.0,14050.2509765625,13717.8447265625,41.2682991027832,simple
121,QD_mix_40_phase_prec-alloc_offset-15_bin2_raw,QD_mix_40_phase_prec-alloc_offset-15_bin2_labels,2,21,21.0,14105.3837890625,13772.9775390625,41.43410110473633,simple
122,QD_mix_40_phase_prec-alloc_offset-15_bin2_raw,QD_mix_40_phase_prec-alloc_offset-15_bin2_labels,2,22,22.0,13742.2900390625,13409.8837890625,40.341800689697266,simple
123,QD_mix_40_phase_prec-alloc_offset-15_bin2_raw,QD_mix_40_phase_prec-alloc_offset-15_bin2_labels,2,23,23.0,13109.2314453125,12776.8251953125,38.43730163574219,simple
124,QD_mix_40_phase_prec-alloc_offset-15_bin2_raw,QD_mix_40_phase_prec-alloc_offset-15_bin2_labels,2,24,24.0,12207.8916015625,11875.4853515625,35.725799560546875,simple
125,QD_mix_40_phase_prec-alloc_offset-15_bin2_raw,QD_mix_40_phase_prec-alloc_offset-15_bin2_labels,2,25,25.0,11232.654296875,10900.248046875,32.791900634765625,simple
126,QD_mix_40_phase_prec-alloc_offset-15_bin2_raw,QD_mix_40_phase_prec-alloc_offset-15_bin2_labels,2,26,26.0,10071.7939453125,9739.3876953125,29.29960060119629,simple
127,QD_mix_40_phase_prec-alloc_offset-15_bin2_raw,QD_mix_40_phase_prec-alloc_offset-15_bin2_labels,2,27,27.0,8961.0625,8628.65625,25.958099365234375,simple
128,QD_mix_40_phase_prec-alloc_offset-15_bin2_raw,QD_mix_40_phase_prec-alloc_offset-15_bin2_labels,2,28,28.0,7979.81982421875,7647.41259765625,23.006200790405273,simple
129,QD_mix_40_phase_prec-alloc_offset-15_bin2_raw,QD_mix_40_phase_prec-alloc_offset-15_bin2_labels,2,29,29.0,7170.72216796875,6838.3154296875,20.572099685668945,simple
130,QD_mix_40_phase_prec-alloc_offset-15_bin2_raw,QD_mix_40_phase_prec-alloc_offset-15_bin2_labels,2,30,30.0,6454.57177734375,6122.1650390625,18.417699813842773,simple
131,QD_mix_40_phase_prec-alloc_offset-15_bin2_raw,QD_mix_40_phase_prec-alloc_offset-15_bin2_labels,2,31,31.0,5959.15869140625,5626.751953125,16.92729949951172,simple
132,QD_mix_40_phase_prec-alloc_offset-15_bin2_raw,QD_mix_40_phase_prec-alloc_offset-15_bin2_labels,2,32,32.0,5583.72265625,5251.31591796875,15.797900199890137,simple
133,QD_mix_40_phase_prec-alloc_offset-15_bin2_raw,QD_mix_40_phase_prec-alloc_offset-15_bin2_labels,2,33,33.0,5329.40966796875,4997.0029296875,15.03279972076416,simple
134,QD_mix_40_phase_prec-alloc_offset-15_bin2_raw,QD_mix_40_phase_prec-alloc_offset-15_bin2_labels,2,34,34.0,5144.693359375,4812.28662109375,14.477100372314453,simple
135,QD_mix_40_phase_prec-alloc_offset-15_bin2_raw,QD_mix_40_phase_prec-alloc_offset-15_bin2_labels,2,35,35.0,5017.68896484375,4685.2822265625,14.095000267028809,simple
136,QD_mix_40_phase_prec-alloc_offset-15_bin2_raw,QD_mix_40_phase_prec-alloc_offset-15_bin2_labels,2,36,36.0,4876.56396484375,4544.1572265625,13.670499801635742,simple
137,QD_mix_40_phase_prec-alloc_offset-15_bin2_raw,QD_mix_40_phase_prec-alloc_offset-15_bin2_labels,2,37,37.0,4710.71533203125,4378.30859375,13.171500205993652,simple
138,QD_mix_40_phase_prec-alloc_offset-15_bin2_raw,QD_mix_40_phase_prec-alloc_offset-15_bin2_labels,2,38,38.0,4524.45068359375,4192.0439453125,12.611200332641602,simple
139,QD_mix_40_phase_prec-alloc_offset-15_bin2_raw,QD_mix_40_phase_prec-alloc_offset-15_bin2_labels,2,39,39.0,4311.1494140625,3978.742919921875,11.969499588012695,simple
140,QD_mix_40_phase_prec-alloc_offset-15_bin2_raw,QD_mix_40_phase_prec-alloc_offset-15_bin2_labels,2,40,40.0,4072.646728515625,3740.240478515625,11.251999855041504,simple
141,QD_mix_40_phase_prec-alloc_offset-15_bin2_raw,QD_mix_40_phase_prec-alloc_offset-15_bin2_labels,2,41,41.0,3820.8388671875,3488.431884765625,10.494500160217285,simple
142,QD_mix_40_phase_prec-alloc_offset-15_bin2_raw,QD_mix_40_phase_prec-alloc_offset-15_bin2_labels,2,42,42.0,3574.55126953125,3242.144287109375,9.753499984741211,simple
143,QD_mix_40_phase_prec-alloc_offset-15_bin2_raw,QD_mix_40_phase_prec-alloc_offset-15_bin2_labels,2,43,43.0,3335.93310546875,3003.5263671875,9.035699844360352,simple
144,QD_mix_40_phase_prec-alloc_offset-15_bin2_raw,QD_mix_40_phase_prec-alloc_offset-15_bin2_labels,2,44,44.0,3132.76025390625,2800.353515625,8.424500465393066,simple
145,QD_mix_40_phase_prec-alloc_offset-15_bin2_raw,QD_mix_40_phase_prec-alloc_offset-15_bin2_labels,2,45,45.0,2935.5263671875,2603.11962890625,7.831099987030029,simple
146,QD_mix_40_phase_prec-alloc_offset-15_bin2_raw,QD_mix_40_phase_prec-alloc_offset-15_bin2_labels,2,46,46.0,2831.607177734375,2499.200439453125,7.518499851226807,simple
147,QD_mix_40_phase_prec-alloc_offset-15_bin2_raw,QD_mix_40_phase_prec-alloc_offset-15_bin2_labels,2,47,47.0,2738.701416015625,2406.294677734375,7.238999843597412,simple
148,QD_mix_40_phase_prec-alloc_offset-15_bin2_raw,QD_mix_40_phase_prec-alloc_offset-15_bin2_labels,2,48,48.0,2721.677734375,2389.27099609375,7.18779993057251,simple
149,QD_mix_40_phase_prec-alloc_offset-15_bin2_raw,QD_mix_40_phase_prec-alloc_offset-15_bin2_labels,2,49,49.0,2745.682373046875,2413.275634765625,7.260000228881836,simple
150,QD_mix_40_phase_prec-alloc_offset-15_bin2_raw,QD_mix_40_phase_prec-alloc_offset-15_bin2_labels,2,50,50.0,2831.443115234375,2499.036376953125,7.51800012588501,simple
151,QD_mix_40_phase_prec-alloc_offset-15_bin2_raw,QD_mix_40_phase_prec-alloc_offset-15_bin2_labels,2,51,51.0,2921.85546875,2589.44873046875,7.789999961853027,simple
152,QD_mix_40_phase_prec-alloc_offset-15_bin2_raw,QD_mix_40_phase_prec-alloc_offset-15_bin2_labels,2,52,52.0,2997.506591796875,2665.099853515625,8.017600059509277,simple
153,QD_mix_40_phase_prec-alloc_offset-15_bin2_raw,QD_mix_40_phase_prec-alloc_offset-15_bin2_labels,2,53,53.0,3065.016845703125,2732.610107421875,8.22070026397705,simple
154,QD_mix_40_phase_prec-alloc_offset-15_bin2_raw,QD_mix_40_phase_prec-alloc_offset-15_bin2_labels,2,54,54.0,3150.805419921875,2818.398681640625,8.478799819946289,simple
155,QD_mix_40_phase_prec-alloc_offset-15_bin2_raw,QD_mix_40_phase_prec-alloc_offset-15_bin2_labels,2,55,55.0,3228.5107421875,2896.10400390625,8.712499618530273,simple
156,QD_mix_40_phase_prec-alloc_offset-15_bin2_raw,QD_mix_40_phase_prec-alloc_offset-15_bin2_labels,2,56,56.0,3208.686279296875,2876.279541015625,8.652899742126465,simple
157,QD_mix_40_phase_prec-alloc_offset-15_bin2_raw,QD_mix_40_phase_prec-alloc_offset-15_bin2_labels,2,57,57.0,3177.58984375,2845.18310546875,8.559300422668457,simple
158,QD_mix_40_phase_prec-alloc_offset-15_bin2_raw,QD_mix_40_phase_prec-alloc_offset-15_bin2_labels,2,58,58.0,3055.12890625,2722.72216796875,8.190899848937988,simple
159,QD_mix_40_phase_prec-alloc_offset-15_bin2_raw,QD_mix_40_phase_prec-alloc_offset-15_bin2_labels,2,59,59.0,2985.8232421875,2653.41650390625,7.982399940490723,simple
160,QD_mix_40_phase_prec-alloc_offset-15_bin2_raw,QD_mix_40_phase_prec-alloc_offset-15_bin2_labels,2,60,60.0,2802.715087890625,2470.308349609375,7.431600093841553,simple
161,QD_mix_40_phase_prec-alloc_offset-15_bin2_raw,QD_mix_40_phase_prec-alloc_offset-15_bin2_labels,2,61,61.0,2574.13525390625,2241.728515625,6.743899822235107,simple
162,QD_mix_40_phase_prec-alloc_offset-15_bin2_raw,QD_mix_40_phase_prec-alloc_offset-15_bin2_labels,2,62,62.0,2359.891357421875,2027.484619140625,6.099400043487549,simple
163,QD_mix_40_phase_prec-alloc_offset-15_bin2_raw,QD_mix_40_phase_prec-alloc_offset-15_bin2_labels,2,63,63.0,2113.323974609375,1780.917236328125,5.357600212097168,simple
164,QD_mix_40_phase_prec-alloc_offset-15_bin2_raw,QD_mix_40_phase_prec-alloc_offset-15_bin2_labels,2,64,64.0,1837.2569580078125,1504.850341796875,4.527100086212158,simple
165,QD_mix_40_phase_prec-alloc_offset-15_bin2_raw,QD_mix_40_phase_prec-alloc_offset-15_bin2_labels,2,65,65.0,1561.892578125,1229.48583984375,3.698699951171875,simple
166,QD_mix_40_phase_prec-alloc_offset-15_bin2_raw,QD_mix_40_phase_prec-alloc_offset-15_bin2_labels,2,66,66.0,1329.41650390625,997.0098266601562,2.9993999004364014,simple
167,QD_mix_40_phase_prec-alloc_offset-15_bin2_raw,QD_mix_40_phase_prec-alloc_offset-15_bin2_labels,2,67,67.0,1112.2796630859375,779.8729248046875,2.346100091934204,simple
168,QD_mix_40_phase_prec-alloc_offset-15_bin2_raw,QD_mix_40_phase_prec-alloc_offset-15_bin2_labels,2,68,68.0,909.402587890625,576.9959716796875,1.73580002784729,simple
169,QD_mix_40_phase_prec-alloc_offset-15_bin2_raw,QD_mix_40_phase_prec-alloc_offset-15_bin2_labels,2,69,69.0,761.7608032226562,429.3540954589844,1.291700005531311,simple
170,QD_mix_40_phase_prec-alloc_offset-15_bin2_raw,QD_mix_40_phase_prec-alloc_offset-15_bin2_labels,2,70,70.0,621.1046142578125,288.69781494140625,0.8684999942779541,simple
171,QD_mix_40_phase_prec-alloc_offset-15_bin2_raw,QD_mix_40_phase_prec-alloc_offset-15_bin2_labels,2,71,71.0,515.9005737304688,183.493896484375,0.5519999861717224,simple
172,QD_mix_40_phase_prec-alloc_offset-15_bin2_raw,QD_mix_40_phase_prec-alloc_offset-15_bin2_labels,2,72,72.0,440.5683898925781,108.16169738769531,0.3253999948501587,simple
173,QD_mix_40_phase_prec-alloc_offset-15_bin2_raw,QD_mix_40_phase_prec-alloc_offset-15_bin2_labels,2,73,73.0,363.88909912109375,31.48240089416504,0.09470000118017197,simple
174,QD_mix_40_phase_prec-alloc_offset-15_bin2_raw,QD_mix_40_phase_prec-alloc_offset-15_bin2_labels,2,74,74.0,314.9462890625,-17.460399627685547,-0.05249999836087227,simple
175,QD_mix_40_phase_prec-alloc_offset-15_bin2_raw,QD_mix_40_phase_prec-alloc_offset-15_bin2_labels,2,75,75.0,273.53900146484375,-58.867698669433594,-0.17710000276565552,simple
176,QD_mix_40_phase_prec-alloc_offset-15_bin2_raw,QD_mix_40_phase_prec-alloc_offset-15_bin2_labels,2,76,76.0,127.07109832763672,-205.33560180664062,-0.6176999807357788,simple
177,QD_mix_40_phase_prec-alloc_offset-15_bin2_raw,QD_mix_40_phase_prec-alloc_offset-15_bin2_labels,2,77,77.0,0.0,-332.4067077636719,-1.0,simple
178,QD_mix_40_phase_prec-alloc_offset-15_bin2_raw,QD_mix_40_phase_prec-alloc_offset-15_bin2_labels,2,78,78.0,0.0,-332.4067077636719,-1.0,simple
179,QD_mix_40_phase_prec-alloc_offset-15_bin2_raw,QD_mix_40_phase_prec-alloc_offset-15_bin2_labels,2,79,79.0,0.0,-332.4067077636719,-1.0,simple
180,QD_mix_40_phase_prec-alloc_offset-15_bin2_raw,QD_mix_40_phase_prec-alloc_offset-15_bin2_labels,2,80,80.0,0.0,-332.4067077636719,-1.0,simple
181,QD_mix_40_phase_prec-alloc_offset-15_bin2_raw,QD_mix_40_phase_prec-alloc_offset-15_bin2_labels,2,81,81.0,0.0,-332.4067077636719,-1.0,simple
182,QD_mix_40_phase_prec-alloc_offset-15_bin2_raw,QD_mix_40_phase_prec-alloc_offset-15_bin2_labels,2,82,82.0,0.0,-332.4067077636719,-1.0,simple
183,QD_mix_40_phase_prec-alloc_offset-15_bin2_raw,QD_mix_40_phase_prec-alloc_offset-15_bin2_labels,2,83,83.0,0.0,-332.4067077636719,-1.0,simple
184,QD_mix_40_phase_prec-alloc_offset-15_bin2_raw,QD_mix_40_phase_prec-alloc_offset-15_bin2_labels,2,84,84.0,0.0,-332.4067077636719,-1.0,simple
185,QD_mix_40_phase_prec-alloc_offset-15_bin2_raw,QD_mix_40_phase_prec-alloc_offset-15_bin2_labels,2,85,85.0,0.0,-332.4067077636719,-1.0,simple
186,QD_mix_40_phase_prec-alloc_offset-15_bin2_raw,QD_mix_40_phase_prec-alloc_offset-15_bin2_labels,2,86,86.0,0.0,-332.4067077636719,-1.0,simple
187,QD_mix_40_phase_prec-alloc_offset-15_bin2_raw,QD_mix_40_phase_prec-alloc_offset-15_bin2_labels,2,87,87.0,0.0,-332.4067077636719,-1.0,simple
188,QD_mix_40_phase_prec-alloc_offset-15_bin2_raw,QD_mix_40_phase_prec-alloc_offset-15_bin2_labels,2,88,88.0,0.0,-332.4067077636719,-1.0,simple
189,QD_mix_40_phase_prec-alloc_offset-15_bin2_raw,QD_mix_40_phase_prec-alloc_offset-15_bin2_labels,2,89,89.0,0.0,-332.4067077636719,-1.0,simple
190,QD_mix_40_phase_prec-alloc_offset-15_bin2_raw,QD_mix_40_phase_prec-alloc_offset-15_bin2_labels,2,90,90.0,0.0,-332.4067077636719,-1.0,simple
191,QD_mix_40_phase_prec-alloc_offset-15_bin2_raw,QD_mix_40_phase_prec-alloc_offset-15_bin2_labels,2,91,91.0,0.0,-332.4067077636719,-1.0,simple
192,QD_mix_40_phase_prec-alloc_offset-15_bin2_raw,QD_mix_40_phase_prec-alloc_offset-15_bin2_labels,2,92,92.0,0.0,-332.4067077636719,-1.0,simple
193,QD_mix_40_phase_prec-alloc_offset-15_bin2_raw,QD_mix_40_phase_prec-alloc_offset-15_bin2_labels,2,93,93.0,0.0,-332.4067077636719,-1.0,simple
194,QD_mix_40_phase_prec-alloc_offset-15_bin2_raw,QD_mix_40_phase_prec-alloc_offset-15_bin2_labels,2,94,94.0,0.0,-332.4067077636719,-1.0,simple
195,QD_mix_40_phase_prec-alloc_offset-15_bin2_raw,QD_mix_40_phase_prec-alloc_offset-15_bin2_labels,2,95,95.0,0.0,-332.4067077636719,-1.0,simple
196,QD_mix_40_phase_prec-alloc_offset-15_bin2_raw,QD_mix_40_phase_prec-alloc_offset-15_bin2_labels,2,96,96.0,0.0,-332.4067077636719,-1.0,simple
197,QD_mix_40_phase_prec-alloc_offset-15_bin2_raw,QD_mix_40_phase_prec-alloc_offset-15_bin2_labels,2,97,97.0,0.0,-332.4067077636719,-1.0,simple
198,QD_mix_40_phase_prec-alloc_offset-15_bin2_raw,QD_mix_40_phase_prec-alloc_offset-15_bin2_labels,2,98,98.0,0.0,-332.4067077636719,-1.0,simple
199,QD_mix_40_phase_prec-alloc_offset-15_bin2_raw,QD_mix_40_phase_prec-alloc_offset-15_bin2_labels,2,100,99.0,0.0,-332.4067077636719,-1.0,simple
200,QD_mix_40_phase_prec-alloc_offset-15_bin2_raw,QD_mix_40_phase_prec-alloc_offset-15_bin2_labels,3,0,0.0,366.28839111328125,0.0,0.0,simple
201,QD_mix_40_phase_prec-alloc_offset-15_bin2_raw,QD_mix_40_phase_prec-alloc_offset-15_bin2_labels,3,1,1.0,384.6686096191406,18.38010025024414,0.050200000405311584,simple
202,QD_mix_40_phase_prec-alloc_offset-15_bin2_raw,QD_mix_40_phase_prec-alloc_offset-15_bin2_labels,3,2,2.0,458.04400634765625,91.75550079345703,0.25049999356269836,simple
203,QD_mix_40_phase_prec-alloc_offset-15_bin2_raw,QD_mix_40_phase_prec-alloc_offset-15_bin2_labels,3,3,3.0,537.8720092773438,171.58360290527344,0.4684000015258789,simple
204,QD_mix_40_phase_prec-alloc_offset-15_bin2_raw,QD_mix_40_phase_prec-alloc_offset-15_bin2_labels,3,4,4.0,637.3027954101562,271.014404296875,0.7398999929428101,simple
205,QD_mix_40_phase_prec-alloc_offset-15_bin2_raw,QD_mix_40_phase_prec-alloc_offset-15_bin2_labels,3,5,5.0,801.3867797851562,435.098388671875,1.1878999471664429,simple
206,QD_mix_40_phase_prec-alloc_offset-15_bin2_raw,QD_mix_40_phase_prec-alloc_offset-15_bin2_labels,3,6,6.0,1010.3762817382812,644.087890625,1.7583999633789062,simple
207,QD_mix_40_phase_prec-alloc_offset-15_bin2_raw,QD_mix_40_phase_prec-alloc_offset-15_bin2_labels,3,7,7.0,1349.3448486328125,983.056396484375,2.683799982070923,simple
208,QD_mix_40_phase_prec-alloc_offset-15_bin2_raw,QD_mix_40_phase_prec-alloc_offset-15_bin2_labels,3,8,8.0,1782.9837646484375,1416.6953125,3.8677000999450684,simple
209,QD_mix_40_phase_prec-alloc_offset-15_bin2_raw,QD_mix_40_phase_prec-alloc_offset-15_bin2_labels,3,9,9.0,2343.640869140625,1977.3524169921875,5.3983001708984375,simple
210,QD_mix_40_phase_prec-alloc_offset-15_bin2_raw,QD_mix_40_phase_prec-alloc_offset-15_bin2_labels,3,10,10.0,3062.635986328125,2696.34765625,7.361299991607666,simple
211,QD_mix_40_phase_prec-alloc_offset-15_bin2_raw,QD_mix_40_phase_prec-alloc_offset-15_bin2_labels,3,11,11.0,4014.277099609375,3647.98876953125,9.95930004119873,simple
212,QD_mix_40_phase_prec-alloc_offset-15_bin2_raw,QD_mix_40_phase_prec-alloc_offset-15_bin2_labels,3,12,12.0,5146.9990234375,4780.71044921875,13.051799774169922,simple
213,QD_mix_40_phase_prec-alloc_offset-15_bin2_raw,QD_mix_40_phase_prec-alloc_offset-15_bin2_labels,3,13,13.0,6548.93212890625,6182.6435546875,16.879199981689453,simple
214,QD_mix_40_phase_prec-alloc_offset-15_bin2_raw,QD_mix_40_phase_prec-alloc_offset-15_bin2_labels,3,14,14.0,8223.5869140625,7857.29833984375,21.451099395751953,simple
215,QD_mix_40_phase_prec-alloc_offset-15_bin2_raw,QD_mix_40_phase_prec-alloc_offset-15_bin2_labels,3,15,15.0,10127.0673828125,9760.779296875,26.64780044555664,simple
216,QD_mix_40_phase_prec-alloc_offset-15_bin2_raw,QD_mix_40_phase_prec-alloc_offset-15_bin2_labels,3,16,16.0,12187.984375,11821.6962890625,32.27429962158203,simple
217,QD_mix_40_phase_prec-alloc_offset-15_bin2_raw,QD_mix_40_phase_prec-alloc_offset-15_bin2_labels,3,17,17.0,14354.6787109375,13988.390625,38.18949890136719,simple
218,QD_mix_40_phase_prec-alloc_offset-15_bin2_raw,QD_mix_40_phase_prec-alloc_offset-15_bin2_labels,3,18,18.0,16578.29296875,16212.0048828125,44.26020050048828,simple
219,QD_mix_40_phase_prec-alloc_offset-15_bin2_raw,QD_mix_40_phase_prec-alloc_offset-15_bin2_labels,3,19,19.0,18834.548828125,18468.259765625,50.41999816894531,simple
220,QD_mix_40_phase_prec-alloc_offset-15_bin2_raw,QD_mix_40_phase_prec-alloc_offset-15_bin2_labels,3,20,20.0,20722.326171875,20356.037109375,55.57379913330078,simple
221,QD_mix_40_phase_prec-alloc_offset-15_bin2_raw,QD_mix_40_phase_prec-alloc_offset-15_bin2_labels,3,21,21.0,22255.1484375,21888.859375,59.75849914550781,simple
222,QD_mix_40_phase_prec-alloc_offset-15_bin2_raw,QD_mix_40_phase_prec-alloc_offset-15_bin2_labels,3,22,22.0,23266.2421875,22899.953125,62.51890182495117,simple
223,QD_mix_40_phase_prec-alloc_offset-15_bin2_raw,QD_mix_40_phase_prec-alloc_offset-15_bin2_labels,3,23,23.0,23711.755859375,23345.466796875,63.735198974609375,simple
224,QD_mix_40_phase_prec-alloc_offset-15_bin2_raw,QD_mix_40_phase_prec-alloc_offset-15_bin2_labels,3,24,24.0,23545.9453125,23179.65625,63.282501220703125,simple
225,QD_mix_40_phase_prec-alloc_offset-15_bin2_raw,QD_mix_40_phase_prec-alloc_offset-15_bin2_labels,3,25,25.0,22601.93359375,22235.64453125,60.705299377441406,simple
226,QD_mix_40_phase_prec-alloc_offset-15_bin2_raw,QD_mix_40_phase_prec-alloc_offset-15_bin2_labels,3,26,26.0,21230.64453125,20864.35546875,56.96149826049805,simple
227,QD_mix_40_phase_prec-alloc_offset-15_bin2_raw,QD_mix_40_phase_prec-alloc_offset-15_bin2_labels,3,27,27.0,19530.732421875,19164.443359375,52.32059860229492,simple
228,QD_mix_40_phase_prec-alloc_offset-15_bin2_raw,QD_mix_40_phase_prec-alloc_offset-15_bin2_labels,3,28,28.0,17602.62890625,17236.33984375,47.05670166015625,simple
229,QD_mix_40_phase_prec-alloc_offset-15_bin2_raw,QD_mix_40_phase_prec-alloc_offset-15_bin2_labels,3,29,29.0,15590.08984375,15223.8017578125,41.56230163574219,simple
230,QD_mix_40_phase_prec-alloc_offset-15_bin2_raw,QD_mix_40_phase_prec-alloc_offset-15_bin2_labels,3,30,30.0,13591.865234375,13225.578125,36.106998443603516,simple
231,QD_mix_40_phase_prec-alloc_offset-15_bin2_raw,QD_mix_40_phase_prec-alloc_offset-15_bin2_labels,3,31,31.0,11775.109375,11408.8212890625,31.1471004486084,simple
232,QD_mix_40_phase_prec-alloc_offset-15_bin2_raw,QD_mix_40_phase_prec-alloc_offset-15_bin2_labels,3,32,32.0,10237.390625,9871.1025390625,26.948999404907227,simple
233,QD_mix_40_phase_prec-alloc_offset-15_bin2_raw,QD_mix_40_phase_prec-alloc_offset-15_bin2_labels,3,33,33.0,9113.2763671875,8746.98828125,23.88010025024414,simple
234,QD_mix_40_phase_prec-alloc_offset-15_bin2_raw,QD_mix_40_phase_prec-alloc_offset-15_bin2_labels,3,34,34.0,8199.28515625,7832.99658203125,21.38479995727539,simple
235,QD_mix_40_phase_prec-alloc_offset-15_bin2_raw,QD_mix_40_phase_prec-alloc_offset-15_bin2_labels,3,35,35.0,7504.0302734375,7137.7421875,19.4867000579834,simple
236,QD_mix_40_phase_prec-alloc_offset-15_bin2_raw,QD_mix_40_phase_prec-alloc_offset-15_bin2_labels,3,36,36.0,6982.62060546875,6616.33203125,18.063199996948242,simple
237,QD_mix_40_phase_prec-alloc_offset-15_bin2_raw,QD_mix_40_phase_prec-alloc_offset-15_bin2_labels,3,37,37.0,6631.93896484375,6265.650390625,17.10580062866211,simple
238,QD_mix_40_phase_prec-alloc_offset-15_bin2_raw,QD_mix_40_phase_prec-alloc_offset-15_bin2_labels,3,38,38.0,6343.62939453125,5977.3408203125,16.318700790405273,simple
239,QD_mix_40_phase_prec-alloc_offset-15_bin2_raw,QD_mix_40_phase_prec-alloc_offset-15_bin2_labels,3,39,39.0,6048.603515625,5682.31494140625,15.513199806213379,simple
240,QD_mix_40_phase_prec-alloc_offset-15_bin2_raw,QD_mix_40_phase_prec-alloc_offset-15_bin2_labels,3,40,40.0,5742.76611328125,5376.4775390625,14.678299903869629,simple
241,QD_mix_40_phase_prec-alloc_offset-15_bin2_raw,QD_mix_40_phase_prec-alloc_offset-15_bin2_labels,3,41,41.0,5501.0087890625,5134.72021484375,14.018199920654297,simple
242,QD_mix_40_phase_prec-alloc_offset-15_bin2_raw,QD_mix_40_phase_prec-alloc_offset-15_bin2_labels,3,42,42.0,5225.16162109375,4858.873046875,13.265199661254883,simple
243,QD_mix_40_phase_prec-alloc_offset-15_bin2_raw,QD_mix_40_phase_prec-alloc_offset-15_bin2_labels,3,43,43.0,4891.06787109375,4524.779296875,12.352999687194824,simple
244,QD_mix_40_phase_prec-alloc_offset-15_bin2_raw,QD_mix_40_phase_prec-alloc_offset-15_bin2_labels,3,44,44.0,4614.6435546875,4248.35498046875,11.598400115966797,simple
245,QD_mix_40_phase_prec-alloc_offset-15_bin2_raw,QD_mix_40_phase_prec-alloc_offset-15_bin2_labels,3,45,45.0,4295.33544921875,3929.046875,10.72659969329834,simple
246,QD_mix_40_phase_prec-alloc_offset-15_bin2_raw,QD_mix_40_phase_prec-alloc_offset-15_bin2_labels,3,46,46.0,4111.31591796875,3745.027099609375,10.224300384521484,simple
247,QD_mix_40_phase_prec-alloc_offset-15_bin2_raw,QD_mix_40_phase_prec-alloc_offset-15_bin2_labels,3,47,47.0,3918.288330078125,3552.0,9.69729995727539,simple
248,QD_mix_40_phase_prec-alloc_offset-15_bin2_raw,QD_mix_40_phase_prec-alloc_offset-15_bin2_labels,3,48,48.0,3782.865234375,3416.576904296875,9.32759952545166,simple
249,QD_mix_40_phase_prec-alloc_offset-15_bin2_raw,QD_mix_40_phase_prec-alloc_offset-15_bin2_labels,3,49,49.0,3704.263671875,3337.97509765625,9.11299991607666,simple
250,QD_mix_40_phase_prec-alloc_offset-15_bin2_raw,QD_mix_40_phase_prec-alloc_offset-15_bin2_labels,3,50,50.0,3728.538330078125,3362.25,9.179200172424316,simple
251,QD_mix_40_phase_prec-alloc_offset-15_bin2_raw,QD_mix_40_phase_prec-alloc_offset-15_bin2_labels,3,51,51.0,3735.835693359375,3369.547119140625,9.199199676513672,simple
252,QD_mix_40_phase_prec-alloc_offset-15_bin2_raw,QD_mix_40_phase_prec-alloc_offset-15_bin2_labels,3,52,52.0,3886.84228515625,3520.5537109375,9.61139965057373,simple
253,QD_mix_40_phase_prec-alloc_offset-15_bin2_raw,QD_mix_40_phase_prec-alloc_offset-15_bin2_labels,3,53,53.0,4024.98193359375,3658.693115234375,9.98859977722168,simple
254,QD_mix_40_phase_prec-alloc_offset-15_bin2_raw,QD_mix_40_phase_prec-alloc_offset-15_bin2_labels,3,54,54.0,4216.36669921875,3850.077880859375,10.511099815368652,simple
255,QD_mix_40_phase_prec-alloc_offset-15_bin2_raw,QD_mix_40_phase_prec-alloc_offset-15_bin2_labels,3,55,55.0,4420.5615234375,4054.272705078125,11.068499565124512,simple
256,QD_mix_40_phase_prec-alloc_offset-15_bin2_raw,QD_mix_40_phase_prec-alloc_offset-15_bin2_labels,3,56,56.0,4511.76318359375,4145.474609375,11.317500114440918,simple
257,QD_mix_40_phase_prec-alloc_offset-15_bin2_raw,QD_mix_40_phase_prec-alloc_offset-15_bin2_labels,3,57,57.0,4592.0498046875,4225.76123046875,11.536700248718262,simple
258,QD_mix_40_phase_prec-alloc_offset-15_bin2_raw,QD_mix_40_phase_prec-alloc_offset-15_bin2_labels,3,58,58.0,4724.19091796875,4357.90234375,11.897500038146973,simple
259,QD_mix_40_phase_prec-alloc_offset-15_bin2_raw,QD_mix_40_phase_prec-alloc_offset-15_bin2_labels,3,59,59.0,4681.53955078125,4315.2509765625,11.781000137329102,simple
260,QD_mix_40_phase_prec-alloc_offset-15_bin2_raw,QD_mix_40_phase_prec-alloc_offset-15_bin2_labels,3,60,60.0,4578.3837890625,4212.09521484375,11.49940013885498,simple
261,QD_mix_40_phase_prec-alloc_offset-15_bin2_raw,QD_mix_40_phase_prec-alloc_offset-15_bin2_labels,3,61,61.0,4442.75830078125,4076.469482421875,11.12909984588623,simple
262,QD_mix_40_phase_prec-alloc_offset-15_bin2_raw,QD_mix_40_phase_prec-alloc_offset-15_bin2_labels,3,62,62.0,4212.14111328125,3845.852294921875,10.499500274658203,simple
263,QD_mix_40_phase_prec-alloc_offset-15_bin2_raw,QD_mix_40_phase_prec-alloc_offset-15_bin2_labels,3,63,63.0,3960.3896484375,3594.101318359375,9.812199592590332,simple
264,QD_mix_40_phase_prec-alloc_offset-15_bin2_raw,QD_mix_40_phase_prec-alloc_offset-15_bin2_labels,3,64,64.0,3623.564453125,3257.27587890625,8.8927001953125,simple
265,QD_mix_40_phase_prec-alloc_offset-15_bin2_raw,QD_mix_40_phase_prec-alloc_offset-15_bin2_labels,3,65,65.0,3334.97607421875,2968.6875,8.1048002243042,simple
266,QD_mix_40_phase_prec-alloc_offset-15_bin2_raw,QD_mix_40_phase_prec-alloc_offset-15_bin2_labels,3,66,66.0,2949.703857421875,2583.41552734375,7.052999973297119,simple
267,QD_mix_40_phase_prec-alloc_offset-15_bin2_raw,QD_mix_40_phase_prec-alloc_offset-15_bin2_labels,3,67,67.0,2549.680908203125,2183.392578125,5.960899829864502,simple
268,QD_mix_40_phase_prec-alloc_offset-15_bin2_raw,QD_mix_40_phase_prec-alloc_offset-15_bin2_labels,3,68,68.0,2195.3466796875,1829.0582275390625,4.993500232696533,simple
269,QD_mix_40_phase_prec-alloc_offset-15_bin2_raw,QD_mix_40_phase_prec-alloc_offset-15_bin2_labels,3,69,69.0,1865.1424560546875,1498.8538818359375,4.0920000076293945,simple
270,QD_mix_40_phase_prec-alloc_offset-15_bin2_raw,QD_mix_40_phase_prec-alloc_offset-15_bin2_labels,3,70,70.0,1568.2100830078125,1201.921630859375,3.281399965286255,simple
271,QD_mix_40_phase_prec-alloc_offset-15_bin2_raw,QD_mix_40_phase_prec-alloc_offset-15_bin2_labels,3,71,71.0,1293.02392578125,926.7354736328125,2.530100107192993,simple
272,QD_mix_40_phase_prec-alloc_offset-15_bin2_raw,QD_mix_40_phase_prec-alloc_offset-15_bin2_labels,3,72,72.0,1049.2874755859375,682.9990234375,1.8645999431610107,simple
273,QD_mix_40_phase_prec-alloc_offset-15_bin2_raw,QD_mix_40_phase_prec-alloc_offset-15_bin2_labels,3,73,73.0,874.0897827148438,507.8013916015625,1.386299967765808,simple
274,QD_mix_40_phase_prec-alloc_offset-15_bin2_raw,QD_mix_40_phase_prec-alloc_offset-15_bin2_labels,3,74,74.0,724.4699096679688,358.181396484375,0.9779000282287598,simple
275,QD_mix_40_phase_prec-alloc_offset-15_bin2_raw,QD_mix_40_phase_prec-alloc_offset-15_bin2_labels,3,75,75.0,589.6810302734375,223.3925018310547,0.6098999977111816,simple
276,QD_mix_40_phase_prec-alloc_offset-15_bin2_raw,QD_mix_40_phase_prec-alloc_offset-15_bin2_labels,3,76,76.0,291.8434143066406,-74.44509887695312,-0.20319999754428864,simple
277,QD_mix_40_phase_prec-alloc_offset-15_bin2_raw,QD_mix_40_phase_prec-alloc_offset-15_bin2_labels,3,77,77.0,0.0,-366.28839111328125,-1.0,simple
278,QD_mix_40_phase_prec-alloc_offset-15_bin2_raw,QD_mix_40_phase_prec-alloc_offset-15_bin2_labels,3,78,78.0,0.0,-366.28839111328125,-1.0,simple
279,QD_mix_40_phase_prec-alloc_offset-15_bin2_raw,QD_mix_40_phase_prec-alloc_offset-15_bin2_labels,3,79,79.0,0.0,-366.28839111328125,-1.0,simple
280,QD_mix_40_phase_prec-alloc_offset-15_bin2_raw,QD_mix_40_phase_prec-alloc_offset-15_bin2_labels,3,80,80.0,0.0,-366.28839111328125,-1.0,simple
281,QD_mix_40_phase_prec-alloc_offset-15_bin2_raw,QD_mix_40_phase_prec-alloc_offset-15_bin2_labels,3,81,81.0,0.0,-366.28839111328125,-1.0,simple
282,QD_mix_40_phase_prec-alloc_offset-15_bin2_raw,QD_mix_40_phase_prec-alloc_offset-15_bin2_labels,3,82,82.0,0.0,-366.28839111328125,-1.0,simple
283,QD_mix_40_phase_prec-alloc_offset-15_bin2_raw,QD_mix_40_phase_prec-alloc_offset-15_bin2_labels,3,83,83.0,0.0,-366.28839111328125,-1.0,simple
284,QD_mix_40_phase_prec-alloc_offset-15_bin2_raw,QD_mix_40_phase_prec-alloc_offset-15_bin2_labels,3,84,84.0,0.0,-366.28839111328125,-1.0,simple
285,QD_mix_40_phase_prec-alloc_offset-15_bin2_raw,QD_mix_40_phase_prec-alloc_offset-15_bin2_labels,3,85,85.0,0.0,-366.28839111328125,-1.0,simple
286,QD_mix_40_phase_prec-alloc_offset-15_bin2_raw,QD_mix_40_phase_prec-alloc_offset-15_bin2_labels,3,86,86.0,0.0,-366.28839111328125,-1.0,simple
287,QD_mix_40_phase_prec-alloc_offset-15_bin2_raw,QD_mix_40_phase_prec-alloc_offset-15_bin2_labels,3,87,87.0,0.0,-366.28839111328125,-1.0,simple
288,QD_mix_40_phase_prec-alloc_offset-15_bin2_raw,QD_mix_40_phase_prec-alloc_offset-15_bin2_labels,3,88,88.0,0.0,-366.28839111328125,-1.0,simple
289,QD_mix_40_phase_prec-alloc_offset-15_bin2_raw,QD_mix_40_phase_prec-alloc_offset-15_bin2_labels,3,89,89.0,0.0,-366.28839111328125,-1.0,simple
290,QD_mix_40_phase_prec-alloc_offset-15_bin2_raw,QD_mix_40_phase_prec-alloc_offset-15_bin2_labels,3,90,90.0,0.0,-366.28839111328125,-1.0,simple
291,QD_mix_40_phase_prec-alloc_offset-15_bin2_raw,QD_mix_40_phase_prec-alloc_offset-15_bin2_labels,3,91,91.0,0.0,-366.28839111328125,-1.0,simple
292,QD_mix_40_phase_prec-alloc_offset-15_bin2_raw,QD_mix_40_phase_prec-alloc_offset-15_bin2_labels,3,92,92.0,0.0,-366.28839111328125,-1.0,simple
293,QD_mix_40_phase_prec-alloc_offset-15_bin2_raw,QD_mix_40_phase_prec-alloc_offset-15_bin2_labels,3,93,93.0,0.0,-366.28839111328125,-1.0,simple
294,QD_mix_40_phase_prec-alloc_offset-15_bin2_raw,QD_mix_40_phase_prec-alloc_offset-15_bin2_labels,3,94,94.0,0.0,-366.28839111328125,-1.0,simple
295,QD_mix_40_phase_prec-alloc_offset-15_bin2_raw,QD_mix_40_phase_prec-alloc_offset-15_bin2_labels,3,95,95.0,0.0,-366.28839111328125,-1.0,simple
296,QD_mix_40_phase_prec-alloc_offset-15_bin2_raw,QD_mix_40_phase_prec-alloc_offset-15_bin2_labels,3,96,96.0,0.0,-366.28839111328125,-1.0,simple
297,QD_mix_40_phase_prec-alloc_offset-15_bin2_raw,QD_mix_40_phase_prec-alloc_offset-15_bin2_labels,3,97,97.0,0.0,-366.28839111328125,-1.0,simple
298,QD_mix_40_phase_prec-alloc_offset-15_bin2_raw,QD_mix_40_phase_prec-alloc_offset-15_bin2_labels,3,98,98.0,0.0,-366.28839111328125,-1.0,simple
299,QD_mix_40_phase_prec-alloc_offset-15_bin2_raw,QD_mix_40_phase_prec-alloc_offset-15_bin2_labels,3,100,99.0,0.0,-366.28839111328125,-1.0,simple
300,QD_mix_40_phase_prec-alloc_offset-15_bin2_raw,QD_mix_40_phase_prec-alloc_offset-15_bin2_labels,4,0,0.0,200.36300659179688,0.0,0.0,simple
301,QD_mix_40_phase_prec-alloc_offset-15_bin2_raw,QD_mix_40_phase_prec-alloc_offset-15_bin2_labels,4,1,1.0,210.03250122070312,9.669500350952148,0.04830000177025795,simple
302,QD_mix_40_phase_prec-alloc_offset-15_bin2_raw,QD_mix_40_phase_prec-alloc_offset-15_bin2_labels,4,2,2.0,233.56260681152344,33.19960021972656,0.1657000035047531,simple
303,QD_mix_40_phase_prec-alloc_offset-15_bin2_raw,QD_mix_40_phase_prec-alloc_offset-15_bin2_labels,4,3,3.0,268.1221923828125,67.7593002319336,0.33820000290870667,simple
304,QD_mix_40_phase_prec-alloc_offset-15_bin2_raw,QD_mix_40_phase_prec-alloc_offset-15_bin2_labels,4,4,4.0,319.052490234375,118.6895980834961,0.5924000144004822,simple
305,QD_mix_40_phase_prec-alloc_offset-15_bin2_raw,QD_mix_40_phase_prec-alloc_offset-15_bin2_labels,4,5,5.0,363.5072021484375,163.14419555664062,0.8141999840736389,simple
306,QD_mix_40_phase_prec-alloc_offset-15_bin2_raw,QD_mix_40_phase_prec-alloc_offset-15_bin2_labels,4,6,6.0,442.9952087402344,242.63229370117188,1.2109999656677246,simple
307,QD_mix_40_phase_prec-alloc_offset-15_bin2_raw,QD_mix_40_phase_prec-alloc_offset-15_bin2_labels,4,7,7.0,561.6198120117188,361.25689697265625,1.8029999732971191,simple
308,QD_mix_40_phase_prec-alloc_offset-15_bin2_raw,QD_mix_40_phase_prec-alloc_offset-15_bin2_labels,4,8,8.0,723.4154052734375,523.052490234375,2.6105000972747803,simple
309,QD_mix_40_phase_prec-alloc_offset-15_bin2_raw,QD_mix_40_phase_prec-alloc_offset-15_bin2_labels,4,9,9.0,938.3839721679688,738.02099609375,3.6833999156951904,simple
310,QD_mix_40_phase_prec-alloc_offset-15_bin2_raw,QD_mix_40_phase_prec-alloc_offset-15_bin2_labels,4,10,10.0,1251.075439453125,1050.7125244140625,5.24399995803833,simple
311,QD_mix_40_phase_prec-alloc_offset-15_bin2_raw,QD_mix_40_phase_prec-alloc_offset-15_bin2_labels,4,11,11.0,1638.0897216796875,1437.726806640625,7.175600051879883,simple
312,QD_mix_40_phase_prec-alloc_offset-15_bin2_raw,QD_mix_40_phase_prec-alloc_offset-15_bin2_labels,4,12,12.0,2104.733642578125,1904.370849609375,9.504599571228027,simple
313,QD_mix_40_phase_prec-alloc_offset-15_bin2_raw,QD_mix_40_phase_prec-alloc_offset-15_bin2_labels,4,13,13.0,2694.4794921875,2494.116455078125,12.447999954223633,simple
314,QD_mix_40_phase_prec-alloc_offset-15_bin2_raw,QD_mix_40_phase_prec-alloc_offset-15_bin2_labels,4,14,14.0,3386.903564453125,3186.54052734375,15.903800010681152,simple
315,QD_mix_40_phase_prec-alloc_offset-15_bin2_raw,QD_mix_40_phase_prec-alloc_offset-15_bin2_labels,4,15,15.0,4181.97119140625,3981.60791015625,19.871999740600586,simple
316,QD_mix_40_phase_prec-alloc_offset-15_bin2_raw,QD_mix_40_phase_prec-alloc_offset-15_bin2_labels,4,16,16.0,5096.84814453125,4896.4853515625,24.438100814819336,simple
317,QD_mix_40_phase_prec-alloc_offset-15_bin2_raw,QD_mix_40_phase_prec-alloc_offset-15_bin2_labels,4,17,17.0,6084.5576171875,5884.19482421875,29.367700576782227,simple
318,QD_mix_40_phase_prec-alloc_offset-15_bin2_raw,QD_mix_40_phase_prec-alloc_offset-15_bin2_labels,4,18,18.0,7110.8232421875,6910.4609375,34.48970031738281,simple
319,QD_mix_40_phase_prec-alloc_offset-15_bin2_raw,QD_mix_40_phase_prec-alloc_offset-15_bin2_labels,4,19,19.0,8167.81689453125,7967.45361328125,39.765098571777344,simple
320,QD_mix_40_phase_prec-alloc_offset-15_bin2_raw,QD_mix_40_phase_prec-alloc_offset-15_bin2_labels,4,20,20.0,9143.0947265625,8942.7314453125,44.6327018737793,simple
321,QD_mix_40_phase_prec-alloc_offset-15_bin2_raw,QD_mix_40_phase_prec-alloc_offset-15_bin2_labels,4,21,21.0,10056.87109375,9856.5078125,49.19329833984375,simple
322,QD_mix_40_phase_prec-alloc_offset-15_bin2_raw,QD_mix_40_phase_prec-alloc_offset-15_bin2_labels,4,22,22.0,10749.41015625,10549.046875,52.64970016479492,simple
323,QD_mix_40_phase_prec-alloc_offset-15_bin2_raw,QD_mix_40_phase_prec-alloc_offset-15_bin2_labels,4,23,23.0,11214.7236328125,11014.3603515625,54.97200012207031,simple
324,QD_mix_40_phase_prec-alloc_offset-15_bin2_raw,QD_mix_40_phase_prec-alloc_offset-15_bin2_labels,4,24,24.0,11499.744140625,11299.380859375,56.39459991455078,simple
325,QD_mix_40_phase_prec-alloc_offset-15_bin2_raw,QD_mix_40_phase_prec-alloc_offset-15_bin2_labels,4,25,25.0,11358.41796875,11158.0546875,55.68920135498047,simple
326,QD_mix_40_phase_prec-alloc_offset-15_bin2_raw,QD_mix_40_phase_prec-alloc_offset-15_bin2_labels,4,26,26.0,11024.3017578125,10823.9384765625,54.02170181274414,simple
327,QD_mix_40_phase_prec-alloc_offset-15_bin2_raw,QD_mix_40_phase_prec-alloc_offset-15_bin2_labels,4,27,27.0,10425.5966796875,10225.2333984375,51.033599853515625,simple
328,QD_mix_40_phase_prec-alloc_offset-15_bin2_raw,QD_mix_40_phase_prec-alloc_offset-15_bin2_labels,4,28,28.0,9714.3876953125,9514.0244140625,47.48400115966797,simple
329,QD_mix_40_phase_prec-alloc_offset-15_bin2_raw,QD_mix_40_phase_prec-alloc_offset-15_bin2_labels,4,29,29.0,8906.3720703125,8706.0087890625,43.45119857788086,simple
330,QD_mix_40_phase_prec-alloc_offset-15_bin2_raw,QD_mix_40_phase_prec-alloc_offset-15_bin2_labels,4,30,30.0,8113.650390625,7913.287109375,39.49480056762695,simple
331,QD_mix_40_phase_prec-alloc_offset-15_bin2_raw,QD_mix_40_phase_prec-alloc_offset-15_bin2_labels,4,31,31.0,7348.29345703125,7147.93115234375,35.67490005493164,simple
332,QD_mix_40_phase_prec-alloc_offset-15_bin2_raw,QD_mix_40_phase_prec-alloc_offset-15_bin2_labels,4,32,32.0,6647.5986328125,6447.23583984375,32.177799224853516,simple
333,QD_mix_40_phase_prec-alloc_offset-15_bin2_raw,QD_mix_40_phase_prec-alloc_offset-15_bin2_labels,4,33,33.0,6047.62158203125,5847.2587890625,29.183300018310547,simple
334,QD_mix_40_phase_prec-alloc_offset-15_bin2_raw,QD_mix_40_phase_prec-alloc_offset-15_bin2_labels,4,34,34.0,5584.6416015625,5384.27880859375,26.872600555419922,simple
335,QD_mix_40_phase_prec-alloc_offset-15_bin2_raw,QD_mix_40_phase_prec-alloc_offset-15_bin2_labels,4,35,35.0,5287.041015625,5086.67822265625,25.387300491333008,simple
336,QD_mix_40_phase_prec-alloc_offset-15_bin2_raw,QD_mix_40_phase_prec-alloc_offset-15_bin2_labels,4,36,36.0,5069.1767578125,4868.81396484375,24.299999237060547,simple
337,QD_mix_40_phase_prec-alloc_offset-15_bin2_raw,QD_mix_40_phase_prec-alloc_offset-15_bin2_labels,4,37,37.0,4934.97998046875,4734.6171875,23.630199432373047,simple
338,QD_mix_40_phase_prec-alloc_offset-15_bin2_raw,QD_mix_40_phase_prec-alloc_offset-15_bin2_labels,4,38,38.0,4812.06103515625,4611.6982421875,23.016700744628906,simple
339,QD_mix_40_phase_prec-alloc_offset-15_bin2_raw,QD_mix_40_phase_prec-alloc_offset-15_bin2_labels,4,39,39.0,4662.33056640625,4461.9677734375,22.269399642944336,simple
340,QD_mix_40_phase_prec-alloc_offset-15_bin2_raw,QD_mix_40_phase_prec-alloc_offset-15_bin2_labels,4,40,40.0,4533.76904296875,4333.40625,21.62779998779297,simple
341,QD_mix_40_phase_prec-alloc_offset-15_bin2_raw,QD_mix_40_phase_prec-alloc_offset-15_bin2_labels,4,41,41.0,4379.23583984375,4178.873046875,20.85650062561035,simple
342,QD_mix_40_phase_prec-alloc_offset-15_bin2_raw,QD_mix_40_phase_prec-alloc_offset-15_bin2_labels,4,42,42.0,4220.86328125,4020.50048828125,20.066099166870117,simple
343,QD_mix_40_phase_prec-alloc_offset-15_bin2_raw,QD_mix_40_phase_prec-alloc_offset-15_bin2_labels,4,43,43.0,3963.950439453125,3763.587646484375,18.78380012512207,simple
344,QD_mix_40_phase_prec-alloc_offset-15_bin2_raw,QD_mix_40_phase_prec-alloc_offset-15_bin2_labels,4,44,44.0,3758.158447265625,3557.795654296875,17.756799697875977,simple
345,QD_mix_40_phase_prec-alloc_offset-15_bin2_raw,QD_mix_40_phase_prec-alloc_offset-15_bin2_labels,4,45,45.0,3536.595947265625,3336.23291015625,16.65089988708496,simple
346,QD_mix_40_phase_prec-alloc_offset-15_bin2_raw,QD_mix_40_phase_prec-alloc_offset-15_bin2_labels,4,46,46.0,3336.4814453125,3136.118408203125,15.652199745178223,simple
347,QD_mix_40_phase_prec-alloc_offset-15_bin2_raw,QD_mix_40_phase_prec-alloc_offset-15_bin2_labels,4,47,47.0,3122.7431640625,2922.380126953125,14.585399627685547,simple
348,QD_mix_40_phase_prec-alloc_offset-15_bin2_raw,QD_mix_40_phase_prec-alloc_offset-15_bin2_labels,4,48,48.0,2984.85205078125,2784.489013671875,13.897199630737305,simple
349,QD_mix_40_phase_prec-alloc_offset-15_bin2_raw,QD_mix_40_phase_prec-alloc_offset-15_bin2_labels,4,49,49.0,2858.028564453125,2657.66552734375,13.264300346374512,simple
350,QD_mix_40_phase_prec-alloc_offset-15_bin2_raw,QD_mix_40_phase_prec-alloc_offset-15_bin2_labels,4,50,50.0,2762.6474609375,2562.284423828125,12.788200378417969,simple
351,QD_mix_40_phase_prec-alloc_offset-15_bin2_raw,QD_mix_40_phase_prec-alloc_offset-15_bin2_labels,4,51,51.0,2785.9599609375,2585.596923828125,12.904600143432617,simple
352,QD_mix_40_phase_prec-alloc_offset-15_bin2_raw,QD_mix_40_phase_prec-alloc_offset-15_bin2_labels,4,52,52.0,2807.862548828125,2607.49951171875,13.013899803161621,simple
353,QD_mix_40_phase_prec-alloc_offset-15_bin2_raw,QD_mix_40_phase_prec-alloc_offset-15_bin2_labels,4,53,53.0,2862.3916015625,2662.028564453125,13.28600025177002,simple
354,QD_mix_40_phase_prec-alloc_offset-15_bin2_raw,QD_mix_40_phase_prec-alloc_offset-15_bin2_labels,4,54,54.0,2993.3525390625,2792.989501953125,13.939599990844727,simple
355,QD_mix_40_phase_prec-alloc_offset-15_bin2_raw,QD_mix_40_phase_prec-alloc_offset-15_bin2_labels,4,55,55.0,3096.252197265625,2895.88916015625,14.453200340270996,simple
356,QD_mix_40_phase_prec-alloc_offset-15_bin2_raw,QD_mix_40_phase_prec-alloc_offset-15_bin2_labels,4,56,56.0,3253.276123046875,3052.9130859375,15.236900329589844,simple
357,QD_mix_40_phase_prec-alloc_offset-15_bin2_raw,QD_mix_40_phase_prec-alloc_offset-15_bin2_labels,4,57,57.0,3349.4326171875,3149.069580078125,15.71679973602295,simple
358,QD_mix_40_phase_prec-alloc_offset-15_bin2_raw,QD_mix_40_phase_prec-alloc_offset-15_bin2_labels,4,58,58.0,3393.883544921875,3193.5205078125,15.938699722290039,simple
359,QD_mix_40_phase_prec-alloc_offset-15_bin2_raw,QD_mix_40_phase_prec-alloc_offset-15_bin2_labels,4,59,59.0,3468.64208984375,3268.27880859375,16.311800003051758,simple
360,QD_mix_40_phase_prec-alloc_offset-15_bin2_raw,QD_mix_40_phase_prec-alloc_offset-15_bin2_labels,4,60,60.0,3450.84228515625,3250.479248046875,16.222999572753906,simple
361,QD_mix_40_phase_prec-alloc_offset-15_bin2_raw,QD_mix_40_phase_prec-alloc_offset-15_bin2_labels,4,61,61.0,3418.693115234375,3218.330322265625,16.0625,simple
362,QD_mix_40_phase_prec-alloc_offset-15_bin2_raw,QD_mix_40_phase_prec-alloc_offset-15_bin2_labels,4,62,62.0,3255.556884765625,3055.19384765625,15.248299598693848,simple
363,QD_mix_40_phase_prec-alloc_offset-15_bin2_raw,QD_mix_40_phase_prec-alloc_offset-15_bin2_labels,4,63,63.0,3159.117431640625,2958.75439453125,14.767000198364258,simple
364,QD_mix_40_phase_prec-alloc_offset-15_bin2_raw,QD_mix_40_phase_prec-alloc_offset-15_bin2_labels,4,64,64.0,2952.053466796875,2751.6904296875,13.733499526977539,simple
365,QD_mix_40_phase_prec-alloc_offset-15_bin2_raw,QD_mix_40_phase_prec-alloc_offset-15_bin2_labels,4,65,65.0,2717.28369140625,2516.920654296875,12.561800003051758,simple
366,QD_mix_40_phase_prec-alloc_offset-15_bin2_raw,QD_mix_40_phase_prec-alloc_offset-15_bin2_labels,4,66,66.0,2485.45166015625,2285.088623046875,11.40470027923584,simple
367,QD_mix_40_phase_prec-alloc_offset-15_bin2_raw,QD_mix_40_phase_prec-alloc_offset-15_bin2_labels,4,67,67.0,2213.06591796875,2012.7030029296875,10.045299530029297,simple
368,QD_mix_40_phase_prec-alloc_offset-15_bin2_raw,QD_mix_40_phase_prec-alloc_offset-15_bin2_labels,4,68,68.0,1942.055419921875,1741.692626953125,8.692700386047363,simple
369,QD_mix_40_phase_prec-alloc_offset-15_bin2_raw,QD_mix_40_phase_prec-alloc_offset-15_bin2_labels,4,69,69.0,1638.3839111328125,1438.02099609375,7.17710018157959,simple
370,QD_mix_40_phase_prec-alloc_offset-15_bin2_raw,QD_mix_40_phase_prec-alloc_offset-15_bin2_labels,4,70,70.0,1429.0811767578125,1228.71826171875,6.132500171661377,simple
371,QD_mix_40_phase_prec-alloc_offset-15_bin2_raw,QD_mix_40_phase_prec-alloc_offset-15_bin2_labels,4,71,71.0,1161.249267578125,960.8864135742188,4.7957000732421875,simple
372,QD_mix_40_phase_prec-alloc_offset-15_bin2_raw,QD_mix_40_phase_prec-alloc_offset-15_bin2_labels,4,72,72.0,982.311279296875,781.9484252929688,3.9026999473571777,simple
373,QD_mix_40_phase_prec-alloc_offset-15_bin2_raw,QD_mix_40_phase_prec-alloc_offset-15_bin2_labels,4,73,73.0,821.3754272460938,621.0123901367188,3.099400043487549,simple
374,QD_mix_40_phase_prec-alloc_offset-15_bin2_raw,QD_mix_40_phase_prec-alloc_offset-15_bin2_labels,4,74,74.0,693.7650146484375,493.4020080566406,2.4625000953674316,simple
375,QD_mix_40_phase_prec-alloc_offset-15_bin2_raw,QD_mix_40_phase_prec-alloc_offset-15_bin2_labels,4,75,75.0,566.2540893554688,365.8912048339844,1.8260999917984009,simple
376,QD_mix_40_phase_prec-alloc_offset-15_bin2_raw,QD_mix_40_phase_prec-alloc_offset-15_bin2_labels,4,76,76.0,232.3820037841797,32.019100189208984,0.1597999930381775,simple
377,QD_mix_40_phase_prec-alloc_offset-15_bin2_raw,QD_mix_40_phase_prec-alloc_offset-15_bin2_labels,4,77,77.0,0.0,-200.36300659179688,-1.0,simple
378,QD_mix_40_phase_prec-alloc_offset-15_bin2_raw,QD_mix_40_phase_prec-alloc_offset-15_bin2_labels,4,78,78.0,0.0,-200.36300659179688,-1.0,simple
379,QD_mix_40_phase_prec-alloc_offset-15_bin2_raw,QD_mix_40_phase_prec-alloc_offset-15_bin2_labels,4,79,79.0,0.0,-200.36300659179688,-1.0,simple
380,QD_mix_40_phase_prec-alloc_offset-15_bin2_raw,QD_mix_40_phase_prec-alloc_offset-15_bin2_labels,4,80,80.0,0.0,-200.36300659179688,-1.0,simple
381,QD_mix_40_phase_prec-alloc_offset-15_bin2_raw,QD_mix_40_phase_prec-alloc_offset-15_bin2_labels,4,81,81.0,0.0,-200.36300659179688,-1.0,simple
382,QD_mix_40_phase_prec-alloc_offset-15_bin2_raw,QD_mix_40_phase_prec-alloc_offset-15_bin2_labels,4,82,82.0,0.0,-200.36300659179688,-1.0,simple
383,QD_mix_40_phase_prec-alloc_offset-15_bin2_raw,QD_mix_40_phase_prec-alloc_offset-15_bin2_labels,4,83,83.0,0.0,-200.36300659179688,-1.0,simple
384,QD_mix_40_phase_prec-alloc_offset-15_bin2_raw,QD_mix_40_phase_prec-alloc_offset-15_bin2_labels,4,84,84.0,0.0,-200.36300659179688,-1.0,simple
385,QD_mix_40_phase_prec-alloc_offset-15_bin2_raw,QD_mix_40_phase_prec-alloc_offset-15_bin2_labels,4,85,85.0,0.0,-200.36300659179688,-1.0,simple
386,QD_mix_40_phase_prec-alloc_offset-15_bin2_raw,QD_mix_40_phase_prec-alloc_offset-15_bin2_labels,4,86,86.0,0.0,-200.36300659179688,-1.0,simple
387,QD_mix_40_phase_prec-alloc_offset-15_bin2_raw,QD_mix_40_phase_prec-alloc_offset-15_bin2_labels,4,87,87.0,0.0,-200.36300659179688,-1.0,simple
388,QD_mix_40_phase_prec-alloc_offset-15_bin2_raw,QD_mix_40_phase_prec-alloc_offset-15_bin2_labels,4,88,88.0,0.0,-200.36300659179688,-1.0,simple
389,QD_mix_40_phase_prec-alloc_offset-15_bin2_raw,QD_mix_40_phase_prec-alloc_offset-15_bin2_labels,4,89,89.0,0.0,-200.36300659179688,-1.0,simple
390,QD_mix_40_phase_prec-alloc_offset-15_bin2_raw,QD_mix_40_phase_prec-alloc_offset-15_bin2_labels,4,90,90.0,0.0,-200.36300659179688,-1.0,simple
391,QD_mix_40_phase_prec-alloc_offset-15_bin2_raw,QD_mix_40_phase_prec-alloc_offset-15_bin2_labels,4,91,91.0,0.0,-200.36300659179688,-1.0,simple
392,QD_mix_40_phase_prec-alloc_offset-15_bin2_raw,QD_mix_40_phase_prec-alloc_offset-15_bin2_labels,4,92,92.0,0.0,-200.36300659179688,-1.0,simple
393,QD_mix_40_phase_prec-alloc_offset-15_bin2_raw,QD_mix_40_phase_prec-alloc_offset-15_bin2_labels,4,93,93.0,0.0,-200.36300659179688,-1.0,simple
394,QD_mix_40_phase_prec-alloc_offset-15_bin2_raw,QD_mix_40_phase_prec-alloc_offset-15_bin2_labels,4,94,94.0,0.0,-200.36300659179688,-1.0,simple
395,QD_mix_40_phase_prec-alloc_offset-15_bin2_raw,QD_mix_40_phase_prec-alloc_offset-15_bin2_labels,4,95,95.0,0.0,-200.36300659179688,-1.0,simple
396,QD_mix_40_phase_prec-alloc_offset-15_bin2_raw,QD_mix_40_phase_prec-alloc_offset-15_bin2_labels,4,96,96.0,0.0,-200.36300659179688,-1.0,simple
397,QD_mix_40_phase_prec-alloc_offset-15_bin2_raw,QD_mix_40_phase_prec-alloc_offset-15_bin2_labels,4,97,97.0,0.0,-200.36300659179688,-1.0,simple
398,QD_mix_40_phase_prec-alloc_offset-15_bin2_raw,QD_mix_40_phase_prec-alloc_offset-15_bin2_labels,4,98,98.0,0.0,-200.36300659179688,-1.0,simple
399,QD_mix_40_phase_prec-alloc_offset-15_bin2_raw,QD_mix_40_phase_prec-alloc_offset-15_bin2_labels,4,100,99.0,0.0,-200.36300659179688,-1.0,simple
400,QD_mix_40_phase_prec-alloc_offset-15_bin2_raw,QD_mix_40_phase_prec-alloc_offset-15_bin2_labels,5,0,0.0,254.2655029296875,0.0,0.0,simple
401,QD_mix_40_phase_prec-alloc_offset-15_bin2_raw,QD_mix_40_phase_prec-alloc_offset-15_bin2_labels,5,1,1.0,301.2835998535156,47.01810073852539,0.18490000069141388,simple
402,QD_mix_40_phase_prec-alloc_offset-15_bin2_raw,QD_mix_40_phase_prec-alloc_offset-15_bin2_labels,5,2,2.0,355.2130126953125,100.94750213623047,0.3970000147819519,simple
403,QD_mix_40_phase_prec-alloc_offset-15_bin2_raw,QD_mix_40_phase_prec-alloc_offset-15_bin2_labels,5,3,3.0,428.8595886230469,174.59410095214844,0.6866999864578247,simple
404,QD_mix_40_phase_prec-alloc_offset-15_bin2_raw,QD_mix_40_phase_prec-alloc_offset-15_bin2_labels,5,4,4.0,525.4862060546875,271.2206115722656,1.0666999816894531,simple
405,QD_mix_40_phase_prec-alloc_offset-15_bin2_raw,QD_mix_40_phase_prec-alloc_offset-15_bin2_labels,5,5,5.0,675.5759887695312,421.3103942871094,1.656999945640564,simple
406,QD_mix_40_phase_prec-alloc_offset-15_bin2_raw,QD_mix_40_phase_prec-alloc_offset-15_bin2_labels,5,6,6.0,847.7554931640625,593.489990234375,2.3341000080108643,simple
407,QD_mix_40_phase_prec-alloc_offset-15_bin2_raw,QD_mix_40_phase_prec-alloc_offset-15_bin2_labels,5,7,7.0,1059.400146484375,805.1345825195312,3.1665000915527344,simple
408,QD_mix_40_phase_prec-alloc_offset-15_bin2_raw,QD_mix_40_phase_prec-alloc_offset-15_bin2_labels,5,8,8.0,1321.37158203125,1067.1060791015625,4.196800231933594,simple
409,QD_mix_40_phase_prec-alloc_offset-15_bin2_raw,QD_mix_40_phase_prec-alloc_offset-15_bin2_labels,5,9,9.0,1659.904541015625,1405.6390380859375,5.528200149536133,simple
410,QD_mix_40_phase_prec-alloc_offset-15_bin2_raw,QD_mix_40_phase_prec-alloc_offset-15_bin2_labels,5,10,10.0,2040.17578125,1785.91015625,7.023799896240234,simple
411,QD_mix_40_phase_prec-alloc_offset-15_bin2_raw,QD_mix_40_phase_prec-alloc_offset-15_bin2_labels,5,11,11.0,2455.094482421875,2200.828857421875,8.655599594116211,simple
412,QD_mix_40_phase_prec-alloc_offset-15_bin2_raw,QD_mix_40_phase_prec-alloc_offset-15_bin2_labels,5,12,12.0,2929.3525390625,2675.0869140625,10.52079963684082,simple
413,QD_mix_40_phase_prec-alloc_offset-15_bin2_raw,QD_mix_40_phase_prec-alloc_offset-15_bin2_labels,5,13,13.0,3401.711669921875,3147.446044921875,12.378600120544434,simple
414,QD_mix_40_phase_prec-alloc_offset-15_bin2_raw,QD_mix_40_phase_prec-alloc_offset-15_bin2_labels,5,14,14.0,3855.713134765625,3601.447509765625,14.16409969329834,simple
415,QD_mix_40_phase_prec-alloc_offset-15_bin2_raw,QD_mix_40_phase_prec-alloc_offset-15_bin2_labels,5,15,15.0,4342.5673828125,4088.301513671875,16.078899383544922,simple
416,QD_mix_40_phase_prec-alloc_offset-15_bin2_raw,QD_mix_40_phase_prec-alloc_offset-15_bin2_labels,5,16,16.0,4790.6552734375,4536.3896484375,17.84119987487793,simple
417,QD_mix_40_phase_prec-alloc_offset-15_bin2_raw,QD_mix_40_phase_prec-alloc_offset-15_bin2_labels,5,17,17.0,5172.19873046875,4917.93310546875,19.341699600219727,simple
418,QD_mix_40_phase_prec-alloc_offset-15_bin2_raw,QD_mix_40_phase_prec-alloc_offset-15_bin2_labels,5,18,18.0,5463.5185546875,5209.2529296875,20.487499237060547,simple
419,QD_mix_40_phase_prec-alloc_offset-15_bin2_raw,QD_mix_40_phase_prec-alloc_offset-15_bin2_labels,5,19,19.0,5632.11474609375,5377.84912109375,21.15049934387207,simple
420,QD_mix_40_phase_prec-alloc_offset-15_bin2_raw,QD_mix_40_phase_prec-alloc_offset-15_bin2_labels,5,20,20.0,5672.859375,5418.59375,21.310800552368164,simple
421,QD_mix_40_phase_prec-alloc_offset-15_bin2_raw,QD_mix_40_phase_prec-alloc_offset-15_bin2_labels,5,21,21.0,5597.81103515625,5343.54541015625,21.015600204467773,simple
422,QD_mix_40_phase_prec-alloc_offset-15_bin2_raw,QD_mix_40_phase_prec-alloc_offset-15_bin2_labels,5,22,22.0,5374.10888671875,5119.84326171875,20.135799407958984,simple
423,QD_mix_40_phase_prec-alloc_offset-15_bin2_raw,QD_mix_40_phase_prec-alloc_offset-15_bin2_labels,5,23,23.0,5181.71533203125,4927.44970703125,19.379199981689453,simple
424,QD_mix_40_phase_prec-alloc_offset-15_bin2_raw,QD_mix_40_phase_prec-alloc_offset-15_bin2_labels,5,24,24.0,4881.67724609375,4627.41162109375,18.199100494384766,simple
425,QD_mix_40_phase_prec-alloc_offset-15_bin2_raw,QD_mix_40_phase_prec-alloc_offset-15_bin2_labels,5,25,25.0,4558.84228515625,4304.57666015625,16.929500579833984,simple
426,QD_mix_40_phase_prec-alloc_offset-15_bin2_raw,QD_mix_40_phase_prec-alloc_offset-15_bin2_labels,5,26,26.0,4214.8310546875,3960.565673828125,15.576499938964844,simple
427,QD_mix_40_phase_prec-alloc_offset-15_bin2_raw,QD_mix_40_phase_prec-alloc_offset-15_bin2_labels,5,27,27.0,3895.724853515625,3641.459228515625,14.321499824523926,simple
428,QD_mix_40_phase_prec-alloc_offset-15_bin2_raw,QD_mix_40_phase_prec-alloc_offset-15_bin2_labels,5,28,28.0,3638.464111328125,3384.198486328125,13.309700012207031,simple
429,QD_mix_40_phase_prec-alloc_offset-15_bin2_raw,QD_mix_40_phase_prec-alloc_offset-15_bin2_labels,5,29,29.0,3358.3876953125,3104.1220703125,12.208200454711914,simple
430,QD_mix_40_phase_prec-alloc_offset-15_bin2_raw,QD_mix_40_phase_prec-alloc_offset-15_bin2_labels,5,30,30.0,3135.984619140625,2881.718994140625,11.333499908447266,simple
431,QD_mix_40_phase_prec-alloc_offset-15_bin2_raw,QD_mix_40_phase_prec-alloc_offset-15_bin2_labels,5,31,31.0,2963.594970703125,2709.329345703125,10.655500411987305,simple
432,QD_mix_40_phase_prec-alloc_offset-15_bin2_raw,QD_mix_40_phase_prec-alloc_offset-15_bin2_labels,5,32,32.0,2798.571044921875,2544.305419921875,10.006500244140625,simple
433,QD_mix_40_phase_prec-alloc_offset-15_bin2_raw,QD_mix_40_phase_prec-alloc_offset-15_bin2_labels,5,33,33.0,2645.249267578125,2390.983642578125,9.403499603271484,simple
434,QD_mix_40_phase_prec-alloc_offset-15_bin2_raw,QD_mix_40_phase_prec-alloc_offset-15_bin2_labels,5,34,34.0,2523.472900390625,2269.207275390625,8.924599647521973,simple
435,QD_mix_40_phase_prec-alloc_offset-15_bin2_raw,QD_mix_40_phase_prec-alloc_offset-15_bin2_labels,5,35,35.0,2412.340087890625,2158.074462890625,8.487500190734863,simple
436,QD_mix_40_phase_prec-alloc_offset-15_bin2_raw,QD_mix_40_phase_prec-alloc_offset-15_bin2_labels,5,36,36.0,2322.517578125,2068.251953125,8.134200096130371,simple
437,QD_mix_40_phase_prec-alloc_offset-15_bin2_raw,QD_mix_40_phase_prec-alloc_offset-15_bin2_labels,5,37,37.0,2195.862548828125,1941.5970458984375,7.636099815368652,simple
438,QD_mix_40_phase_prec-alloc_offset-15_bin2_raw,QD_mix_40_phase_prec-alloc_offset-15_bin2_labels,5,38,38.0,2070.11279296875,1815.84716796875,7.141499996185303,simple
439,QD_mix_40_phase_prec-alloc_offset-15_bin2_raw,QD_mix_40_phase_prec-alloc_offset-15_bin2_labels,5,39,39.0,1957.986572265625,1703.720947265625,6.7006001472473145,simple
440,QD_mix_40_phase_prec-alloc_offset-15_bin2_raw,QD_mix_40_phase_prec-alloc_offset-15_bin2_labels,5,40,40.0,1855.6600341796875,1601.39453125,6.298099994659424,simple
441,QD_mix_40_phase_prec-alloc_offset-15_bin2_raw,QD_mix_40_phase_prec-alloc_offset-15_bin2_labels,5,41,41.0,1696.23681640625,1441.9713134765625,5.67110013961792,simple
442,QD_mix_40_phase_prec-alloc_offset-15_bin2_raw,QD_mix_40_phase_prec-alloc_offset-15_bin2_labels,5,42,42.0,1593.84912109375,1339.5836181640625,5.268400192260742,simple
443,QD_mix_40_phase_prec-alloc_offset-15_bin2_raw,QD_mix_40_phase_prec-alloc_offset-15_bin2_labels,5,43,43.0,1484.943603515625,1230.6781005859375,4.840099811553955,simple
444,QD_mix_40_phase_prec-alloc_offset-15_bin2_raw,QD_mix_40_phase_prec-alloc_offset-15_bin2_labels,5,44,44.0,1399.4383544921875,1145.1728515625,4.503799915313721,simple
445,QD_mix_40_phase_prec-alloc_offset-15_bin2_raw,QD_mix_40_phase_prec-alloc_offset-15_bin2_labels,5,45,45.0,1358.1661376953125,1103.900634765625,4.3414998054504395,simple
446,QD_mix_40_phase_prec-alloc_offset-15_bin2_raw,QD_mix_40_phase_prec-alloc_offset-15_bin2_labels,5,46,46.0,1281.012451171875,1026.7469482421875,4.038099765777588,simple
447,QD_mix_40_phase_prec-alloc_offset-15_bin2_raw,QD_mix_40_phase_prec-alloc_offset-15_bin2_labels,5,47,47.0,1223.1328125,968.8673095703125,3.810499906539917,simple
448,QD_mix_40_phase_prec-alloc_offset-15_bin2_raw,QD_mix_40_phase_prec-alloc_offset-15_bin2_labels,5,48,48.0,1230.85009765625,976.5845947265625,3.8408000469207764,simple
449,QD_mix_40_phase_prec-alloc_offset-15_bin2_raw,QD_mix_40_phase_prec-alloc_offset-15_bin2_labels,5,49,49.0,1241.4593505859375,987.1937866210938,3.882499933242798,simple
450,QD_mix_40_phase_prec-alloc_offset-15_bin2_raw,QD_mix_40_phase_prec-alloc_offset-15_bin2_labels,5,50,50.0,1286.185302734375,1031.9197998046875,4.0584001541137695,simple
451,QD_mix_40_phase_prec-alloc_offset-15_bin2_raw,QD_mix_40_phase_prec-alloc_offset-15_bin2_labels,5,51,51.0,1317.5357666015625,1063.270263671875,4.181700229644775,simple
452,QD_mix_40_phase_prec-alloc_offset-15_bin2_raw,QD_mix_40_phase_prec-alloc_offset-15_bin2_labels,5,52,52.0,1336.71826171875,1082.4527587890625,4.257199764251709,simple
453,QD_mix_40_phase_prec-alloc_offset-15_bin2_raw,QD_mix_40_phase_prec-alloc_offset-15_bin2_labels,5,53,53.0,1390.445068359375,1136.1795654296875,4.468500137329102,simple
454,QD_mix_40_phase_prec-alloc_offset-15_bin2_raw,QD_mix_40_phase_prec-alloc_offset-15_bin2_labels,5,54,54.0,1418.5941162109375,1164.32861328125,4.57919979095459,simple
455,QD_mix_40_phase_prec-alloc_offset-15_bin2_raw,QD_mix_40_phase_prec-alloc_offset-15_bin2_labels,5,55,55.0,1444.2789306640625,1190.013427734375,4.680200099945068,simple
456,QD_mix_40_phase_prec-alloc_offset-15_bin2_raw,QD_mix_40_phase_prec-alloc_offset-15_bin2_labels,5,56,56.0,1419.388671875,1165.1231689453125,4.582300186157227,simple
457,QD_mix_40_phase_prec-alloc_offset-15_bin2_raw,QD_mix_40_phase_prec-alloc_offset-15_bin2_labels,5,57,57.0,1418.2655029296875,1164.0,4.577899932861328,simple
458,QD_mix_40_phase_prec-alloc_offset-15_bin2_raw,QD_mix_40_phase_prec-alloc_offset-15_bin2_labels,5,58,58.0,1357.012451171875,1102.7469482421875,4.336999893188477,simple
459,QD_mix_40_phase_prec-alloc_offset-15_bin2_raw,QD_mix_40_phase_prec-alloc_offset-15_bin2_labels,5,59,59.0,1284.859619140625,1030.5941162109375,4.053199768066406,simple
460,QD_mix_40_phase_prec-alloc_offset-15_bin2_raw,QD_mix_40_phase_prec-alloc_offset-15_bin2_labels,5,60,60.0,1224.511962890625,970.2465209960938,3.8159000873565674,simple
461,QD_mix_40_phase_prec-alloc_offset-15_bin2_raw,QD_mix_40_phase_prec-alloc_offset-15_bin2_labels,5,61,61.0,1132.11083984375,877.8452758789062,3.452500104904175,simple
462,QD_mix_40_phase_prec-alloc_offset-15_bin2_raw,QD_mix_40_phase_prec-alloc_offset-15_bin2_labels,5,62,62.0,1044.836669921875,790.5712280273438,3.1092000007629395,simple
463,QD_mix_40_phase_prec-alloc_offset-15_bin2_raw,QD_mix_40_phase_prec-alloc_offset-15_bin2_labels,5,63,63.0,955.8585815429688,701.5932006835938,2.7592999935150146,simple
464,QD_mix_40_phase_prec-alloc_offset-15_bin2_raw,QD_mix_40_phase_prec-alloc_offset-15_bin2_labels,5,64,64.0,882.468017578125,628.2025146484375,2.4707000255584717,simple
465,QD_mix_40_phase_prec-alloc_offset-15_bin2_raw,QD_mix_40_phase_prec-alloc_offset-15_bin2_labels,5,65,65.0,774.273193359375,520.0076293945312,2.045099973678589,simple
466,QD_mix_40_phase_prec-alloc_offset-15_bin2_raw,QD_mix_40_phase_prec-alloc_offset-15_bin2_labels,5,66,66.0,698.0247802734375,443.7593994140625,1.745300054550171,simple
467,QD_mix_40_phase_prec-alloc_offset-15_bin2_raw,QD_mix_40_phase_prec-alloc_offset-15_bin2_labels,5,67,67.0,601.6389770507812,347.3735046386719,1.3661999702453613,simple
468,QD_mix_40_phase_prec-alloc_offset-15_bin2_raw,QD_mix_40_phase_prec-alloc_offset-15_bin2_labels,5,68,68.0,522.4755859375,268.210205078125,1.054800033569336,simple
469,QD_mix_40_phase_prec-alloc_offset-15_bin2_raw,QD_mix_40_phase_prec-alloc_offset-15_bin2_labels,5,69,69.0,452.0802001953125,197.814697265625,0.777999997138977,simple
470,QD_mix_40_phase_prec-alloc_offset-15_bin2_raw,QD_mix_40_phase_prec-alloc_offset-15_bin2_labels,5,70,70.0,397.772705078125,143.5072021484375,0.5644000172615051,simple
471,QD_mix_40_phase_prec-alloc_offset-15_bin2_raw,QD_mix_40_phase_prec-alloc_offset-15_bin2_labels,5,71,71.0,331.58740234375,77.3218994140625,0.30410000681877136,simple
472,QD_mix_40_phase_prec-alloc_offset-15_bin2_raw,QD_mix_40_phase_prec-alloc_offset-15_bin2_labels,5,72,72.0,299.3658142089844,45.10029983520508,0.17739999294281006,simple
473,QD_mix_40_phase_prec-alloc_offset-15_bin2_raw,QD_mix_40_phase_prec-alloc_offset-15_bin2_labels,5,73,73.0,269.031494140625,14.765999794006348,0.05810000002384186,simple
474,QD_mix_40_phase_prec-alloc_offset-15_bin2_raw,QD_mix_40_phase_prec-alloc_offset-15_bin2_labels,5,74,74.0,229.18820190429688,-25.07740020751953,-0.09860000014305115,simple
475,QD_mix_40_phase_prec-alloc_offset-15_bin2_raw,QD_mix_40_phase_prec-alloc_offset-15_bin2_labels,5,75,75.0,200.7946014404297,-53.47090148925781,-0.2102999985218048,simple
476,QD_mix_40_phase_prec-alloc_offset-15_bin2_raw,QD_mix_40_phase_prec-alloc_offset-15_bin2_labels,5,76,76.0,89.33329772949219,-164.9322052001953,-0.6486999988555908,simple
477,QD_mix_40_phase_prec-alloc_offset-15_bin2_raw,QD_mix_40_phase_prec-alloc_offset-15_bin2_labels,5,77,77.0,0.0,-254.2655029296875,-1.0,simple
478,QD_mix_40_phase_prec-alloc_offset-15_bin2_raw,QD_mix_40_phase_prec-alloc_offset-15_bin2_labels,5,78,78.0,0.0,-254.2655029296875,-1.0,simple
479,QD_mix_40_phase_prec-alloc_offset-15_bin2_raw,QD_mix_40_phase_prec-alloc_offset-15_bin2_labels,5,79,79.0,0.0,-254.2655029296875,-1.0,simple
480,QD_mix_40_phase_prec-alloc_offset-15_bin2_raw,QD_mix_40_phase_prec-alloc_offset-15_bin2_labels,5,80,80.0,0.0,-254.2655029296875,-1.0,simple
481,QD_mix_40_phase_prec-alloc_offset-15_bin2_raw,QD_mix_40_phase_prec-alloc_offset-15_bin2_labels,5,81,81.0,0.0,-254.2655029296875,-1.0,simple
482,QD_mix_40_phase_prec-alloc_offset-15_bin2_raw,QD_mix_40_phase_prec-alloc_offset-15_bin2_labels,5,82,82.0,0.0,-254.2655029296875,-1.0,simple
483,QD_mix_40_phase_prec-alloc_offset-15_bin2_raw,QD_mix_40_phase_prec-alloc_offset-15_bin2_labels,5,83,83.0,0.0,-254.2655029296875,-1.0,simple
484,QD_mix_40_phase_prec-alloc_offset-15_bin2_raw,QD_mix_40_phase_prec-alloc_offset-15_bin2_labels,5,84,84.0,0.0,-254.2655029296875,-1.0,simple
485,QD_mix_40_phase_prec-alloc_offset-15_bin2_raw,QD_mix_40_phase_prec-alloc_offset-15_bin2_labels,5,85,85.0,0.0,-254.2655029296875,-1.0,simple
486,QD_mix_40_phase_prec-alloc_offset-15_bin2_raw,QD_mix_40_phase_prec-alloc_offset-15_bin2_labels,5,86,86.0,0.0,-254.2655029296875,-1.0,simple
487,QD_mix_40_phase_prec-alloc_offset-15_bin2_raw,QD_mix_40_phase_prec-alloc_offset-15_bin2_labels,5,87,87.0,0.0,-254.2655029296875,-1.0,simple
488,QD_mix_40_phase_prec-alloc_offset-15_bin2_raw,QD_mix_40_phase_prec-alloc_offset-15_bin2_labels,5,88,88.0,0.0,-254.2655029296875,-1.0,simple
489,QD_mix_40_phase_prec-alloc_offset-15_bin2_raw,QD_mix_40_phase_prec-alloc_offset-15_bin2_labels,5,89,89.0,0.0,-254.2655029296875,-1.0,simple
490,QD_mix_40_phase_prec-alloc_offset-15_bin2_raw,QD_mix_40_phase_prec-alloc_offset-15_bin2_labels,5,90,90.0,0.0,-254.2655029296875,-1.0,simple
491,QD_mix_40_phase_prec-alloc_offset-15_bin2_raw,QD_mix_40_phase_prec-alloc_offset-15_bin2_labels,5,91,91.0,0.0,-254.2655029296875,-1.0,simple
492,QD_mix_40_phase_prec-alloc_offset-15_bin2_raw,QD_mix_40_phase_prec-alloc_offset-15_bin2_labels,5,92,92.0,0.0,-254.2655029296875,-1.0,simple
493,QD_mix_40_phase_prec-alloc_offset-15_bin2_raw,QD_mix_40_phase_prec-alloc_offset-15_bin2_labels,5,93,93.0,0.0,-254.2655029296875,-1.0,simple
494,QD_mix_40_phase_prec-alloc_offset-15_bin2_raw,QD_mix_40_phase_prec-alloc_offset-15_bin2_labels,5,94,94.0,0.0,-254.2655029296875,-1.0,simple
495,QD_mix_40_phase_prec-alloc_offset-15_bin2_raw,QD_mix_40_phase_prec-alloc_offset-15_bin2_labels,5,95,95.0,0.0,-254.2655029296875,-1.0,simple
496,QD_mix_40_phase_prec-alloc_offset-15_bin2_raw,QD_mix_40_phase_prec-alloc_offset-15_bin2_labels,5,96,96.0,0.0,-254.2655029296875,-1.0,simple
497,QD_mix_40_phase_prec-alloc_offset-15_bin2_raw,QD_mix_40_phase_prec-alloc_offset-15_bin2_labels,5,97,97.0,0.0,-254.2655029296875,-1.0,simple
498,QD_mix_40_phase_prec-alloc_offset-15_bin2_raw,QD_mix_40_phase_prec-alloc_offset-15_bin2_labels,5,98,98.0,0.0,-254.2655029296875,-1.0,simple
499,QD_mix_40_phase_prec-alloc_offset-15_bin2_raw,QD_mix_40_phase_prec-alloc_offset-15_bin2_labels,5,100,99.0,0.0,-254.2655029296875,-1.0,simple
500,QD_mix_40_phase_prec-alloc_offset-15_bin2_raw,QD_mix_40_phase_prec-alloc_offset-15_bin2_labels,6,0,0.0,181.88070678710938,0.0,0.0,simple
501,QD_mix_40_phase_prec-alloc_offset-15_bin2_raw,QD_mix_40_phase_prec-alloc_offset-15_bin2_labels,6,1,1.0,209.29879760742188,27.418100357055664,0.15070000290870667,simple
502,QD_mix_40_phase_prec-alloc_offset-15_bin2_raw,QD_mix_40_phase_prec-alloc_offset-15_bin2_labels,6,2,2.0,240.8011932373047,58.92060089111328,0.3240000009536743,simple
503,QD_mix_40_phase_prec-alloc_offset-15_bin2_raw,QD_mix_40_phase_prec-alloc_offset-15_bin2_labels,6,3,3.0,284.618408203125,102.73780059814453,0.5648999810218811,simple
504,QD_mix_40_phase_prec-alloc_offset-15_bin2_raw,QD_mix_40_phase_prec-alloc_offset-15_bin2_labels,6,4,4.0,337.11090087890625,155.23019409179688,0.8535000085830688,simple
505,QD_mix_40_phase_prec-alloc_offset-15_bin2_raw,QD_mix_40_phase_prec-alloc_offset-15_bin2_labels,6,5,5.0,406.9661865234375,225.08560180664062,1.2374999523162842,simple
506,QD_mix_40_phase_prec-alloc_offset-15_bin2_raw,QD_mix_40_phase_prec-alloc_offset-15_bin2_labels,6,6,6.0,504.0538024902344,322.1731872558594,1.771299958229065,simple
507,QD_mix_40_phase_prec-alloc_offset-15_bin2_raw,QD_mix_40_phase_prec-alloc_offset-15_bin2_labels,6,7,7.0,613.0084228515625,431.127685546875,2.3703999519348145,simple
508,QD_mix_40_phase_prec-alloc_offset-15_bin2_raw,QD_mix_40_phase_prec-alloc_offset-15_bin2_labels,6,8,8.0,752.898681640625,571.0180053710938,3.1394999027252197,simple
509,QD_mix_40_phase_prec-alloc_offset-15_bin2_raw,QD_mix_40_phase_prec-alloc_offset-15_bin2_labels,6,9,9.0,900.9575805664062,719.076904296875,3.9535999298095703,simple
510,QD_mix_40_phase_prec-alloc_offset-15_bin2_raw,QD_mix_40_phase_prec-alloc_offset-15_bin2_labels,6,10,10.0,1083.7471923828125,901.8665161132812,4.958600044250488,simple
511,QD_mix_40_phase_prec-alloc_offset-15_bin2_raw,QD_mix_40_phase_prec-alloc_offset-15_bin2_labels,6,11,11.0,1277.7152099609375,1095.83447265625,6.025000095367432,simple
512,QD_mix_40_phase_prec-alloc_offset-15_bin2_raw,QD_mix_40_phase_prec-alloc_offset-15_bin2_labels,6,12,12.0,1486.988525390625,1305.10791015625,7.175600051879883,simple
513,QD_mix_40_phase_prec-alloc_offset-15_bin2_raw,QD_mix_40_phase_prec-alloc_offset-15_bin2_labels,6,13,13.0,1682.7093505859375,1500.82861328125,8.251700401306152,simple
514,QD_mix_40_phase_prec-alloc_offset-15_bin2_raw,QD_mix_40_phase_prec-alloc_offset-15_bin2_labels,6,14,14.0,1868.359375,1686.478759765625,9.27239990234375,simple
515,QD_mix_40_phase_prec-alloc_offset-15_bin2_raw,QD_mix_40_phase_prec-alloc_offset-15_bin2_labels,6,15,15.0,2028.41943359375,1846.538818359375,10.15250015258789,simple
516,QD_mix_40_phase_prec-alloc_offset-15_bin2_raw,QD_mix_40_phase_prec-alloc_offset-15_bin2_labels,6,16,16.0,2150.5478515625,1968.667236328125,10.824000358581543,simple
517,QD_mix_40_phase_prec-alloc_offset-15_bin2_raw,QD_mix_40_phase_prec-alloc_offset-15_bin2_labels,6,17,17.0,2240.9443359375,2059.063720703125,11.321000099182129,simple
518,QD_mix_40_phase_prec-alloc_offset-15_bin2_raw,QD_mix_40_phase_prec-alloc_offset-15_bin2_labels,6,18,18.0,2285.597412109375,2103.716796875,11.566499710083008,simple
519,QD_mix_40_phase_prec-alloc_offset-15_bin2_raw,QD_mix_40_phase_prec-alloc_offset-15_bin2_labels,6,19,19.0,2315.916748046875,2134.0361328125,11.733200073242188,simple
520,QD_mix_40_phase_prec-alloc_offset-15_bin2_raw,QD_mix_40_phase_prec-alloc_offset-15_bin2_labels,6,20,20.0,2295.19873046875,2113.318115234375,11.61929988861084,simple
521,QD_mix_40_phase_prec-alloc_offset-15_bin2_raw,QD_mix_40_phase_prec-alloc_offset-15_bin2_labels,6,21,21.0,2262.886962890625,2081.00634765625,11.44159984588623,simple
522,QD_mix_40_phase_prec-alloc_offset-15_bin2_raw,QD_mix_40_phase_prec-alloc_offset-15_bin2_labels,6,22,22.0,2239.4111328125,2057.530517578125,11.3125,simple
523,QD_mix_40_phase_prec-alloc_offset-15_bin2_raw,QD_mix_40_phase_prec-alloc_offset-15_bin2_labels,6,23,23.0,2193.724365234375,2011.84375,11.061300277709961,simple
524,QD_mix_40_phase_prec-alloc_offset-15_bin2_raw,QD_mix_40_phase_prec-alloc_offset-15_bin2_labels,6,24,24.0,2187.816162109375,2005.935546875,11.028900146484375,simple
525,QD_mix_40_phase_prec-alloc_offset-15_bin2_raw,QD_mix_40_phase_prec-alloc_offset-15_bin2_labels,6,25,25.0,2198.439208984375,2016.55859375,11.087300300598145,simple
526,QD_mix_40_phase_prec-alloc_offset-15_bin2_raw,QD_mix_40_phase_prec-alloc_offset-15_bin2_labels,6,26,26.0,2241.164794921875,2059.2841796875,11.322199821472168,simple
527,QD_mix_40_phase_prec-alloc_offset-15_bin2_raw,QD_mix_40_phase_prec-alloc_offset-15_bin2_labels,6,27,27.0,2306.9287109375,2125.048095703125,11.683699607849121,simple
528,QD_mix_40_phase_prec-alloc_offset-15_bin2_raw,QD_mix_40_phase_prec-alloc_offset-15_bin2_labels,6,28,28.0,2378.1650390625,2196.284423828125,12.075400352478027,simple
529,QD_mix_40_phase_prec-alloc_offset-15_bin2_raw,QD_mix_40_phase_prec-alloc_offset-15_bin2_labels,6,29,29.0,2481.665283203125,2299.78466796875,12.644499778747559,simple
530,QD_mix_40_phase_prec-alloc_offset-15_bin2_raw,QD_mix_40_phase_prec-alloc_offset-15_bin2_labels,6,30,30.0,2561.548583984375,2379.66796875,13.083700180053711,simple
531,QD_mix_40_phase_prec-alloc_offset-15_bin2_raw,QD_mix_40_phase_prec-alloc_offset-15_bin2_labels,6,31,31.0,2640.378662109375,2458.498046875,13.51710033416748,simple
532,QD_mix_40_phase_prec-alloc_offset-15_bin2_raw,QD_mix_40_phase_prec-alloc_offset-15_bin2_labels,6,32,32.0,2673.56689453125,2491.686279296875,13.699600219726562,simple
533,QD_mix_40_phase_prec-alloc_offset-15_bin2_raw,QD_mix_40_phase_prec-alloc_offset-15_bin2_labels,6,33,33.0,2718.48388671875,2536.603271484375,13.946499824523926,simple
534,QD_mix_40_phase_prec-alloc_offset-15_bin2_raw,QD_mix_40_phase_prec-alloc_offset-15_bin2_labels,6,34,34.0,2713.687744140625,2531.80712890625,13.92020034790039,simple
535,QD_mix_40_phase_prec-alloc_offset-15_bin2_raw,QD_mix_40_phase_prec-alloc_offset-15_bin2_labels,6,35,35.0,2652.414306640625,2470.53369140625,13.58329963684082,simple
536,QD_mix_40_phase_prec-alloc_offset-15_bin2_raw,QD_mix_40_phase_prec-alloc_offset-15_bin2_labels,6,36,36.0,2585.6796875,2403.799072265625,13.216400146484375,simple
537,QD_mix_40_phase_prec-alloc_offset-15_bin2_raw,QD_mix_40_phase_prec-alloc_offset-15_bin2_labels,6,37,37.0,2499.3388671875,2317.458251953125,12.741600036621094,simple
538,QD_mix_40_phase_prec-alloc_offset-15_bin2_raw,QD_mix_40_phase_prec-alloc_offset-15_bin2_labels,6,38,38.0,2363.3896484375,2181.509033203125,11.994199752807617,simple
539,QD_mix_40_phase_prec-alloc_offset-15_bin2_raw,QD_mix_40_phase_prec-alloc_offset-15_bin2_labels,6,39,39.0,2235.506591796875,2053.6259765625,11.291099548339844,simple
540,QD_mix_40_phase_prec-alloc_offset-15_bin2_raw,QD_mix_40_phase_prec-alloc_offset-15_bin2_labels,6,40,40.0,2087.304443359375,1905.423828125,10.476200103759766,simple
541,QD_mix_40_phase_prec-alloc_offset-15_bin2_raw,QD_mix_40_phase_prec-alloc_offset-15_bin2_labels,6,41,41.0,1944.0811767578125,1762.2005615234375,9.688799858093262,simple
542,QD_mix_40_phase_prec-alloc_offset-15_bin2_raw,QD_mix_40_phase_prec-alloc_offset-15_bin2_labels,6,42,42.0,1811.0638427734375,1629.18310546875,8.95740032196045,simple
543,QD_mix_40_phase_prec-alloc_offset-15_bin2_raw,QD_mix_40_phase_prec-alloc_offset-15_bin2_labels,6,43,43.0,1694.616943359375,1512.736328125,8.31719970703125,simple
544,QD_mix_40_phase_prec-alloc_offset-15_bin2_raw,QD_mix_40_phase_prec-alloc_offset-15_bin2_labels,6,44,44.0,1598.4097900390625,1416.529052734375,7.7881999015808105,simple
545,QD_mix_40_phase_prec-alloc_offset-15_bin2_raw,QD_mix_40_phase_prec-alloc_offset-15_bin2_labels,6,45,45.0,1534.413818359375,1352.533203125,7.436399936676025,simple
546,QD_mix_40_phase_prec-alloc_offset-15_bin2_raw,QD_mix_40_phase_prec-alloc_offset-15_bin2_labels,6,46,46.0,1492.5574951171875,1310.6767578125,7.206200122833252,simple
547,QD_mix_40_phase_prec-alloc_offset-15_bin2_raw,QD_mix_40_phase_prec-alloc_offset-15_bin2_labels,6,47,47.0,1496.1827392578125,1314.302001953125,7.226200103759766,simple
548,QD_mix_40_phase_prec-alloc_offset-15_bin2_raw,QD_mix_40_phase_prec-alloc_offset-15_bin2_labels,6,48,48.0,1480.3778076171875,1298.4970703125,7.1392998695373535,simple
549,QD_mix_40_phase_prec-alloc_offset-15_bin2_raw,QD_mix_40_phase_prec-alloc_offset-15_bin2_labels,6,49,49.0,1514.1497802734375,1332.26904296875,7.324999809265137,simple
550,QD_mix_40_phase_prec-alloc_offset-15_bin2_raw,QD_mix_40_phase_prec-alloc_offset-15_bin2_labels,6,50,50.0,1542.0999755859375,1360.21923828125,7.478600025177002,simple
551,QD_mix_40_phase_prec-alloc_offset-15_bin2_raw,QD_mix_40_phase_prec-alloc_offset-15_bin2_labels,6,51,51.0,1585.5760498046875,1403.6953125,7.717700004577637,simple
552,QD_mix_40_phase_prec-alloc_offset-15_bin2_raw,QD_mix_40_phase_prec-alloc_offset-15_bin2_labels,6,52,52.0,1603.5673828125,1421.686767578125,7.8165998458862305,simple
553,QD_mix_40_phase_prec-alloc_offset-15_bin2_raw,QD_mix_40_phase_prec-alloc_offset-15_bin2_labels,6,53,53.0,1624.312744140625,1442.43212890625,7.930699825286865,simple
554,QD_mix_40_phase_prec-alloc_offset-15_bin2_raw,QD_mix_40_phase_prec-alloc_offset-15_bin2_labels,6,54,54.0,1613.6583251953125,1431.777587890625,7.872099876403809,simple
555,QD_mix_40_phase_prec-alloc_offset-15_bin2_raw,QD_mix_40_phase_prec-alloc_offset-15_bin2_labels,6,55,55.0,1597.2012939453125,1415.320556640625,7.781599998474121,simple
556,QD_mix_40_phase_prec-alloc_offset-15_bin2_raw,QD_mix_40_phase_prec-alloc_offset-15_bin2_labels,6,56,56.0,1554.3336181640625,1372.452880859375,7.545899868011475,simple
557,QD_mix_40_phase_prec-alloc_offset-15_bin2_raw,QD_mix_40_phase_prec-alloc_offset-15_bin2_labels,6,57,57.0,1491.5135498046875,1309.6328125,7.200500011444092,simple
558,QD_mix_40_phase_prec-alloc_offset-15_bin2_raw,QD_mix_40_phase_prec-alloc_offset-15_bin2_labels,6,58,58.0,1397.7740478515625,1215.893310546875,6.685100078582764,simple
559,QD_mix_40_phase_prec-alloc_offset-15_bin2_raw,QD_mix_40_phase_prec-alloc_offset-15_bin2_labels,6,59,59.0,1317.2398681640625,1135.359130859375,6.242300033569336,simple
560,QD_mix_40_phase_prec-alloc_offset-15_bin2_raw,QD_mix_40_phase_prec-alloc_offset-15_bin2_labels,6,60,60.0,1199.2576904296875,1017.3770141601562,5.593699932098389,simple
561,QD_mix_40_phase_prec-alloc_offset-15_bin2_raw,QD_mix_40_phase_prec-alloc_offset-15_bin2_labels,6,61,61.0,1078.2969970703125,896.4163208007812,4.928599834442139,simple
562,QD_mix_40_phase_prec-alloc_offset-15_bin2_raw,QD_mix_40_phase_prec-alloc_offset-15_bin2_labels,6,62,62.0,953.8319091796875,771.951171875,4.24429988861084,simple
563,QD_mix_40_phase_prec-alloc_offset-15_bin2_raw,QD_mix_40_phase_prec-alloc_offset-15_bin2_labels,6,63,63.0,850.4229736328125,668.5422973632812,3.6756999492645264,simple
564,QD_mix_40_phase_prec-alloc_offset-15_bin2_raw,QD_mix_40_phase_prec-alloc_offset-15_bin2_labels,6,64,64.0,730.7520141601562,548.8712768554688,3.0178000926971436,simple
565,QD_mix_40_phase_prec-alloc_offset-15_bin2_raw,QD_mix_40_phase_prec-alloc_offset-15_bin2_labels,6,65,65.0,631.541015625,449.660400390625,2.4723000526428223,simple
566,QD_mix_40_phase_prec-alloc_offset-15_bin2_raw,QD_mix_40_phase_prec-alloc_offset-15_bin2_labels,6,66,66.0,546.539794921875,364.65899658203125,2.0048999786376953,simple
567,QD_mix_40_phase_prec-alloc_offset-15_bin2_raw,QD_mix_40_phase_prec-alloc_offset-15_bin2_labels,6,67,67.0,461.0541076660156,279.17340087890625,1.5348999500274658,simple
568,QD_mix_40_phase_prec-alloc_offset-15_bin2_raw,QD_mix_40_phase_prec-alloc_offset-15_bin2_labels,6,68,68.0,396.4873962402344,214.60679626464844,1.179900050163269,simple
569,QD_mix_40_phase_prec-alloc_offset-15_bin2_raw,QD_mix_40_phase_prec-alloc_offset-15_bin2_labels,6,69,69.0,340.87030029296875,158.98959350585938,0.8741000294685364,simple
570,QD_mix_40_phase_prec-alloc_offset-15_bin2_raw,QD_mix_40_phase_prec-alloc_offset-15_bin2_labels,6,70,70.0,291.1754150390625,109.2947006225586,0.6008999943733215,simple
571,QD_mix_40_phase_prec-alloc_offset-15_bin2_raw,QD_mix_40_phase_prec-alloc_offset-15_bin2_labels,6,71,71.0,256.7381896972656,74.85759735107422,0.4115999937057495,simple
572,QD_mix_40_phase_prec-alloc_offset-15_bin2_raw,QD_mix_40_phase_prec-alloc_offset-15_bin2_labels,6,72,72.0,226.1051025390625,44.22439956665039,0.24320000410079956,simple
573,QD_mix_40_phase_prec-alloc_offset-15_bin2_raw,QD_mix_40_phase_prec-alloc_offset-15_bin2_labels,6,73,73.0,203.98269653320312,22.102100372314453,0.12150000035762787,simple
574,QD_mix_40_phase_prec-alloc_offset-15_bin2_raw,QD_mix_40_phase_prec-alloc_offset-15_bin2_labels,6,74,74.0,188.43359375,6.5528998374938965,0.035999998450279236,simple
575,QD_mix_40_phase_prec-alloc_offset-15_bin2_raw,QD_mix_40_phase_prec-alloc_offset-15_bin2_labels,6,75,75.0,169.9091033935547,-11.971599578857422,-0.0658000037074089,simple
576,QD_mix_40_phase_prec-alloc_offset-15_bin2_raw,QD_mix_40_phase_prec-alloc_offset-15_bin2_labels,6,76,76.0,68.42749786376953,-113.45320129394531,-0.6237999796867371,simple
577,QD_mix_40_phase_prec-alloc_offset-15_bin2_raw,QD_mix_40_phase_prec-alloc_offset-15_bin2_labels,6,77,77.0,0.0,-181.88070678710938,-1.0,simple
578,QD_mix_40_phase_prec-alloc_offset-15_bin2_raw,QD_mix_40_phase_prec-alloc_offset-15_bin2_labels,6,78,78.0,0.0,-181.88070678710938,-1.0,simple
579,QD_mix_40_phase_prec-alloc_offset-15_bin2_raw,QD_mix_40_phase_prec-alloc_offset-15_bin2_labels,6,79,79.0,0.0,-181.88070678710938,-1.0,simple
580,QD_mix_40_phase_prec-alloc_offset-15_bin2_raw,QD_mix_40_phase_prec-alloc_offset-15_bin2_labels,6,80,80.0,0.0,-181.88070678710938,-1.0,simple
581,QD_mix_40_phase_prec-alloc_offset-15_bin2_raw,QD_mix_40_phase_prec-alloc_offset-15_bin2_labels,6,81,81.0,0.0,-181.88070678710938,-1.0,simple
582,QD_mix_40_phase_prec-alloc_offset-15_bin2_raw,QD_mix_40_phase_prec-alloc_offset-15_bin2_labels,6,82,82.0,0.0,-181.88070678710938,-1.0,simple
583,QD_mix_40_phase_prec-alloc_offset-15_bin2_raw,QD_mix_40_phase_prec-alloc_offset-15_bin2_labels,6,83,83.0,0.0,-181.88070678710938,-1.0,simple
584,QD_mix_40_phase_prec-alloc_offset-15_bin2_raw,QD_mix_40_phase_prec-alloc_offset-15_bin2_labels,6,84,84.0,0.0,-181.88070678710938,-1.0,simple
585,QD_mix_40_phase_prec-alloc_offset-15_bin2_raw,QD_mix_40_phase_prec-alloc_offset-15_bin2_labels,6,85,85.0,0.0,-181.88070678710938,-1.0,simple
586,QD_mix_40_phase_prec-alloc_offset-15_bin2_raw,QD_mix_40_phase_prec-alloc_offset-15_bin2_labels,6,86,86.0,0.0,-181.88070678710938,-1.0,simple
587,QD_mix_40_phase_prec-alloc_offset-15_bin2_raw,QD_mix_40_phase_prec-alloc_offset-15_bin2_labels,6,87,87.0,0.0,-181.88070678710938,-1.0,simple
588,QD_mix_40_phase_prec-alloc_offset-15_bin2_raw,QD_mix_40_phase_prec-alloc_offset-15_bin2_labels,6,88,88.0,0.0,-181.88070678710938,-1.0,simple
589,QD_mix_40_phase_prec-alloc_offset-15_bin2_raw,QD_mix_40_phase_prec-alloc_offset-15_bin2_labels,6,89,89.0,0.0,-181.88070678710938,-1.0,simple
590,QD_mix_40_phase_prec-alloc_offset-15_bin2_raw,QD_mix_40_phase_prec-alloc_offset-15_bin2_labels,6,90,90.0,0.0,-181.88070678710938,-1.0,simple
591,QD_mix_40_phase_prec-alloc_offset-15_bin2_raw,QD_mix_40_phase_prec-alloc_offset-15_bin2_labels,6,91,91.0,0.0,-181.88070678710938,-1.0,simple
592,QD_mix_40_phase_prec-alloc_offset-15_bin2_raw,QD_mix_40_phase_prec-alloc_offset-15_bin2_labels,6,92,92.0,0.0,-181.88070678710938,-1.0,simple
593,QD_mix_40_phase_prec-alloc_offset-15_bin2_raw,QD_mix_40_phase_prec-alloc_offset-15_bin2_labels,6,93,93.0,0.0,-181.88070678710938,-1.0,simple
594,QD_mix_40_phase_prec-alloc_offset-15_bin2_raw,QD_mix_40_phase_prec-alloc_offset-15_bin2_labels,6,94,94.0,0.0,-181.88070678710938,-1.0,simple
595,QD_mix_40_phase_prec-alloc_offset-15_bin2_raw,QD_mix_40_phase_prec-alloc_offset-15_bin2_labels,6,95,95.0,0.0,-181.88070678710938,-1.0,simple
596,QD_mix_40_phase_prec-alloc_offset-15_bin2_raw,QD_mix_40_phase_prec-alloc_offset-15_bin2_labels,6,96,96.0,0.0,-181.88070678710938,-1.0,simple
597,QD_mix_40_phase_prec-alloc_offset-15_bin2_raw,QD_mix_40_phase_prec-alloc_offset-15_bin2_labels,6,97,97.0,0.0,-181.88070678710938,-1.0,simple
598,QD_mix_40_phase_prec-alloc_offset-15_bin2_raw,QD_mix_40_phase_prec-alloc_offset-15_bin2_labels,6,98,98.0,0.0,-181.88070678710938,-1.0,simple
599,QD_mix_40_phase_prec-alloc_offset-15_bin2_raw,QD_mix_40_phase_prec-alloc_offset-15_bin2_labels,6,100,99.0,0.0,-181.88070678710938,-1.0,simple
600,QD_mix_40_phase_prec-alloc_offset-15_bin2_raw,QD_mix_40_phase_prec-alloc_offset-15_bin2_labels,1,0,0.0,340.25201416015625,-195.77149963378906,-0.36800000071525574,dietrich
601,QD_mix_40_phase_prec-alloc_offset-15_bin2_raw,QD_mix_40_phase_prec-alloc_offset-15_bin2_labels,1,1,1.0,400.26220703125,-135.7613067626953,-0.2513999938964844,dietrich
602,QD_mix_40_phase_prec-alloc_offset-15_bin2_raw,QD_mix_40_phase_prec-alloc_offset-15_bin2_labels,1,2,2.0,482.7876892089844,-53.23590087890625,-0.09740000218153,dietrich
603,QD_mix_40_phase_prec-alloc_offset-15_bin2_raw,QD_mix_40_phase_prec-alloc_offset-15_bin2_labels,1,3,3.0,623.2297973632812,87.2061996459961,0.15809999406337738,dietrich
604,QD_mix_40_phase_prec-alloc_offset-15_bin2_raw,QD_mix_40_phase_prec-alloc_offset-15_bin2_labels,1,4,4.0,779.5382080078125,243.5146026611328,0.43849998712539673,dietrich
605,QD_mix_40_phase_prec-alloc_offset-15_bin2_raw,QD_mix_40_phase_prec-alloc_offset-15_bin2_labels,1,5,5.0,1011.3410034179688,475.3174133300781,0.8519999980926514,dietrich
606,QD_mix_40_phase_prec-alloc_offset-15_bin2_raw,QD_mix_40_phase_prec-alloc_offset-15_bin2_labels,1,6,6.0,1334.0521240234375,798.0286254882812,1.4265999794006348,dietrich
607,QD_mix_40_phase_prec-alloc_offset-15_bin2_raw,QD_mix_40_phase_prec-alloc_offset-15_bin2_labels,1,7,7.0,1736.623046875,1200.5994873046875,2.144700050354004,dietrich
608,QD_mix_40_phase_prec-alloc_offset-15_bin2_raw,QD_mix_40_phase_prec-alloc_offset-15_bin2_labels,1,8,8.0,2251.97705078125,1715.95361328125,3.0680999755859375,dietrich
609,QD_mix_40_phase_prec-alloc_offset-15_bin2_raw,QD_mix_40_phase_prec-alloc_offset-15_bin2_labels,1,9,9.0,2893.97021484375,2357.946533203125,4.226500034332275,dietrich
610,QD_mix_40_phase_prec-alloc_offset-15_bin2_raw,QD_mix_40_phase_prec-alloc_offset-15_bin2_labels,1,10,10.0,3597.384765625,3061.361328125,5.508900165557861,dietrich
611,QD_mix_40_phase_prec-alloc_offset-15_bin2_raw,QD_mix_40_phase_prec-alloc_offset-15_bin2_labels,1,11,11.0,4473.92822265625,3937.904296875,7.123499870300293,dietrich
612,QD_mix_40_phase_prec-alloc_offset-15_bin2_raw,QD_mix_40_phase_prec-alloc_offset-15_bin2_labels,1,12,12.0,5392.05908203125,4856.03564453125,8.84119987487793,dietrich
613,QD_mix_40_phase_prec-alloc_offset-15_bin2_raw,QD_mix_40_phase_prec-alloc_offset-15_bin2_labels,1,13,13.0,6379.12744140625,5843.10400390625,10.719400405883789,dietrich
614,QD_mix_40_phase_prec-alloc_offset-15_bin2_raw,QD_mix_40_phase_prec-alloc_offset-15_bin2_labels,1,14,14.0,7360.34814453125,6824.32421875,12.628000259399414,dietrich
615,QD_mix_40_phase_prec-alloc_offset-15_bin2_raw,QD_mix_40_phase_prec-alloc_offset-15_bin2_labels,1,15,15.0,8361.708984375,7825.685546875,14.620400428771973,dietrich
616,QD_mix_40_phase_prec-alloc_offset-15_bin2_raw,QD_mix_40_phase_prec-alloc_offset-15_bin2_labels,1,16,16.0,9273.0458984375,8737.0224609375,16.49489974975586,dietrich
617,QD_mix_40_phase_prec-alloc_offset-15_bin2_raw,QD_mix_40_phase_prec-alloc_offset-15_bin2_labels,1,17,17.0,10025.462890625,9489.439453125,18.118799209594727,dietrich
618,QD_mix_40_phase_prec-alloc_offset-15_bin2_raw,QD_mix_40_phase_prec-alloc_offset-15_bin2_labels,1,18,18.0,10586.4873046875,10050.4638671875,19.422399520874023,dietrich
619,QD_mix_40_phase_prec-alloc_offset-15_bin2_raw,QD_mix_40_phase_prec-alloc_offset-15_bin2_labels,1,19,19.0,10867.4658203125,10331.4423828125,20.221099853515625,dietrich
620,QD_mix_40_phase_prec-alloc_offset-15_bin2_raw,QD_mix_40_phase_prec-alloc_offset-15_bin2_labels,1,20,20.0,10828.337890625,10292.314453125,20.4153995513916,dietrich
621,QD_mix_40_phase_prec-alloc_offset-15_bin2_raw,QD_mix_40_phase_prec-alloc_offset-15_bin2_labels,1,21,21.0,10615.5810546875,10079.5576171875,20.273799896240234,dietrich
622,QD_mix_40_phase_prec-alloc_offset-15_bin2_raw,QD_mix_40_phase_prec-alloc_offset-15_bin2_labels,1,22,22.0,10103.751953125,9567.728515625,19.524499893188477,dietrich
623,QD_mix_40_phase_prec-alloc_offset-15_bin2_raw,QD_mix_40_phase_prec-alloc_offset-15_bin2_labels,1,23,23.0,9541.5703125,9005.546875,18.65369987487793,dietrich
624,QD_mix_40_phase_prec-alloc_offset-15_bin2_raw,QD_mix_40_phase_prec-alloc_offset-15_bin2_labels,1,24,24.0,8799.015625,8262.9921875,17.380399703979492,dietrich
625,QD_mix_40_phase_prec-alloc_offset-15_bin2_raw,QD_mix_40_phase_prec-alloc_offset-15_bin2_labels,1,25,25.0,8082.375,7546.35205078125,16.124799728393555,dietrich
626,QD_mix_40_phase_prec-alloc_offset-15_bin2_raw,QD_mix_40_phase_prec-alloc_offset-15_bin2_labels,1,26,26.0,7251.587890625,6715.56494140625,14.582200050354004,dietrich
627,QD_mix_40_phase_prec-alloc_offset-15_bin2_raw,QD_mix_40_phase_prec-alloc_offset-15_bin2_labels,1,27,27.0,6649.07763671875,6113.05419921875,13.493200302124023,dietrich
628,QD_mix_40_phase_prec-alloc_offset-15_bin2_raw,QD_mix_40_phase_prec-alloc_offset-15_bin2_labels,1,28,28.0,6061.0478515625,5525.0244140625,12.399900436401367,dietrich
629,QD_mix_40_phase_prec-alloc_offset-15_bin2_raw,QD_mix_40_phase_prec-alloc_offset-15_bin2_labels,1,29,29.0,5591.41748046875,5055.39404296875,11.538999557495117,dietrich
630,QD_mix_40_phase_prec-alloc_offset-15_bin2_raw,QD_mix_40_phase_prec-alloc_offset-15_bin2_labels,1,30,30.0,5313.4052734375,4777.3818359375,11.092300415039062,dietrich
631,QD_mix_40_phase_prec-alloc_offset-15_bin2_raw,QD_mix_40_phase_prec-alloc_offset-15_bin2_labels,1,31,31.0,5119.794921875,4583.771484375,10.827799797058105,dietrich
632,QD_mix_40_phase_prec-alloc_offset-15_bin2_raw,QD_mix_40_phase_prec-alloc_offset-15_bin2_labels,1,32,32.0,4968.68359375,4432.66015625,10.654500007629395,dietrich
633,QD_mix_40_phase_prec-alloc_offset-15_bin2_raw,QD_mix_40_phase_prec-alloc_offset-15_bin2_labels,1,33,33.0,4965.2529296875,4429.2294921875,10.834199905395508,dietrich
634,QD_mix_40_phase_prec-alloc_offset-15_bin2_raw,QD_mix_40_phase_prec-alloc_offset-15_bin2_labels,1,34,34.0,4904.6513671875,4368.6279296875,10.875699996948242,dietrich
635,QD_mix_40_phase_prec-alloc_offset-15_bin2_raw,QD_mix_40_phase_prec-alloc_offset-15_bin2_labels,1,35,35.0,4864.150390625,4328.126953125,10.966899871826172,dietrich
636,QD_mix_40_phase_prec-alloc_offset-15_bin2_raw,QD_mix_40_phase_prec-alloc_offset-15_bin2_labels,1,36,36.0,4763.06689453125,4227.04345703125,10.902299880981445,dietrich
637,QD_mix_40_phase_prec-alloc_offset-15_bin2_raw,QD_mix_40_phase_prec-alloc_offset-15_bin2_labels,1,37,37.0,4624.990234375,4088.96630859375,10.735300064086914,dietrich
638,QD_mix_40_phase_prec-alloc_offset-15_bin2_raw,QD_mix_40_phase_prec-alloc_offset-15_bin2_labels,1,38,38.0,4473.58154296875,3937.55810546875,10.523500442504883,dietrich
639,QD_mix_40_phase_prec-alloc_offset-15_bin2_raw,QD_mix_40_phase_prec-alloc_offset-15_bin2_labels,1,39,39.0,4281.84912109375,3745.82568359375,10.191100120544434,dietrich
640,QD_mix_40_phase_prec-alloc_offset-15_bin2_raw,QD_mix_40_phase_prec-alloc_offset-15_bin2_labels,1,40,40.0,4056.08251953125,3520.058837890625,9.749300003051758,dietrich
641,QD_mix_40_phase_prec-alloc_offset-15_bin2_raw,QD_mix_40_phase_prec-alloc_offset-15_bin2_labels,1,41,41.0,3810.81640625,3274.79296875,9.233499526977539,dietrich
642,QD_mix_40_phase_prec-alloc_offset-15_bin2_raw,QD_mix_40_phase_prec-alloc_offset-15_bin2_labels,1,42,42.0,3558.449951171875,3022.426513671875,8.675700187683105,dietrich
643,QD_mix_40_phase_prec-alloc_offset-15_bin2_raw,QD_mix_40_phase_prec-alloc_offset-15_bin2_labels,1,43,43.0,3336.10107421875,2800.077392578125,8.182700157165527,dietrich
644,QD_mix_40_phase_prec-alloc_offset-15_bin2_raw,QD_mix_40_phase_prec-alloc_offset-15_bin2_labels,1,44,44.0,3174.14892578125,2638.12548828125,7.848999977111816,dietrich
645,QD_mix_40_phase_prec-alloc_offset-15_bin2_raw,QD_mix_40_phase_prec-alloc_offset-15_bin2_labels,1,45,45.0,3065.5234375,2529.499755859375,7.662399768829346,dietrich
646,QD_mix_40_phase_prec-alloc_offset-15_bin2_raw,QD_mix_40_phase_prec-alloc_offset-15_bin2_labels,1,46,46.0,2909.9111328125,2373.8876953125,7.322000026702881,dietrich
647,QD_mix_40_phase_prec-alloc_offset-15_bin2_raw,QD_mix_40_phase_prec-alloc_offset-15_bin2_labels,1,47,47.0,2850.5048828125,2314.4814453125,7.2692999839782715,dietrich
648,QD_mix_40_phase_prec-alloc_offset-15_bin2_raw,QD_mix_40_phase_prec-alloc_offset-15_bin2_labels,1,48,48.0,2813.28271484375,2277.259033203125,7.283899784088135,dietrich
649,QD_mix_40_phase_prec-alloc_offset-15_bin2_raw,QD_mix_40_phase_prec-alloc_offset-15_bin2_labels,1,49,49.0,2870.9482421875,2334.9248046875,7.606599807739258,dietrich
650,QD_mix_40_phase_prec-alloc_offset-15_bin2_raw,QD_mix_40_phase_prec-alloc_offset-15_bin2_labels,1,50,50.0,2959.3876953125,2423.364013671875,8.042200088500977,dietrich
651,QD_mix_40_phase_prec-alloc_offset-15_bin2_raw,QD_mix_40_phase_prec-alloc_offset-15_bin2_labels,1,51,51.0,3011.41015625,2475.38671875,8.369799613952637,dietrich
652,QD_mix_40_phase_prec-alloc_offset-15_bin2_raw,QD_mix_40_phase_prec-alloc_offset-15_bin2_labels,1,52,52.0,3099.92236328125,2563.89892578125,8.834600448608398,dietrich
653,QD_mix_40_phase_prec-alloc_offset-15_bin2_raw,QD_mix_40_phase_prec-alloc_offset-15_bin2_labels,1,53,53.0,3175.568359375,2639.544921875,9.271300315856934,dietrich
654,QD_mix_40_phase_prec-alloc_offset-15_bin2_raw,QD_mix_40_phase_prec-alloc_offset-15_bin2_labels,1,54,54.0,3238.38525390625,2702.36181640625,9.67870044708252,dietrich
655,QD_mix_40_phase_prec-alloc_offset-15_bin2_raw,QD_mix_40_phase_prec-alloc_offset-15_bin2_labels,1,55,55.0,3291.0947265625,2755.0712890625,10.065099716186523,dietrich
656,QD_mix_40_phase_prec-alloc_offset-15_bin2_raw,QD_mix_40_phase_prec-alloc_offset-15_bin2_labels,1,56,56.0,3272.642578125,2736.618896484375,10.202099800109863,dietrich
657,QD_mix_40_phase_prec-alloc_offset-15_bin2_raw,QD_mix_40_phase_prec-alloc_offset-15_bin2_labels,1,57,57.0,3218.88720703125,2682.86376953125,10.210800170898438,dietrich
658,QD_mix_40_phase_prec-alloc_offset-15_bin2_raw,QD_mix_40_phase_prec-alloc_offset-15_bin2_labels,1,58,58.0,3150.56787109375,2614.54443359375,10.16409969329834,dietrich
659,QD_mix_40_phase_prec-alloc_offset-15_bin2_raw,QD_mix_40_phase_prec-alloc_offset-15_bin2_labels,1,59,59.0,2990.7919921875,2454.768310546875,9.753199577331543,dietrich
660,QD_mix_40_phase_prec-alloc_offset-15_bin2_raw,QD_mix_40_phase_prec-alloc_offset-15_bin2_labels,1,60,60.0,2869.08447265625,2333.060791015625,9.479900360107422,dietrich
661,QD_mix_40_phase_prec-alloc_offset-15_bin2_raw,QD_mix_40_phase_prec-alloc_offset-15_bin2_labels,1,61,61.0,2696.23876953125,2160.21533203125,8.983099937438965,dietrich
662,QD_mix_40_phase_prec-alloc_offset-15_bin2_raw,QD_mix_40_phase_prec-alloc_offset-15_bin2_labels,1,62,62.0,2486.07958984375,1950.0560302734375,8.305500030517578,dietrich
663,QD_mix_40_phase_prec-alloc_offset-15_bin2_raw,QD_mix_40_phase_prec-alloc_offset-15_bin2_labels,1,63,63.0,2255.865234375,1719.841796875,7.508900165557861,dietrich
664,QD_mix_40_phase_prec-alloc_offset-15_bin2_raw,QD_mix_40_phase_prec-alloc_offset-15_bin2_labels,1,64,64.0,2021.021240234375,1484.99755859375,6.652599811553955,dietrich
665,QD_mix_40_phase_prec-alloc_offset-15_bin2_raw,QD_mix_40_phase_prec-alloc_offset-15_bin2_labels,1,65,65.0,1771.582763671875,1235.559326171875,5.685299873352051,dietrich
666,QD_mix_40_phase_prec-alloc_offset-15_bin2_raw,QD_mix_40_phase_prec-alloc_offset-15_bin2_labels,1,66,66.0,1567.9112548828125,1031.8876953125,4.882500171661377,dietrich
667,QD_mix_40_phase_prec-alloc_offset-15_bin2_raw,QD_mix_40_phase_prec-alloc_offset-15_bin2_labels,1,67,67.0,1364.213623046875,828.1900024414062,4.0345001220703125,dietrich
668,QD_mix_40_phase_prec-alloc_offset-15_bin2_raw,QD_mix_40_phase_prec-alloc_offset-15_bin2_labels,1,68,68.0,1204.1568603515625,668.13330078125,3.3554999828338623,dietrich
669,QD_mix_40_phase_prec-alloc_offset-15_bin2_raw,QD_mix_40_phase_prec-alloc_offset-15_bin2_labels,1,69,69.0,1071.243408203125,535.2197875976562,2.775099992752075,dietrich
670,QD_mix_40_phase_prec-alloc_offset-15_bin2_raw,QD_mix_40_phase_prec-alloc_offset-15_bin2_labels,1,70,70.0,955.0858764648438,419.0622863769531,2.246799945831299,dietrich
671,QD_mix_40_phase_prec-alloc_offset-15_bin2_raw,QD_mix_40_phase_prec-alloc_offset-15_bin2_labels,1,71,71.0,876.1306762695312,340.1070861816406,1.888800024986267,dietrich
672,QD_mix_40_phase_prec-alloc_offset-15_bin2_raw,QD_mix_40_phase_prec-alloc_offset-15_bin2_labels,1,72,72.0,806.5,270.47650146484375,1.5586999654769897,dietrich
673,QD_mix_40_phase_prec-alloc_offset-15_bin2_raw,QD_mix_40_phase_prec-alloc_offset-15_bin2_labels,1,73,73.0,741.5001220703125,205.47659301757812,1.2311999797821045,dietrich
674,QD_mix_40_phase_prec-alloc_offset-15_bin2_raw,QD_mix_40_phase_prec-alloc_offset-15_bin2_labels,1,74,74.0,704.85888671875,168.8354034423828,1.0542000532150269,dietrich
675,QD_mix_40_phase_prec-alloc_offset-15_bin2_raw,QD_mix_40_phase_prec-alloc_offset-15_bin2_labels,1,75,75.0,668.8215942382812,132.798095703125,0.8659999966621399,dietrich
676,QD_mix_40_phase_prec-alloc_offset-15_bin2_raw,QD_mix_40_phase_prec-alloc_offset-15_bin2_labels,1,76,76.0,508.24420166015625,-27.779399871826172,-0.18970000743865967,dietrich
677,QD_mix_40_phase_prec-alloc_offset-15_bin2_raw,QD_mix_40_phase_prec-alloc_offset-15_bin2_labels,1,77,77.0,396.5242004394531,-139.49940490722656,-1.0,dietrich
678,QD_mix_40_phase_prec-alloc_offset-15_bin2_raw,QD_mix_40_phase_prec-alloc_offset-15_bin2_labels,1,78,78.0,403.5447082519531,-132.47889709472656,-1.0,dietrich
679,QD_mix_40_phase_prec-alloc_offset-15_bin2_raw,QD_mix_40_phase_prec-alloc_offset-15_bin2_labels,1,79,79.0,410.6134948730469,-125.41000366210938,-1.0,dietrich
680,QD_mix_40_phase_prec-alloc_offset-15_bin2_raw,QD_mix_40_phase_prec-alloc_offset-15_bin2_labels,1,80,80.0,417.7168884277344,-118.30660247802734,-1.0,dietrich
681,QD_mix_40_phase_prec-alloc_offset-15_bin2_raw,QD_mix_40_phase_prec-alloc_offset-15_bin2_labels,1,81,81.0,424.8389892578125,-111.18450164794922,-1.0,dietrich
682,QD_mix_40_phase_prec-alloc_offset-15_bin2_raw,QD_mix_40_phase_prec-alloc_offset-15_bin2_labels,1,82,82.0,431.9620056152344,-104.0615005493164,-1.0,dietrich
683,QD_mix_40_phase_prec-alloc_offset-15_bin2_raw,QD_mix_40_phase_prec-alloc_offset-15_bin2_labels,1,83,83.0,439.0657958984375,-96.95770263671875,-1.0,dietrich
684,QD_mix_40_phase_prec-alloc_offset-15_bin2_raw,QD_mix_40_phase_prec-alloc_offset-15_bin2_labels,1,84,84.0,446.1282043457031,-89.89540100097656,-1.0,dietrich
685,QD_mix_40_phase_prec-alloc_offset-15_bin2_raw,QD_mix_40_phase_prec-alloc_offset-15_bin2_labels,1,85,85.0,453.12451171875,-82.89910125732422,-1.0,dietrich
686,QD_mix_40_phase_prec-alloc_offset-15_bin2_raw,QD_mix_40_phase_prec-alloc_offset-15_bin2_labels,1,86,86.0,460.0278015136719,-75.99579620361328,-1.0,dietrich
687,QD_mix_40_phase_prec-alloc_offset-15_bin2_raw,QD_mix_40_phase_prec-alloc_offset-15_bin2_labels,1,87,87.0,466.80859375,-69.21499633789062,-1.0,dietrich
688,QD_mix_40_phase_prec-alloc_offset-15_bin2_raw,QD_mix_40_phase_prec-alloc_offset-15_bin2_labels,1,88,88.0,473.434814453125,-62.58869934082031,-1.0,dietrich
689,QD_mix_40_phase_prec-alloc_offset-15_bin2_raw,QD_mix_40_phase_prec-alloc_offset-15_bin2_labels,1,89,89.0,479.87188720703125,-56.1515998840332,-1.0,dietrich
690,QD_mix_40_phase_prec-alloc_offset-15_bin2_raw,QD_mix_40_phase_prec-alloc_offset-15_bin2_labels,1,90,90.0,486.0823974609375,-49.941200256347656,-1.0,dietrich
691,QD_mix_40_phase_prec-alloc_offset-15_bin2_raw,QD_mix_40_phase_prec-alloc_offset-15_bin2_labels,1,91,91.0,492.0260925292969,-43.997501373291016,-1.0,dietrich
692,QD_mix_40_phase_prec-alloc_offset-15_bin2_raw,QD_mix_40_phase_prec-alloc_offset-15_bin2_labels,1,92,92.0,497.659912109375,-38.36360168457031,-1.0,dietrich
693,QD_mix_40_phase_prec-alloc_offset-15_bin2_raw,QD_mix_40_phase_prec-alloc_offset-15_bin2_labels,1,93,93.0,502.93780517578125,-33.08570098876953,-1.0,dietrich
694,QD_mix_40_phase_prec-alloc_offset-15_bin2_raw,QD_mix_40_phase_prec-alloc_offset-15_bin2_labels,1,94,94.0,507.810791015625,-28.212799072265625,-1.0,dietrich
695,QD_mix_40_phase_prec-alloc_offset-15_bin2_raw,QD_mix_40_phase_prec-alloc_offset-15_bin2_labels,1,95,95.0,512.2263793945312,-23.797100067138672,-1.0,dietrich
696,QD_mix_40_phase_prec-alloc_offset-15_bin2_raw,QD_mix_40_phase_prec-alloc_offset-15_bin2_labels,1,96,96.0,516.12939453125,-19.894100189208984,-1.0,dietrich
697,QD_mix_40_phase_prec-alloc_offset-15_bin2_raw,QD_mix_40_phase_prec-alloc_offset-15_bin2_labels,1,97,97.0,519.4611206054688,-16.562400817871094,-1.0,dietrich
698,QD_mix_40_phase_prec-alloc_offset-15_bin2_raw,QD_mix_40_phase_prec-alloc_offset-15_bin2_labels,1,98,98.0,522.159423828125,-13.8641996383667,-1.0,dietrich
699,QD_mix_40_phase_prec-alloc_offset-15_bin2_raw,QD_mix_40_phase_prec-alloc_offset-15_bin2_labels,1,100,99.0,524.1586303710938,-11.864899635314941,-1.0,dietrich
700,QD_mix_40_phase_prec-alloc_offset-15_bin2_raw,QD_mix_40_phase_prec-alloc_offset-15_bin2_labels,2,0,0.0,335.57598876953125,-166.9114990234375,-0.3343000113964081,dietrich
701,QD_mix_40_phase_prec-alloc_offset-15_bin2_raw,QD_mix_40_phase_prec-alloc_offset-15_bin2_labels,2,1,1.0,382.73480224609375,-119.75260162353516,-0.23680000007152557,dietrich
702,QD_mix_40_phase_prec-alloc_offset-15_bin2_raw,QD_mix_40_phase_prec-alloc_offset-15_bin2_labels,2,2,2.0,453.06781005859375,-49.419700622558594,-0.09679999947547913,dietrich
703,QD_mix_40_phase_prec-alloc_offset-15_bin2_raw,QD_mix_40_phase_prec-alloc_offset-15_bin2_labels,2,3,3.0,560.031005859375,57.54359817504883,0.11180000007152557,dietrich
704,QD_mix_40_phase_prec-alloc_offset-15_bin2_raw,QD_mix_40_phase_prec-alloc_offset-15_bin2_labels,2,4,4.0,729.3502197265625,226.86270141601562,0.43849998712539673,dietrich
705,QD_mix_40_phase_prec-alloc_offset-15_bin2_raw,QD_mix_40_phase_prec-alloc_offset-15_bin2_labels,2,5,5.0,920.2587280273438,417.7712097167969,0.8047999739646912,dietrich
706,QD_mix_40_phase_prec-alloc_offset-15_bin2_raw,QD_mix_40_phase_prec-alloc_offset-15_bin2_labels,2,6,6.0,1212.397705078125,709.9102783203125,1.3655999898910522,dietrich
707,QD_mix_40_phase_prec-alloc_offset-15_bin2_raw,QD_mix_40_phase_prec-alloc_offset-15_bin2_labels,2,7,7.0,1617.0908203125,1114.603271484375,2.1445000171661377,dietrich
708,QD_mix_40_phase_prec-alloc_offset-15_bin2_raw,QD_mix_40_phase_prec-alloc_offset-15_bin2_labels,2,8,8.0,2141.6669921875,1639.179443359375,3.1591999530792236,dietrich
709,QD_mix_40_phase_prec-alloc_offset-15_bin2_raw,QD_mix_40_phase_prec-alloc_offset-15_bin2_labels,2,9,9.0,2787.907958984375,2285.42041015625,4.418799877166748,dietrich
710,QD_mix_40_phase_prec-alloc_offset-15_bin2_raw,QD_mix_40_phase_prec-alloc_offset-15_bin2_labels,2,10,10.0,3620.194091796875,3117.70654296875,6.055099964141846,dietrich
711,QD_mix_40_phase_prec-alloc_offset-15_bin2_raw,QD_mix_40_phase_prec-alloc_offset-15_bin2_labels,2,11,11.0,4500.87451171875,3998.38720703125,7.810100078582764,dietrich
712,QD_mix_40_phase_prec-alloc_offset-15_bin2_raw,QD_mix_40_phase_prec-alloc_offset-15_bin2_labels,2,12,12.0,5607.828125,5105.3408203125,10.041000366210938,dietrich
713,QD_mix_40_phase_prec-alloc_offset-15_bin2_raw,QD_mix_40_phase_prec-alloc_offset-15_bin2_labels,2,13,13.0,6799.9013671875,6297.4140625,12.483699798583984,dietrich
714,QD_mix_40_phase_prec-alloc_offset-15_bin2_raw,QD_mix_40_phase_prec-alloc_offset-15_bin2_labels,2,14,14.0,8134.56982421875,7632.08251953125,15.264300346374512,dietrich
715,QD_mix_40_phase_prec-alloc_offset-15_bin2_raw,QD_mix_40_phase_prec-alloc_offset-15_bin2_labels,2,15,15.0,9468.880859375,8966.3935546875,18.10890007019043,dietrich
716,QD_mix_40_phase_prec-alloc_offset-15_bin2_raw,QD_mix_40_phase_prec-alloc_offset-15_bin2_labels,2,16,16.0,10803.4169921875,10300.9296875,21.02560043334961,dietrich
717,QD_mix_40_phase_prec-alloc_offset-15_bin2_raw,QD_mix_40_phase_prec-alloc_offset-15_bin2_labels,2,17,17.0,12062.287109375,11559.7998046875,23.864599227905273,dietrich
718,QD_mix_40_phase_prec-alloc_offset-15_bin2_raw,QD_mix_40_phase_prec-alloc_offset-15_bin2_labels,2,18,18.0,13029.19921875,12526.7119140625,26.174400329589844,dietrich
719,QD_mix_40_phase_prec-alloc_offset-15_bin2_raw,QD_mix_40_phase_prec-alloc_offset-15_bin2_labels,2,19,19.0,13731.556640625,13229.0693359375,27.99530029296875,dietrich
720,QD_mix_40_phase_prec-alloc_offset-15_bin2_raw,QD_mix_40_phase_prec-alloc_offset-15_bin2_labels,2,20,20.0,14086.43359375,13583.9453125,29.131000518798828,dietrich
721,QD_mix_40_phase_prec-alloc_offset-15_bin2_raw,QD_mix_40_phase_prec-alloc_offset-15_bin2_labels,2,21,21.0,14147.974609375,13645.48828125,29.670799255371094,dietrich
722,QD_mix_40_phase_prec-alloc_offset-15_bin2_raw,QD_mix_40_phase_prec-alloc_offset-15_bin2_labels,2,22,22.0,13791.42578125,13288.9375,29.312599182128906,dietrich
723,QD_mix_40_phase_prec-alloc_offset-15_bin2_raw,QD_mix_40_phase_prec-alloc_offset-15_bin2_labels,2,23,23.0,13165.0185546875,12662.53125,28.346799850463867,dietrich
724,QD_mix_40_phase_prec-alloc_offset-15_bin2_raw,QD_mix_40_phase_prec-alloc_offset-15_bin2_labels,2,24,24.0,12270.412109375,11767.9248046875,26.747299194335938,dietrich
725,QD_mix_40_phase_prec-alloc_offset-15_bin2_raw,QD_mix_40_phase_prec-alloc_offset-15_bin2_labels,2,25,25.0,11301.9658203125,10799.478515625,24.930999755859375,dietrich
726,QD_mix_40_phase_prec-alloc_offset-15_bin2_raw,QD_mix_40_phase_prec-alloc_offset-15_bin2_labels,2,26,26.0,10147.931640625,9645.4443359375,22.623300552368164,dietrich
727,QD_mix_40_phase_prec-alloc_offset-15_bin2_raw,QD_mix_40_phase_prec-alloc_offset-15_bin2_labels,2,27,27.0,9044.0419921875,8541.5546875,20.36090087890625,dietrich
728,QD_mix_40_phase_prec-alloc_offset-15_bin2_raw,QD_mix_40_phase_prec-alloc_offset-15_bin2_labels,2,28,28.0,8069.6376953125,7567.150390625,18.337099075317383,dietrich
729,QD_mix_40_phase_prec-alloc_offset-15_bin2_raw,QD_mix_40_phase_prec-alloc_offset-15_bin2_labels,2,29,29.0,7267.359375,6764.8720703125,16.668399810791016,dietrich
730,QD_mix_40_phase_prec-alloc_offset-15_bin2_raw,QD_mix_40_phase_prec-alloc_offset-15_bin2_labels,2,30,30.0,6557.99462890625,6055.50732421875,15.174300193786621,dietrich
731,QD_mix_40_phase_prec-alloc_offset-15_bin2_raw,QD_mix_40_phase_prec-alloc_offset-15_bin2_labels,2,31,31.0,6069.32080078125,5566.83349609375,14.189299583435059,dietrich
732,QD_mix_40_phase_prec-alloc_offset-15_bin2_raw,QD_mix_40_phase_prec-alloc_offset-15_bin2_labels,2,32,32.0,5700.56689453125,5198.07958984375,13.479000091552734,dietrich
733,QD_mix_40_phase_prec-alloc_offset-15_bin2_raw,QD_mix_40_phase_prec-alloc_offset-15_bin2_labels,2,33,33.0,5452.86962890625,4950.38232421875,13.060700416564941,dietrich
734,QD_mix_40_phase_prec-alloc_offset-15_bin2_raw,QD_mix_40_phase_prec-alloc_offset-15_bin2_labels,2,34,34.0,5274.69384765625,4772.20654296875,12.811800003051758,dietrich
735,QD_mix_40_phase_prec-alloc_offset-15_bin2_raw,QD_mix_40_phase_prec-alloc_offset-15_bin2_labels,2,35,35.0,5154.1494140625,4651.662109375,12.708499908447266,dietrich
736,QD_mix_40_phase_prec-alloc_offset-15_bin2_raw,QD_mix_40_phase_prec-alloc_offset-15_bin2_labels,2,36,36.0,5019.39794921875,4516.91064453125,12.559100151062012,dietrich
737,QD_mix_40_phase_prec-alloc_offset-15_bin2_raw,QD_mix_40_phase_prec-alloc_offset-15_bin2_labels,2,37,37.0,4859.83349609375,4357.34619140625,12.330900192260742,dietrich
738,QD_mix_40_phase_prec-alloc_offset-15_bin2_raw,QD_mix_40_phase_prec-alloc_offset-15_bin2_labels,2,38,38.0,4679.7607421875,4177.2734375,12.032099723815918,dietrich
739,QD_mix_40_phase_prec-alloc_offset-15_bin2_raw,QD_mix_40_phase_prec-alloc_offset-15_bin2_labels,2,39,39.0,4472.55810546875,3970.0703125,11.639699935913086,dietrich
740,QD_mix_40_phase_prec-alloc_offset-15_bin2_raw,QD_mix_40_phase_prec-alloc_offset-15_bin2_labels,2,40,40.0,4240.060546875,3737.57275390625,11.154500007629395,dietrich
741,QD_mix_40_phase_prec-alloc_offset-15_bin2_raw,QD_mix_40_phase_prec-alloc_offset-15_bin2_labels,2,41,41.0,3994.164794921875,3491.67724609375,10.607799530029297,dietrich
742,QD_mix_40_phase_prec-alloc_offset-15_bin2_raw,QD_mix_40_phase_prec-alloc_offset-15_bin2_labels,2,42,42.0,3753.698486328125,3251.2109375,10.055100440979004,dietrich
743,QD_mix_40_phase_prec-alloc_offset-15_bin2_raw,QD_mix_40_phase_prec-alloc_offset-15_bin2_labels,2,43,43.0,3520.81396484375,3018.326416015625,9.503299713134766,dietrich
744,QD_mix_40_phase_prec-alloc_offset-15_bin2_raw,QD_mix_40_phase_prec-alloc_offset-15_bin2_labels,2,44,44.0,3323.29052734375,2820.802978515625,9.0423002243042,dietrich
745,QD_mix_40_phase_prec-alloc_offset-15_bin2_raw,QD_mix_40_phase_prec-alloc_offset-15_bin2_labels,2,45,45.0,3131.626220703125,2629.138671875,8.581100463867188,dietrich
746,QD_mix_40_phase_prec-alloc_offset-15_bin2_raw,QD_mix_40_phase_prec-alloc_offset-15_bin2_labels,2,46,46.0,3033.20166015625,2530.714111328125,8.410699844360352,dietrich
747,QD_mix_40_phase_prec-alloc_offset-15_bin2_raw,QD_mix_40_phase_prec-alloc_offset-15_bin2_labels,2,47,47.0,2945.721923828125,2443.234375,8.269100189208984,dietrich
748,QD_mix_40_phase_prec-alloc_offset-15_bin2_raw,QD_mix_40_phase_prec-alloc_offset-15_bin2_labels,2,48,48.0,2934.0615234375,2431.573974609375,8.381699562072754,dietrich
749,QD_mix_40_phase_prec-alloc_offset-15_bin2_raw,QD_mix_40_phase_prec-alloc_offset-15_bin2_labels,2,49,49.0,2963.373779296875,2460.88623046875,8.640899658203125,dietrich
750,QD_mix_40_phase_prec-alloc_offset-15_bin2_raw,QD_mix_40_phase_prec-alloc_offset-15_bin2_labels,2,50,50.0,3054.393798828125,2551.90625,9.12909984588623,dietrich
751,QD_mix_40_phase_prec-alloc_offset-15_bin2_raw,QD_mix_40_phase_prec-alloc_offset-15_bin2_labels,2,51,51.0,3150.024658203125,2647.537109375,9.651300430297852,dietrich
752,QD_mix_40_phase_prec-alloc_offset-15_bin2_raw,QD_mix_40_phase_prec-alloc_offset-15_bin2_labels,2,52,52.0,3230.861328125,2728.373779296875,10.13759994506836,dietrich
753,QD_mix_40_phase_prec-alloc_offset-15_bin2_raw,QD_mix_40_phase_prec-alloc_offset-15_bin2_labels,2,53,53.0,3303.532470703125,2801.044921875,10.611200332641602,dietrich
754,QD_mix_40_phase_prec-alloc_offset-15_bin2_raw,QD_mix_40_phase_prec-alloc_offset-15_bin2_labels,2,54,54.0,3394.466064453125,2891.978271484375,11.173399925231934,dietrich
755,QD_mix_40_phase_prec-alloc_offset-15_bin2_raw,QD_mix_40_phase_prec-alloc_offset-15_bin2_labels,2,55,55.0,3477.30810546875,2974.8203125,11.726200103759766,dietrich
756,QD_mix_40_phase_prec-alloc_offset-15_bin2_raw,QD_mix_40_phase_prec-alloc_offset-15_bin2_labels,2,56,56.0,3462.620361328125,2960.1328125,11.90939998626709,dietrich
757,QD_mix_40_phase_prec-alloc_offset-15_bin2_raw,QD_mix_40_phase_prec-alloc_offset-15_bin2_labels,2,57,57.0,3436.669921875,2934.182373046875,12.05459976196289,dietrich
758,QD_mix_40_phase_prec-alloc_offset-15_bin2_raw,QD_mix_40_phase_prec-alloc_offset-15_bin2_labels,2,58,58.0,3319.372314453125,2816.884765625,11.82349967956543,dietrich
759,QD_mix_40_phase_prec-alloc_offset-15_bin2_raw,QD_mix_40_phase_prec-alloc_offset-15_bin2_labels,2,59,59.0,3255.2548828125,2752.767333984375,11.811599731445312,dietrich
760,QD_mix_40_phase_prec-alloc_offset-15_bin2_raw,QD_mix_40_phase_prec-alloc_offset-15_bin2_labels,2,60,60.0,3077.367919921875,2574.88037109375,11.30150032043457,dietrich
761,QD_mix_40_phase_prec-alloc_offset-15_bin2_raw,QD_mix_40_phase_prec-alloc_offset-15_bin2_labels,2,61,61.0,2854.050048828125,2351.5625,10.565400123596191,dietrich
762,QD_mix_40_phase_prec-alloc_offset-15_bin2_raw,QD_mix_40_phase_prec-alloc_offset-15_bin2_labels,2,62,62.0,2645.115478515625,2142.6279296875,9.861900329589844,dietrich
763,QD_mix_40_phase_prec-alloc_offset-15_bin2_raw,QD_mix_40_phase_prec-alloc_offset-15_bin2_labels,2,63,63.0,2403.911865234375,1901.4244384765625,8.973199844360352,dietrich
764,QD_mix_40_phase_prec-alloc_offset-15_bin2_raw,QD_mix_40_phase_prec-alloc_offset-15_bin2_labels,2,64,64.0,2133.268798828125,1630.78125,7.898200035095215,dietrich
765,QD_mix_40_phase_prec-alloc_offset-15_bin2_raw,QD_mix_40_phase_prec-alloc_offset-15_bin2_labels,2,65,65.0,1863.39404296875,1360.9066162109375,6.771200180053711,dietrich
766,QD_mix_40_phase_prec-alloc_offset-15_bin2_raw,QD_mix_40_phase_prec-alloc_offset-15_bin2_labels,2,66,66.0,1636.478515625,1133.990966796875,5.802700042724609,dietrich
767,QD_mix_40_phase_prec-alloc_offset-15_bin2_raw,QD_mix_40_phase_prec-alloc_offset-15_bin2_labels,2,67,67.0,1424.976806640625,922.4893188476562,4.860599994659424,dietrich
768,QD_mix_40_phase_prec-alloc_offset-15_bin2_raw,QD_mix_40_phase_prec-alloc_offset-15_bin2_labels,2,68,68.0,1227.81298828125,725.3253784179688,3.9402999877929688,dietrich
769,QD_mix_40_phase_prec-alloc_offset-15_bin2_raw,QD_mix_40_phase_prec-alloc_offset-15_bin2_labels,2,69,69.0,1085.9647216796875,583.4771728515625,3.272700071334839,dietrich
770,QD_mix_40_phase_prec-alloc_offset-15_bin2_raw,QD_mix_40_phase_prec-alloc_offset-15_bin2_labels,2,70,70.0,951.1840209960938,448.6964111328125,2.6024999618530273,dietrich
771,QD_mix_40_phase_prec-alloc_offset-15_bin2_raw,QD_mix_40_phase_prec-alloc_offset-15_bin2_labels,2,71,71.0,851.9379272460938,349.4504089355469,2.099400043487549,dietrich
772,QD_mix_40_phase_prec-alloc_offset-15_bin2_raw,QD_mix_40_phase_prec-alloc_offset-15_bin2_labels,2,72,72.0,782.6453247070312,280.1578063964844,1.746500015258789,dietrich
773,QD_mix_40_phase_prec-alloc_offset-15_bin2_raw,QD_mix_40_phase_prec-alloc_offset-15_bin2_labels,2,73,73.0,712.0853881835938,209.59800720214844,1.3585000038146973,dietrich
774,QD_mix_40_phase_prec-alloc_offset-15_bin2_raw,QD_mix_40_phase_prec-alloc_offset-15_bin2_labels,2,74,74.0,669.3391723632812,166.85169982910156,1.1267000436782837,dietrich
775,QD_mix_40_phase_prec-alloc_offset-15_bin2_raw,QD_mix_40_phase_prec-alloc_offset-15_bin2_labels,2,75,75.0,634.2009887695312,131.7135009765625,0.9286999702453613,dietrich
776,QD_mix_40_phase_prec-alloc_offset-15_bin2_raw,QD_mix_40_phase_prec-alloc_offset-15_bin2_labels,2,76,76.0,494.069091796875,-8.418399810791016,-0.06210000067949295,dietrich
777,QD_mix_40_phase_prec-alloc_offset-15_bin2_raw,QD_mix_40_phase_prec-alloc_offset-15_bin2_labels,2,77,77.0,373.3940124511719,-129.093505859375,-1.0,dietrich
778,QD_mix_40_phase_prec-alloc_offset-15_bin2_raw,QD_mix_40_phase_prec-alloc_offset-15_bin2_labels,2,78,78.0,379.8414001464844,-122.64610290527344,-1.0,dietrich
779,QD_mix_40_phase_prec-alloc_offset-15_bin2_raw,QD_mix_40_phase_prec-alloc_offset-15_bin2_labels,2,79,79.0,386.32989501953125,-116.15760040283203,-1.0,dietrich
780,QD_mix_40_phase_prec-alloc_offset-15_bin2_raw,QD_mix_40_phase_prec-alloc_offset-15_bin2_labels,2,80,80.0,392.847900390625,-109.63960266113281,-1.0,dietrich
781,QD_mix_40_phase_prec-alloc_offset-15_bin2_raw,QD_mix_40_phase_prec-alloc_offset-15_bin2_labels,2,81,81.0,399.38189697265625,-103.10559844970703,-1.0,dietrich
782,QD_mix_40_phase_prec-alloc_offset-15_bin2_raw,QD_mix_40_phase_prec-alloc_offset-15_bin2_labels,2,82,82.0,405.91650390625,-96.5708999633789,-1.0,dietrich
783,QD_mix_40_phase_prec-alloc_offset-15_bin2_raw,QD_mix_40_phase_prec-alloc_offset-15_bin2_labels,2,83,83.0,412.4349060058594,-90.05259704589844,-1.0,dietrich
784,QD_mix_40_phase_prec-alloc_offset-15_bin2_raw,QD_mix_40_phase_prec-alloc_offset-15_bin2_labels,2,84,84.0,418.91790771484375,-83.5696029663086,-1.0,dietrich
785,QD_mix_40_phase_prec-alloc_offset-15_bin2_raw,QD_mix_40_phase_prec-alloc_offset-15_bin2_labels,2,85,85.0,425.3446044921875,-77.14289855957031,-1.0,dietrich
786,QD_mix_40_phase_prec-alloc_offset-15_bin2_raw,QD_mix_40_phase_prec-alloc_offset-15_bin2_labels,2,86,86.0,431.6919860839844,-70.79550170898438,-1.0,dietrich
787,QD_mix_40_phase_prec-alloc_offset-15_bin2_raw,QD_mix_40_phase_prec-alloc_offset-15_bin2_labels,2,87,87.0,437.9349060058594,-64.55259704589844,-1.0,dietrich
788,QD_mix_40_phase_prec-alloc_offset-15_bin2_raw,QD_mix_40_phase_prec-alloc_offset-15_bin2_labels,2,88,88.0,444.0461120605469,-58.44139862060547,-1.0,dietrich
789,QD_mix_40_phase_prec-alloc_offset-15_bin2_raw,QD_mix_40_phase_prec-alloc_offset-15_bin2_labels,2,89,89.0,449.9960021972656,-52.49150085449219,-1.0,dietrich
790,QD_mix_40_phase_prec-alloc_offset-15_bin2_raw,QD_mix_40_phase_prec-alloc_offset-15_bin2_labels,2,90,90.0,455.752685546875,-46.734798431396484,-1.0,dietrich
791,QD_mix_40_phase_prec-alloc_offset-15_bin2_raw,QD_mix_40_phase_prec-alloc_offset-15_bin2_labels,2,91,91.0,461.2820129394531,-41.205501556396484,-1.0,dietrich
792,QD_mix_40_phase_prec-alloc_offset-15_bin2_raw,QD_mix_40_phase_prec-alloc_offset-15_bin2_labels,2,92,92.0,466.5469970703125,-35.94049835205078,-1.0,dietrich
793,QD_mix_40_phase_prec-alloc_offset-15_bin2_raw,QD_mix_40_phase_prec-alloc_offset-15_bin2_labels,2,93,93.0,471.50860595703125,-30.978900909423828,-1.0,dietrich
794,QD_mix_40_phase_prec-alloc_offset-15_bin2_raw,QD_mix_40_phase_prec-alloc_offset-15_bin2_labels,2,94,94.0,476.125,-26.362600326538086,-1.0,dietrich
795,QD_mix_40_phase_prec-alloc_offset-15_bin2_raw,QD_mix_40_phase_prec-alloc_offset-15_bin2_labels,2,95,95.0,480.3514099121094,-22.13610076904297,-1.0,dietrich
796,QD_mix_40_phase_prec-alloc_offset-15_bin2_raw,QD_mix_40_phase_prec-alloc_offset-15_bin2_labels,2,96,96.0,484.14080810546875,-18.34670066833496,-1.0,dietrich
797,QD_mix_40_phase_prec-alloc_offset-15_bin2_raw,QD_mix_40_phase_prec-alloc_offset-15_bin2_labels,2,97,97.0,487.443115234375,-15.044400215148926,-1.0,dietrich
798,QD_mix_40_phase_prec-alloc_offset-15_bin2_raw,QD_mix_40_phase_prec-alloc_offset-15_bin2_labels,2,98,98.0,490.2054138183594,-12.282099723815918,-1.0,dietrich
799,QD_mix_40_phase_prec-alloc_offset-15_bin2_raw,QD_mix_40_phase_prec-alloc_offset-15_bin2_labels,2,100,99.0,492.3716125488281,-10.115799903869629,-1.0,dietrich
800,QD_mix_40_phase_prec-alloc_offset-15_bin2_raw,QD_mix_40_phase_prec-alloc_offset-15_bin2_labels,3,0,0.0,367.7680969238281,-114.63200378417969,-0.23839999735355377,dietrich
801,QD_mix_40_phase_prec-alloc_offset-15_bin2_raw,QD_mix_40_phase_prec-alloc_offset-15_bin2_labels,3,1,1.0,383.18890380859375,-99.21119689941406,-0.20499999821186066,dietrich
802,QD_mix_40_phase_prec-alloc_offset-15_bin2_raw,QD_mix_40_phase_prec-alloc_offset-15_bin2_labels,3,2,2.0,454.4834899902344,-27.91659927368164,-0.05739999935030937,dietrich
803,QD_mix_40_phase_prec-alloc_offset-15_bin2_raw,QD_mix_40_phase_prec-alloc_offset-15_bin2_labels,3,3,3.0,533.0493774414062,50.64929962158203,0.10400000214576721,dietrich
804,QD_mix_40_phase_prec-alloc_offset-15_bin2_raw,QD_mix_40_phase_prec-alloc_offset-15_bin2_labels,3,4,4.0,631.97900390625,149.57879638671875,0.3066999912261963,dietrich
805,QD_mix_40_phase_prec-alloc_offset-15_bin2_raw,QD_mix_40_phase_prec-alloc_offset-15_bin2_labels,3,5,5.0,796.2677001953125,313.86749267578125,0.6438000202178955,dietrich
806,QD_mix_40_phase_prec-alloc_offset-15_bin2_raw,QD_mix_40_phase_prec-alloc_offset-15_bin2_labels,3,6,6.0,1006.114990234375,523.7147827148438,1.0760999917984009,dietrich
807,QD_mix_40_phase_prec-alloc_offset-15_bin2_raw,QD_mix_40_phase_prec-alloc_offset-15_bin2_labels,3,7,7.0,1346.5439453125,864.1436767578125,1.781000018119812,dietrich
808,QD_mix_40_phase_prec-alloc_offset-15_bin2_raw,QD_mix_40_phase_prec-alloc_offset-15_bin2_labels,3,8,8.0,1782.19775390625,1299.797607421875,2.6900999546051025,dietrich
809,QD_mix_40_phase_prec-alloc_offset-15_bin2_raw,QD_mix_40_phase_prec-alloc_offset-15_bin2_labels,3,9,9.0,2345.37841796875,1862.9781494140625,3.8759000301361084,dietrich
810,QD_mix_40_phase_prec-alloc_offset-15_bin2_raw,QD_mix_40_phase_prec-alloc_offset-15_bin2_labels,3,10,10.0,3067.362060546875,2584.9619140625,5.411600112915039,dietrich
811,QD_mix_40_phase_prec-alloc_offset-15_bin2_raw,QD_mix_40_phase_prec-alloc_offset-15_bin2_labels,3,11,11.0,4022.415283203125,3540.014892578125,7.464300155639648,dietrich
812,QD_mix_40_phase_prec-alloc_offset-15_bin2_raw,QD_mix_40_phase_prec-alloc_offset-15_bin2_labels,3,12,12.0,5158.9326171875,4676.5322265625,9.940199851989746,dietrich
813,QD_mix_40_phase_prec-alloc_offset-15_bin2_raw,QD_mix_40_phase_prec-alloc_offset-15_bin2_labels,3,13,13.0,6565.0078125,6082.607421875,13.043700218200684,dietrich
814,QD_mix_40_phase_prec-alloc_offset-15_bin2_raw,QD_mix_40_phase_prec-alloc_offset-15_bin2_labels,3,14,14.0,8244.115234375,7761.71533203125,16.804899215698242,dietrich
815,QD_mix_40_phase_prec-alloc_offset-15_bin2_raw,QD_mix_40_phase_prec-alloc_offset-15_bin2_labels,3,15,15.0,10152.326171875,9669.92578125,21.152999877929688,dietrich
816,QD_mix_40_phase_prec-alloc_offset-15_bin2_raw,QD_mix_40_phase_prec-alloc_offset-15_bin2_labels,3,16,16.0,12218.2197265625,11735.8193359375,25.954700469970703,dietrich
817,QD_mix_40_phase_prec-alloc_offset-15_bin2_raw,QD_mix_40_phase_prec-alloc_offset-15_bin2_labels,3,17,17.0,14390.10546875,13907.7060546875,31.115400314331055,dietrich
818,QD_mix_40_phase_prec-alloc_offset-15_bin2_raw,QD_mix_40_phase_prec-alloc_offset-15_bin2_labels,3,18,18.0,16619.1015625,16136.701171875,36.54209899902344,dietrich
819,QD_mix_40_phase_prec-alloc_offset-15_bin2_raw,QD_mix_40_phase_prec-alloc_offset-15_bin2_labels,3,19,19.0,18880.900390625,18398.5,42.193599700927734,dietrich
820,QD_mix_40_phase_prec-alloc_offset-15_bin2_raw,QD_mix_40_phase_prec-alloc_offset-15_bin2_labels,3,20,20.0,20774.357421875,20291.95703125,47.15010070800781,dietrich
821,QD_mix_40_phase_prec-alloc_offset-15_bin2_raw,QD_mix_40_phase_prec-alloc_offset-15_bin2_labels,3,21,21.0,22312.974609375,21830.57421875,51.417598724365234,dietrich
822,QD_mix_40_phase_prec-alloc_offset-15_bin2_raw,QD_mix_40_phase_prec-alloc_offset-15_bin2_labels,3,22,22.0,23329.95703125,22847.556640625,54.569698333740234,dietrich
823,QD_mix_40_phase_prec-alloc_offset-15_bin2_raw,QD_mix_40_phase_prec-alloc_offset-15_bin2_labels,3,23,23.0,23781.43359375,23299.033203125,56.451900482177734,dietrich
824,QD_mix_40_phase_prec-alloc_offset-15_bin2_raw,QD_mix_40_phase_prec-alloc_offset-15_bin2_labels,3,24,24.0,23621.640625,23139.240234375,56.89440155029297,dietrich
825,QD_mix_40_phase_prec-alloc_offset-15_bin2_raw,QD_mix_40_phase_prec-alloc_offset-15_bin2_labels,3,25,25.0,22683.6875,22201.287109375,55.41360092163086,dietrich
826,QD_mix_40_phase_prec-alloc_offset-15_bin2_raw,QD_mix_40_phase_prec-alloc_offset-15_bin2_labels,3,26,26.0,21318.48046875,20836.080078125,52.807701110839844,dietrich
827,QD_mix_40_phase_prec-alloc_offset-15_bin2_raw,QD_mix_40_phase_prec-alloc_offset-15_bin2_labels,3,27,27.0,19624.66015625,19142.259765625,49.275699615478516,dietrich
828,QD_mix_40_phase_prec-alloc_offset-15_bin2_raw,QD_mix_40_phase_prec-alloc_offset-15_bin2_labels,3,28,28.0,17702.646484375,17220.24609375,45.03409957885742,dietrich
829,QD_mix_40_phase_prec-alloc_offset-15_bin2_raw,QD_mix_40_phase_prec-alloc_offset-15_bin2_labels,3,29,29.0,15696.185546875,15213.78515625,40.42940139770508,dietrich
830,QD_mix_40_phase_prec-alloc_offset-15_bin2_raw,QD_mix_40_phase_prec-alloc_offset-15_bin2_labels,3,30,30.0,13704.015625,13221.615234375,35.70989990234375,dietrich
831,QD_mix_40_phase_prec-alloc_offset-15_bin2_raw,QD_mix_40_phase_prec-alloc_offset-15_bin2_labels,3,31,31.0,11893.28125,11410.880859375,31.328899383544922,dietrich
832,QD_mix_40_phase_prec-alloc_offset-15_bin2_raw,QD_mix_40_phase_prec-alloc_offset-15_bin2_labels,3,32,32.0,10361.5458984375,9879.1455078125,27.576499938964844,dietrich
833,QD_mix_40_phase_prec-alloc_offset-15_bin2_raw,QD_mix_40_phase_prec-alloc_offset-15_bin2_labels,3,33,33.0,9243.369140625,8760.96875,24.867399215698242,dietrich
834,QD_mix_40_phase_prec-alloc_offset-15_bin2_raw,QD_mix_40_phase_prec-alloc_offset-15_bin2_labels,3,34,34.0,8335.263671875,7852.86328125,22.668500900268555,dietrich
835,QD_mix_40_phase_prec-alloc_offset-15_bin2_raw,QD_mix_40_phase_prec-alloc_offset-15_bin2_labels,3,35,35.0,7645.83984375,7163.43896484375,21.032400131225586,dietrich
836,QD_mix_40_phase_prec-alloc_offset-15_bin2_raw,QD_mix_40_phase_prec-alloc_offset-15_bin2_labels,3,36,36.0,7130.2001953125,6647.80029296875,19.854799270629883,dietrich
837,QD_mix_40_phase_prec-alloc_offset-15_bin2_raw,QD_mix_40_phase_prec-alloc_offset-15_bin2_labels,3,37,37.0,6785.22900390625,6302.82861328125,19.151100158691406,dietrich
838,QD_mix_40_phase_prec-alloc_offset-15_bin2_raw,QD_mix_40_phase_prec-alloc_offset-15_bin2_labels,3,38,38.0,6502.5654296875,6020.16552734375,18.611499786376953,dietrich
839,QD_mix_40_phase_prec-alloc_offset-15_bin2_raw,QD_mix_40_phase_prec-alloc_offset-15_bin2_labels,3,39,39.0,6213.1220703125,5730.7216796875,18.027799606323242,dietrich
840,QD_mix_40_phase_prec-alloc_offset-15_bin2_raw,QD_mix_40_phase_prec-alloc_offset-15_bin2_labels,3,40,40.0,5912.802734375,5430.40234375,17.384899139404297,dietrich
841,QD_mix_40_phase_prec-alloc_offset-15_bin2_raw,QD_mix_40_phase_prec-alloc_offset-15_bin2_labels,3,41,41.0,5676.4990234375,5194.09912109375,16.923900604248047,dietrich
842,QD_mix_40_phase_prec-alloc_offset-15_bin2_raw,QD_mix_40_phase_prec-alloc_offset-15_bin2_labels,3,42,42.0,5406.0439453125,4923.64404296875,16.329500198364258,dietrich
843,QD_mix_40_phase_prec-alloc_offset-15_bin2_raw,QD_mix_40_phase_prec-alloc_offset-15_bin2_labels,3,43,43.0,5077.2822265625,4594.8818359375,15.513500213623047,dietrich
844,QD_mix_40_phase_prec-alloc_offset-15_bin2_raw,QD_mix_40_phase_prec-alloc_offset-15_bin2_labels,3,44,44.0,4806.1318359375,4323.7314453125,14.862700462341309,dietrich
845,QD_mix_40_phase_prec-alloc_offset-15_bin2_raw,QD_mix_40_phase_prec-alloc_offset-15_bin2_labels,3,45,45.0,4492.04248046875,4009.642333984375,14.034799575805664,dietrich
846,QD_mix_40_phase_prec-alloc_offset-15_bin2_raw,QD_mix_40_phase_prec-alloc_offset-15_bin2_labels,3,46,46.0,4313.1904296875,3830.790283203125,13.655799865722656,dietrich
847,QD_mix_40_phase_prec-alloc_offset-15_bin2_raw,QD_mix_40_phase_prec-alloc_offset-15_bin2_labels,3,47,47.0,4125.283203125,3642.88330078125,13.227399826049805,dietrich
848,QD_mix_40_phase_prec-alloc_offset-15_bin2_raw,QD_mix_40_phase_prec-alloc_offset-15_bin2_labels,3,48,48.0,3994.9375,3512.537109375,12.993599891662598,dietrich
849,QD_mix_40_phase_prec-alloc_offset-15_bin2_raw,QD_mix_40_phase_prec-alloc_offset-15_bin2_labels,3,49,49.0,3921.375244140625,3438.974853515625,12.96310043334961,dietrich
850,QD_mix_40_phase_prec-alloc_offset-15_bin2_raw,QD_mix_40_phase_prec-alloc_offset-15_bin2_labels,3,50,50.0,3950.656005859375,3468.256103515625,13.324999809265137,dietrich
851,QD_mix_40_phase_prec-alloc_offset-15_bin2_raw,QD_mix_40_phase_prec-alloc_offset-15_bin2_labels,3,51,51.0,3962.930908203125,3480.53076171875,13.632800102233887,dietrich
852,QD_mix_40_phase_prec-alloc_offset-15_bin2_raw,QD_mix_40_phase_prec-alloc_offset-15_bin2_labels,3,52,52.0,4118.892578125,3636.492919921875,14.525699615478516,dietrich
853,QD_mix_40_phase_prec-alloc_offset-15_bin2_raw,QD_mix_40_phase_prec-alloc_offset-15_bin2_labels,3,53,53.0,4261.970703125,3779.5703125,15.401000022888184,dietrich
854,QD_mix_40_phase_prec-alloc_offset-15_bin2_raw,QD_mix_40_phase_prec-alloc_offset-15_bin2_labels,3,54,54.0,4458.28271484375,3975.88232421875,16.532800674438477,dietrich
855,QD_mix_40_phase_prec-alloc_offset-15_bin2_raw,QD_mix_40_phase_prec-alloc_offset-15_bin2_labels,3,55,55.0,4667.3994140625,4184.9990234375,17.766000747680664,dietrich
856,QD_mix_40_phase_prec-alloc_offset-15_bin2_raw,QD_mix_40_phase_prec-alloc_offset-15_bin2_labels,3,56,56.0,4763.5224609375,4281.12255859375,18.561899185180664,dietrich
857,QD_mix_40_phase_prec-alloc_offset-15_bin2_raw,QD_mix_40_phase_prec-alloc_offset-15_bin2_labels,3,57,57.0,4848.7373046875,4366.33740234375,19.34469985961914,dietrich
858,QD_mix_40_phase_prec-alloc_offset-15_bin2_raw,QD_mix_40_phase_prec-alloc_offset-15_bin2_labels,3,58,58.0,4985.818359375,4503.41845703125,20.398500442504883,dietrich
859,QD_mix_40_phase_prec-alloc_offset-15_bin2_raw,QD_mix_40_phase_prec-alloc_offset-15_bin2_labels,3,59,59.0,4948.1240234375,4465.72412109375,20.69230079650879,dietrich
860,QD_mix_40_phase_prec-alloc_offset-15_bin2_raw,QD_mix_40_phase_prec-alloc_offset-15_bin2_labels,3,60,60.0,4849.9482421875,4367.54833984375,20.71540069580078,dietrich
861,QD_mix_40_phase_prec-alloc_offset-15_bin2_raw,QD_mix_40_phase_prec-alloc_offset-15_bin2_labels,3,61,61.0,4719.3310546875,4236.9306640625,20.584800720214844,dietrich
862,QD_mix_40_phase_prec-alloc_offset-15_bin2_raw,QD_mix_40_phase_prec-alloc_offset-15_bin2_labels,3,62,62.0,4493.75390625,4011.353515625,19.978099822998047,dietrich
863,QD_mix_40_phase_prec-alloc_offset-15_bin2_raw,QD_mix_40_phase_prec-alloc_offset-15_bin2_labels,3,63,63.0,4247.080078125,3764.6796875,19.236000061035156,dietrich
864,QD_mix_40_phase_prec-alloc_offset-15_bin2_raw,QD_mix_40_phase_prec-alloc_offset-15_bin2_labels,3,64,64.0,3915.37353515625,3432.97314453125,18.012300491333008,dietrich
865,QD_mix_40_phase_prec-alloc_offset-15_bin2_raw,QD_mix_40_phase_prec-alloc_offset-15_bin2_labels,3,65,65.0,3631.94970703125,3149.54931640625,16.98539924621582,dietrich
866,QD_mix_40_phase_prec-alloc_offset-15_bin2_raw,QD_mix_40_phase_prec-alloc_offset-15_bin2_labels,3,66,66.0,3251.889892578125,2769.48974609375,15.367799758911133,dietrich
867,QD_mix_40_phase_prec-alloc_offset-15_bin2_raw,QD_mix_40_phase_prec-alloc_offset-15_bin2_labels,3,67,67.0,2857.131103515625,2374.73095703125,13.573800086975098,dietrich
868,QD_mix_40_phase_prec-alloc_offset-15_bin2_raw,QD_mix_40_phase_prec-alloc_offset-15_bin2_labels,3,68,68.0,2508.114501953125,2025.71435546875,11.941800117492676,dietrich
869,QD_mix_40_phase_prec-alloc_offset-15_bin2_raw,QD_mix_40_phase_prec-alloc_offset-15_bin2_labels,3,69,69.0,2183.282958984375,1700.8828125,10.354900360107422,dietrich
870,QD_mix_40_phase_prec-alloc_offset-15_bin2_raw,QD_mix_40_phase_prec-alloc_offset-15_bin2_labels,3,70,70.0,1891.77978515625,1409.379638671875,8.873499870300293,dietrich
871,QD_mix_40_phase_prec-alloc_offset-15_bin2_raw,QD_mix_40_phase_prec-alloc_offset-15_bin2_labels,3,71,71.0,1622.079345703125,1139.67919921875,7.43209981918335,dietrich
872,QD_mix_40_phase_prec-alloc_offset-15_bin2_raw,QD_mix_40_phase_prec-alloc_offset-15_bin2_labels,3,72,72.0,1383.884765625,901.484619140625,6.0991997718811035,dietrich
873,QD_mix_40_phase_prec-alloc_offset-15_bin2_raw,QD_mix_40_phase_prec-alloc_offset-15_bin2_labels,3,73,73.0,1214.28369140625,731.8836059570312,5.146599769592285,dietrich
874,QD_mix_40_phase_prec-alloc_offset-15_bin2_raw,QD_mix_40_phase_prec-alloc_offset-15_bin2_labels,3,74,74.0,1070.3133544921875,587.9132080078125,4.305300235748291,dietrich
875,QD_mix_40_phase_prec-alloc_offset-15_bin2_raw,QD_mix_40_phase_prec-alloc_offset-15_bin2_labels,3,75,75.0,941.223876953125,458.82379150390625,3.5062999725341797,dietrich
876,QD_mix_40_phase_prec-alloc_offset-15_bin2_raw,QD_mix_40_phase_prec-alloc_offset-15_bin2_labels,3,76,76.0,649.131591796875,166.73150634765625,1.3327000141143799,dietrich
877,QD_mix_40_phase_prec-alloc_offset-15_bin2_raw,QD_mix_40_phase_prec-alloc_offset-15_bin2_labels,3,77,77.0,363.07489013671875,-119.32530212402344,-1.0,dietrich
878,QD_mix_40_phase_prec-alloc_offset-15_bin2_raw,QD_mix_40_phase_prec-alloc_offset-15_bin2_labels,3,78,78.0,368.8966979980469,-113.50340270996094,-1.0,dietrich
879,QD_mix_40_phase_prec-alloc_offset-15_bin2_raw,QD_mix_40_phase_prec-alloc_offset-15_bin2_labels,3,79,79.0,374.7467956542969,-107.6532974243164,-1.0,dietrich
880,QD_mix_40_phase_prec-alloc_offset-15_bin2_raw,QD_mix_40_phase_prec-alloc_offset-15_bin2_labels,3,80,80.0,380.6171875,-101.78289794921875,-1.0,dietrich
881,QD_mix_40_phase_prec-alloc_offset-15_bin2_raw,QD_mix_40_phase_prec-alloc_offset-15_bin2_labels,3,81,81.0,386.4985046386719,-95.90160369873047,-1.0,dietrich
882,QD_mix_40_phase_prec-alloc_offset-15_bin2_raw,QD_mix_40_phase_prec-alloc_offset-15_bin2_labels,3,82,82.0,392.3804016113281,-90.0197982788086,-1.0,dietrich
883,QD_mix_40_phase_prec-alloc_offset-15_bin2_raw,QD_mix_40_phase_prec-alloc_offset-15_bin2_labels,3,83,83.0,398.2510070800781,-84.14920043945312,-1.0,dietrich
884,QD_mix_40_phase_prec-alloc_offset-15_bin2_raw,QD_mix_40_phase_prec-alloc_offset-15_bin2_labels,3,84,84.0,404.0972900390625,-78.30290222167969,-1.0,dietrich
885,QD_mix_40_phase_prec-alloc_offset-15_bin2_raw,QD_mix_40_phase_prec-alloc_offset-15_bin2_labels,3,85,85.0,409.9049987792969,-72.49520111083984,-1.0,dietrich
886,QD_mix_40_phase_prec-alloc_offset-15_bin2_raw,QD_mix_40_phase_prec-alloc_offset-15_bin2_labels,3,86,86.0,415.658203125,-66.74199676513672,-1.0,dietrich
887,QD_mix_40_phase_prec-alloc_offset-15_bin2_raw,QD_mix_40_phase_prec-alloc_offset-15_bin2_labels,3,87,87.0,421.339599609375,-61.06060028076172,-1.0,dietrich
888,QD_mix_40_phase_prec-alloc_offset-15_bin2_raw,QD_mix_40_phase_prec-alloc_offset-15_bin2_labels,3,88,88.0,426.93060302734375,-55.469600677490234,-1.0,dietrich
889,QD_mix_40_phase_prec-alloc_offset-15_bin2_raw,QD_mix_40_phase_prec-alloc_offset-15_bin2_labels,3,89,89.0,432.4107971191406,-49.98939895629883,-1.0,dietrich
890,QD_mix_40_phase_prec-alloc_offset-15_bin2_raw,QD_mix_40_phase_prec-alloc_offset-15_bin2_labels,3,90,90.0,437.75830078125,-44.64189910888672,-1.0,dietrich
891,QD_mix_40_phase_prec-alloc_offset-15_bin2_raw,QD_mix_40_phase_prec-alloc_offset-15_bin2_labels,3,91,91.0,442.9495849609375,-39.450599670410156,-1.0,dietrich
892,QD_mix_40_phase_prec-alloc_offset-15_bin2_raw,QD_mix_40_phase_prec-alloc_offset-15_bin2_labels,3,92,92.0,447.95941162109375,-34.44070053100586,-1.0,dietrich
893,QD_mix_40_phase_prec-alloc_offset-15_bin2_raw,QD_mix_40_phase_prec-alloc_offset-15_bin2_labels,3,93,93.0,452.760986328125,-29.63920021057129,-1.0,dietrich
894,QD_mix_40_phase_prec-alloc_offset-15_bin2_raw,QD_mix_40_phase_prec-alloc_offset-15_bin2_labels,3,94,94.0,457.3251953125,-25.074899673461914,-1.0,dietrich
895,QD_mix_40_phase_prec-alloc_offset-15_bin2_raw,QD_mix_40_phase_prec-alloc_offset-15_bin2_labels,3,95,95.0,461.6217956542969,-20.77829933166504,-1.0,dietrich
896,QD_mix_40_phase_prec-alloc_offset-15_bin2_raw,QD_mix_40_phase_prec-alloc_offset-15_bin2_labels,3,96,96.0,465.6181945800781,-16.78190040588379,-1.0,dietrich
897,QD_mix_40_phase_prec-alloc_offset-15_bin2_raw,QD_mix_40_phase_prec-alloc_offset-15_bin2_labels,3,97,97.0,469.28009033203125,-13.119999885559082,-1.0,dietrich
898,QD_mix_40_phase_prec-alloc_offset-15_bin2_raw,QD_mix_40_phase_prec-alloc_offset-15_bin2_labels,3,98,98.0,472.57110595703125,-9.829099655151367,-1.0,dietrich
899,QD_mix_40_phase_prec-alloc_offset-15_bin2_raw,QD_mix_40_phase_prec-alloc_offset-15_bin2_labels,3,100,99.0,475.4527893066406,-6.947400093078613,-1.0,dietrich
900,QD_mix_40_phase_prec-alloc_offset-15_bin2_raw,QD_mix_40_phase_prec-alloc_offset-15_bin2_labels,4,0,0.0,200.67379760742188,-45.54290008544922,-0.18520000576972961,dietrich
901,QD_mix_40_phase_prec-alloc_offset-15_bin2_raw,QD_mix_40_phase_prec-alloc_offset-15_bin2_labels,4,1,1.0,209.7216033935547,-36.495201110839844,-0.14800000190734863,dietrich
902,QD_mix_40_phase_prec-alloc_offset-15_bin2_raw,QD_mix_40_phase_prec-alloc_offset-15_bin2_labels,4,2,2.0,232.97889709472656,-13.237899780273438,-0.053599998354911804,dietrich
903,QD_mix_40_phase_prec-alloc_offset-15_bin2_raw,QD_mix_40_phase_prec-alloc_offset-15_bin2_labels,4,3,3.0,267.59100341796875,21.374300003051758,0.08659999817609787,dietrich
904,QD_mix_40_phase_prec-alloc_offset-15_bin2_raw,QD_mix_40_phase_prec-alloc_offset-15_bin2_labels,4,4,4.0,318.8760986328125,72.6593017578125,0.29490000009536743,dietrich
905,QD_mix_40_phase_prec-alloc_offset-15_bin2_raw,QD_mix_40_phase_prec-alloc_offset-15_bin2_labels,4,5,5.0,363.96600341796875,117.74919891357422,0.47909998893737793,dietrich
906,QD_mix_40_phase_prec-alloc_offset-15_bin2_raw,QD_mix_40_phase_prec-alloc_offset-15_bin2_labels,4,6,6.0,444.3487854003906,198.1320037841797,0.8091999888420105,dietrich
907,QD_mix_40_phase_prec-alloc_offset-15_bin2_raw,QD_mix_40_phase_prec-alloc_offset-15_bin2_labels,4,7,7.0,564.1076049804688,317.89080810546875,1.3042999505996704,dietrich
908,QD_mix_40_phase_prec-alloc_offset-15_bin2_raw,QD_mix_40_phase_prec-alloc_offset-15_bin2_labels,4,8,8.0,727.2576293945312,481.0408020019531,1.9846999645233154,dietrich
909,QD_mix_40_phase_prec-alloc_offset-15_bin2_raw,QD_mix_40_phase_prec-alloc_offset-15_bin2_labels,4,9,9.0,943.7825927734375,697.5657958984375,2.896699905395508,dietrich
910,QD_mix_40_phase_prec-alloc_offset-15_bin2_raw,QD_mix_40_phase_prec-alloc_offset-15_bin2_labels,4,10,10.0,1258.21533203125,1011.9984741210938,4.232900142669678,dietrich
911,QD_mix_40_phase_prec-alloc_offset-15_bin2_raw,QD_mix_40_phase_prec-alloc_offset-15_bin2_labels,4,11,11.0,1647.1390380859375,1400.9222412109375,5.906899929046631,dietrich
912,QD_mix_40_phase_prec-alloc_offset-15_bin2_raw,QD_mix_40_phase_prec-alloc_offset-15_bin2_labels,4,12,12.0,2115.8447265625,1869.6280517578125,7.952300071716309,dietrich
913,QD_mix_40_phase_prec-alloc_offset-15_bin2_raw,QD_mix_40_phase_prec-alloc_offset-15_bin2_labels,4,13,13.0,2707.790283203125,2461.573486328125,10.569000244140625,dietrich
914,QD_mix_40_phase_prec-alloc_offset-15_bin2_raw,QD_mix_40_phase_prec-alloc_offset-15_bin2_labels,4,14,14.0,3402.537109375,3156.320556640625,13.688400268554688,dietrich
915,QD_mix_40_phase_prec-alloc_offset-15_bin2_raw,QD_mix_40_phase_prec-alloc_offset-15_bin2_labels,4,15,15.0,4200.0380859375,3953.821533203125,17.32990074157715,dietrich
916,QD_mix_40_phase_prec-alloc_offset-15_bin2_raw,QD_mix_40_phase_prec-alloc_offset-15_bin2_labels,4,16,16.0,5117.4462890625,4871.2294921875,21.590499877929688,dietrich
917,QD_mix_40_phase_prec-alloc_offset-15_bin2_raw,QD_mix_40_phase_prec-alloc_offset-15_bin2_labels,4,17,17.0,6107.7724609375,5861.5556640625,26.284799575805664,dietrich
918,QD_mix_40_phase_prec-alloc_offset-15_bin2_raw,QD_mix_40_phase_prec-alloc_offset-15_bin2_labels,4,18,18.0,7136.7294921875,6890.5126953125,31.276399612426758,dietrich
919,QD_mix_40_phase_prec-alloc_offset-15_bin2_raw,QD_mix_40_phase_prec-alloc_offset-15_bin2_labels,4,19,19.0,8196.478515625,7950.26220703125,36.543800354003906,dietrich
920,QD_mix_40_phase_prec-alloc_offset-15_bin2_raw,QD_mix_40_phase_prec-alloc_offset-15_bin2_labels,4,20,20.0,9174.5673828125,8928.3505859375,41.57680130004883,dietrich
921,QD_mix_40_phase_prec-alloc_offset-15_bin2_raw,QD_mix_40_phase_prec-alloc_offset-15_bin2_labels,4,21,21.0,10091.2001953125,9844.9833984375,46.46329879760742,dietrich
922,QD_mix_40_phase_prec-alloc_offset-15_bin2_raw,QD_mix_40_phase_prec-alloc_offset-15_bin2_labels,4,22,22.0,10786.6328125,10540.416015625,50.433998107910156,dietrich
923,QD_mix_40_phase_prec-alloc_offset-15_bin2_raw,QD_mix_40_phase_prec-alloc_offset-15_bin2_labels,4,23,23.0,11254.869140625,11008.65234375,53.421600341796875,dietrich
924,QD_mix_40_phase_prec-alloc_offset-15_bin2_raw,QD_mix_40_phase_prec-alloc_offset-15_bin2_labels,4,24,24.0,11542.8349609375,11296.6181640625,55.613800048828125,dietrich
925,QD_mix_40_phase_prec-alloc_offset-15_bin2_raw,QD_mix_40_phase_prec-alloc_offset-15_bin2_labels,4,25,25.0,11404.46875,11158.251953125,55.74509811401367,dietrich
926,QD_mix_40_phase_prec-alloc_offset-15_bin2_raw,QD_mix_40_phase_prec-alloc_offset-15_bin2_labels,4,26,26.0,11073.3232421875,10827.1064453125,54.90549850463867,dietrich
927,QD_mix_40_phase_prec-alloc_offset-15_bin2_raw,QD_mix_40_phase_prec-alloc_offset-15_bin2_labels,4,27,27.0,10477.5927734375,10231.3759765625,52.679100036621094,dietrich
928,QD_mix_40_phase_prec-alloc_offset-15_bin2_raw,QD_mix_40_phase_prec-alloc_offset-15_bin2_labels,4,28,28.0,9769.357421875,9523.140625,49.794898986816406,dietrich
929,QD_mix_40_phase_prec-alloc_offset-15_bin2_raw,QD_mix_40_phase_prec-alloc_offset-15_bin2_labels,4,29,29.0,8964.3095703125,8718.0927734375,46.30419921875,dietrich
930,QD_mix_40_phase_prec-alloc_offset-15_bin2_raw,QD_mix_40_phase_prec-alloc_offset-15_bin2_labels,4,30,30.0,8174.5478515625,7928.3310546875,42.781898498535156,dietrich
931,QD_mix_40_phase_prec-alloc_offset-15_bin2_raw,QD_mix_40_phase_prec-alloc_offset-15_bin2_labels,4,31,31.0,7412.1376953125,7165.9208984375,39.292701721191406,dietrich
932,QD_mix_40_phase_prec-alloc_offset-15_bin2_raw,QD_mix_40_phase_prec-alloc_offset-15_bin2_labels,4,32,32.0,6714.37353515625,6468.15673828125,36.0458984375,dietrich
933,QD_mix_40_phase_prec-alloc_offset-15_bin2_raw,QD_mix_40_phase_prec-alloc_offset-15_bin2_labels,4,33,33.0,6117.30908203125,5871.09228515625,33.25849914550781,dietrich
934,QD_mix_40_phase_prec-alloc_offset-15_bin2_raw,QD_mix_40_phase_prec-alloc_offset-15_bin2_labels,4,34,34.0,5657.2216796875,5411.0048828125,31.162799835205078,dietrich
935,QD_mix_40_phase_prec-alloc_offset-15_bin2_raw,QD_mix_40_phase_prec-alloc_offset-15_bin2_labels,4,35,35.0,5362.4912109375,5116.2744140625,29.960599899291992,dietrich
936,QD_mix_40_phase_prec-alloc_offset-15_bin2_raw,QD_mix_40_phase_prec-alloc_offset-15_bin2_labels,4,36,36.0,5147.47412109375,4901.25732421875,29.188100814819336,dietrich
937,QD_mix_40_phase_prec-alloc_offset-15_bin2_raw,QD_mix_40_phase_prec-alloc_offset-15_bin2_labels,4,37,37.0,5016.099609375,4769.8828125,28.891300201416016,dietrich
938,QD_mix_40_phase_prec-alloc_offset-15_bin2_raw,QD_mix_40_phase_prec-alloc_offset-15_bin2_labels,4,38,38.0,4895.9775390625,4649.7607421875,28.649200439453125,dietrich
939,QD_mix_40_phase_prec-alloc_offset-15_bin2_raw,QD_mix_40_phase_prec-alloc_offset-15_bin2_labels,4,39,39.0,4749.01904296875,4502.80224609375,28.22570037841797,dietrich
940,QD_mix_40_phase_prec-alloc_offset-15_bin2_raw,QD_mix_40_phase_prec-alloc_offset-15_bin2_labels,4,40,40.0,4623.20361328125,4376.98681640625,27.917600631713867,dietrich
941,QD_mix_40_phase_prec-alloc_offset-15_bin2_raw,QD_mix_40_phase_prec-alloc_offset-15_bin2_labels,4,41,41.0,4471.39111328125,4225.17431640625,27.42530059814453,dietrich
942,QD_mix_40_phase_prec-alloc_offset-15_bin2_raw,QD_mix_40_phase_prec-alloc_offset-15_bin2_labels,4,42,42.0,4315.71484375,4069.498046875,26.885299682617188,dietrich
943,QD_mix_40_phase_prec-alloc_offset-15_bin2_raw,QD_mix_40_phase_prec-alloc_offset-15_bin2_labels,4,43,43.0,4061.47412109375,3815.257080078125,25.658599853515625,dietrich
944,QD_mix_40_phase_prec-alloc_offset-15_bin2_raw,QD_mix_40_phase_prec-alloc_offset-15_bin2_labels,4,44,44.0,3858.331298828125,3612.114501953125,24.73310089111328,dietrich
945,QD_mix_40_phase_prec-alloc_offset-15_bin2_raw,QD_mix_40_phase_prec-alloc_offset-15_bin2_labels,4,45,45.0,3639.396484375,3393.1796875,23.65959930419922,dietrich
946,QD_mix_40_phase_prec-alloc_offset-15_bin2_raw,QD_mix_40_phase_prec-alloc_offset-15_bin2_labels,4,46,46.0,3441.888916015625,3195.671875,22.69499969482422,dietrich
947,QD_mix_40_phase_prec-alloc_offset-15_bin2_raw,QD_mix_40_phase_prec-alloc_offset-15_bin2_labels,4,47,47.0,3230.73876953125,2984.52197265625,21.59239959716797,dietrich
948,QD_mix_40_phase_prec-alloc_offset-15_bin2_raw,QD_mix_40_phase_prec-alloc_offset-15_bin2_labels,4,48,48.0,3095.418701171875,2849.201904296875,21.004100799560547,dietrich
949,QD_mix_40_phase_prec-alloc_offset-15_bin2_raw,QD_mix_40_phase_prec-alloc_offset-15_bin2_labels,4,49,49.0,2971.151123046875,2724.934326171875,20.47369956970215,dietrich
950,QD_mix_40_phase_prec-alloc_offset-15_bin2_raw,QD_mix_40_phase_prec-alloc_offset-15_bin2_labels,4,50,50.0,2878.312744140625,2632.095947265625,20.161399841308594,dietrich
951,QD_mix_40_phase_prec-alloc_offset-15_bin2_raw,QD_mix_40_phase_prec-alloc_offset-15_bin2_labels,4,51,51.0,2904.156982421875,2657.940185546875,20.761899948120117,dietrich
952,QD_mix_40_phase_prec-alloc_offset-15_bin2_raw,QD_mix_40_phase_prec-alloc_offset-15_bin2_labels,4,52,52.0,2928.582275390625,2682.365478515625,21.373899459838867,dietrich
953,QD_mix_40_phase_prec-alloc_offset-15_bin2_raw,QD_mix_40_phase_prec-alloc_offset-15_bin2_labels,4,53,53.0,2985.627197265625,2739.410400390625,22.274999618530273,dietrich
954,QD_mix_40_phase_prec-alloc_offset-15_bin2_raw,QD_mix_40_phase_prec-alloc_offset-15_bin2_labels,4,54,54.0,3119.099609375,2872.8828125,23.847299575805664,dietrich
955,QD_mix_40_phase_prec-alloc_offset-15_bin2_raw,QD_mix_40_phase_prec-alloc_offset-15_bin2_labels,4,55,55.0,3224.508544921875,2978.291748046875,25.248199462890625,dietrich
956,QD_mix_40_phase_prec-alloc_offset-15_bin2_raw,QD_mix_40_phase_prec-alloc_offset-15_bin2_labels,4,56,56.0,3384.04150390625,3137.824951171875,27.178800582885742,dietrich
957,QD_mix_40_phase_prec-alloc_offset-15_bin2_raw,QD_mix_40_phase_prec-alloc_offset-15_bin2_labels,4,57,57.0,3482.71044921875,3236.493408203125,28.65690040588379,dietrich
958,QD_mix_40_phase_prec-alloc_offset-15_bin2_raw,QD_mix_40_phase_prec-alloc_offset-15_bin2_labels,4,58,58.0,3529.677490234375,3283.460693359375,29.73539924621582,dietrich
959,QD_mix_40_phase_prec-alloc_offset-15_bin2_raw,QD_mix_40_phase_prec-alloc_offset-15_bin2_labels,4,59,59.0,3606.959228515625,3360.742431640625,31.14699935913086,dietrich
960,QD_mix_40_phase_prec-alloc_offset-15_bin2_raw,QD_mix_40_phase_prec-alloc_offset-15_bin2_labels,4,60,60.0,3591.69189453125,3345.475341796875,31.750699996948242,dietrich
961,QD_mix_40_phase_prec-alloc_offset-15_bin2_raw,QD_mix_40_phase_prec-alloc_offset-15_bin2_labels,4,61,61.0,3562.0869140625,3315.869873046875,32.248199462890625,dietrich
962,QD_mix_40_phase_prec-alloc_offset-15_bin2_raw,QD_mix_40_phase_prec-alloc_offset-15_bin2_labels,4,62,62.0,3401.50634765625,3155.289794921875,31.468799591064453,dietrich
963,QD_mix_40_phase_prec-alloc_offset-15_bin2_raw,QD_mix_40_phase_prec-alloc_offset-15_bin2_labels,4,63,63.0,3307.638427734375,3061.421630859375,31.336200714111328,dietrich
964,QD_mix_40_phase_prec-alloc_offset-15_bin2_raw,QD_mix_40_phase_prec-alloc_offset-15_bin2_labels,4,64,64.0,3103.162109375,2856.9453125,30.03890037536621,dietrich
965,QD_mix_40_phase_prec-alloc_offset-15_bin2_raw,QD_mix_40_phase_prec-alloc_offset-15_bin2_labels,4,65,65.0,2870.997802734375,2624.781005859375,28.375200271606445,dietrich
966,QD_mix_40_phase_prec-alloc_offset-15_bin2_raw,QD_mix_40_phase_prec-alloc_offset-15_bin2_labels,4,66,66.0,2641.790771484375,2395.573974609375,26.65369987487793,dietrich
967,QD_mix_40_phase_prec-alloc_offset-15_bin2_raw,QD_mix_40_phase_prec-alloc_offset-15_bin2_labels,4,67,67.0,2372.05029296875,2125.83349609375,24.369800567626953,dietrich
968,QD_mix_40_phase_prec-alloc_offset-15_bin2_raw,QD_mix_40_phase_prec-alloc_offset-15_bin2_labels,4,68,68.0,2103.706298828125,1857.4896240234375,21.96500015258789,dietrich
969,QD_mix_40_phase_prec-alloc_offset-15_bin2_raw,QD_mix_40_phase_prec-alloc_offset-15_bin2_labels,4,69,69.0,1802.7236328125,1556.5067138671875,19.01020050048828,dietrich
970,QD_mix_40_phase_prec-alloc_offset-15_bin2_raw,QD_mix_40_phase_prec-alloc_offset-15_bin2_labels,4,70,70.0,1596.131591796875,1349.914794921875,17.051599502563477,dietrich
971,QD_mix_40_phase_prec-alloc_offset-15_bin2_raw,QD_mix_40_phase_prec-alloc_offset-15_bin2_labels,4,71,71.0,1331.0330810546875,1084.8162841796875,14.192999839782715,dietrich
972,QD_mix_40_phase_prec-alloc_offset-15_bin2_raw,QD_mix_40_phase_prec-alloc_offset-15_bin2_labels,4,72,72.0,1154.8507080078125,908.6339721679688,12.332599639892578,dietrich
973,QD_mix_40_phase_prec-alloc_offset-15_bin2_raw,QD_mix_40_phase_prec-alloc_offset-15_bin2_labels,4,73,73.0,996.6923217773438,750.4754028320312,10.585000038146973,dietrich
974,QD_mix_40_phase_prec-alloc_offset-15_bin2_raw,QD_mix_40_phase_prec-alloc_offset-15_bin2_labels,4,74,74.0,871.88037109375,625.66357421875,9.187199592590332,dietrich
975,QD_mix_40_phase_prec-alloc_offset-15_bin2_raw,QD_mix_40_phase_prec-alloc_offset-15_bin2_labels,4,75,75.0,747.1878051757812,500.97100830078125,7.673799991607666,dietrich
976,QD_mix_40_phase_prec-alloc_offset-15_bin2_raw,QD_mix_40_phase_prec-alloc_offset-15_bin2_labels,4,76,76.0,416.1521911621094,169.93539428710938,2.721299886703491,dietrich
977,QD_mix_40_phase_prec-alloc_offset-15_bin2_raw,QD_mix_40_phase_prec-alloc_offset-15_bin2_labels,4,77,77.0,186.6230926513672,-59.59370040893555,-1.0,dietrich
978,QD_mix_40_phase_prec-alloc_offset-15_bin2_raw,QD_mix_40_phase_prec-alloc_offset-15_bin2_labels,4,78,78.0,189.49000549316406,-56.72679901123047,-1.0,dietrich
979,QD_mix_40_phase_prec-alloc_offset-15_bin2_raw,QD_mix_40_phase_prec-alloc_offset-15_bin2_labels,4,79,79.0,192.36810302734375,-53.84859848022461,-1.0,dietrich
980,QD_mix_40_phase_prec-alloc_offset-15_bin2_raw,QD_mix_40_phase_prec-alloc_offset-15_bin2_labels,4,80,80.0,195.25430297851562,-50.962398529052734,-1.0,dietrich
981,QD_mix_40_phase_prec-alloc_offset-15_bin2_raw,QD_mix_40_phase_prec-alloc_offset-15_bin2_labels,4,81,81.0,198.1448974609375,-48.0718994140625,-1.0,dietrich
982,QD_mix_40_phase_prec-alloc_offset-15_bin2_raw,QD_mix_40_phase_prec-alloc_offset-15_bin2_labels,4,82,82.0,201.0355987548828,-45.18109893798828,-1.0,dietrich
983,QD_mix_40_phase_prec-alloc_offset-15_bin2_raw,QD_mix_40_phase_prec-alloc_offset-15_bin2_labels,4,83,83.0,203.92190551757812,-42.294898986816406,-1.0,dietrich
984,QD_mix_40_phase_prec-alloc_offset-15_bin2_raw,QD_mix_40_phase_prec-alloc_offset-15_bin2_labels,4,84,84.0,206.79859924316406,-39.4182014465332,-1.0,dietrich
985,QD_mix_40_phase_prec-alloc_offset-15_bin2_raw,QD_mix_40_phase_prec-alloc_offset-15_bin2_labels,4,85,85.0,209.65980529785156,-36.55690002441406,-1.0,dietrich
986,QD_mix_40_phase_prec-alloc_offset-15_bin2_raw,QD_mix_40_phase_prec-alloc_offset-15_bin2_labels,4,86,86.0,212.49949645996094,-33.71730041503906,-1.0,dietrich
987,QD_mix_40_phase_prec-alloc_offset-15_bin2_raw,QD_mix_40_phase_prec-alloc_offset-15_bin2_labels,4,87,87.0,215.3105926513672,-30.906200408935547,-1.0,dietrich
988,QD_mix_40_phase_prec-alloc_offset-15_bin2_raw,QD_mix_40_phase_prec-alloc_offset-15_bin2_labels,4,88,88.0,218.08580017089844,-28.131000518798828,-1.0,dietrich
989,QD_mix_40_phase_prec-alloc_offset-15_bin2_raw,QD_mix_40_phase_prec-alloc_offset-15_bin2_labels,4,89,89.0,220.81700134277344,-25.399799346923828,-1.0,dietrich
990,QD_mix_40_phase_prec-alloc_offset-15_bin2_raw,QD_mix_40_phase_prec-alloc_offset-15_bin2_labels,4,90,90.0,223.4954071044922,-22.72130012512207,-1.0,dietrich
991,QD_mix_40_phase_prec-alloc_offset-15_bin2_raw,QD_mix_40_phase_prec-alloc_offset-15_bin2_labels,4,91,91.0,226.11180114746094,-20.104900360107422,-1.0,dietrich
992,QD_mix_40_phase_prec-alloc_offset-15_bin2_raw,QD_mix_40_phase_prec-alloc_offset-15_bin2_labels,4,92,92.0,228.6562042236328,-17.56060028076172,-1.0,dietrich
993,QD_mix_40_phase_prec-alloc_offset-15_bin2_raw,QD_mix_40_phase_prec-alloc_offset-15_bin2_labels,4,93,93.0,231.11770629882812,-15.099100112915039,-1.0,dietrich
994,QD_mix_40_phase_prec-alloc_offset-15_bin2_raw,QD_mix_40_phase_prec-alloc_offset-15_bin2_labels,4,94,94.0,233.48500061035156,-12.731800079345703,-1.0,dietrich
995,QD_mix_40_phase_prec-alloc_offset-15_bin2_raw,QD_mix_40_phase_prec-alloc_offset-15_bin2_labels,4,95,95.0,235.74600219726562,-10.470800399780273,-1.0,dietrich
996,QD_mix_40_phase_prec-alloc_offset-15_bin2_raw,QD_mix_40_phase_prec-alloc_offset-15_bin2_labels,4,96,96.0,237.88760375976562,-8.329099655151367,-1.0,dietrich
997,QD_mix_40_phase_prec-alloc_offset-15_bin2_raw,QD_mix_40_phase_prec-alloc_offset-15_bin2_labels,4,97,97.0,239.89639282226562,-6.320400238037109,-1.0,dietrich
998,QD_mix_40_phase_prec-alloc_offset-15_bin2_raw,QD_mix_40_phase_prec-alloc_offset-15_bin2_labels,4,98,98.0,241.75779724121094,-4.459000110626221,-1.0,dietrich
999,QD_mix_40_phase_prec-alloc_offset-15_bin2_raw,QD_mix_40_phase_prec-alloc_offset-15_bin2_labels,4,100,99.0,243.45660400390625,-2.760200023651123,-1.0,dietrich
1000,QD_mix_40_phase_prec-alloc_offset-15_bin2_raw,QD_mix_40_phase_prec-alloc_offset-15_bin2_labels,5,0,0.0,256.4028015136719,-117.79530334472656,-0.3165999948978424,dietrich
1001,QD_mix_40_phase_prec-alloc_offset-15_bin2_raw,QD_mix_40_phase_prec-alloc_offset-15_bin2_labels,5,1,1.0,299.1463928222656,-75.05180358886719,-0.19939999282360077,dietrich
1002,QD_mix_40_phase_prec-alloc_offset-15_bin2_raw,QD_mix_40_phase_prec-alloc_offset-15_bin2_labels,5,2,2.0,349.7038879394531,-24.494199752807617,-0.06449999660253525,dietrich
1003,QD_mix_40_phase_prec-alloc_offset-15_bin2_raw,QD_mix_40_phase_prec-alloc_offset-15_bin2_labels,5,3,3.0,420.8197937011719,46.621700286865234,0.12200000137090683,dietrich
1004,QD_mix_40_phase_prec-alloc_offset-15_bin2_raw,QD_mix_40_phase_prec-alloc_offset-15_bin2_labels,5,4,4.0,515.6978149414062,141.49960327148438,0.3684999942779541,dietrich
1005,QD_mix_40_phase_prec-alloc_offset-15_bin2_raw,QD_mix_40_phase_prec-alloc_offset-15_bin2_labels,5,5,5.0,664.7642211914062,290.5660095214844,0.7547000050544739,dietrich
1006,QD_mix_40_phase_prec-alloc_offset-15_bin2_raw,QD_mix_40_phase_prec-alloc_offset-15_bin2_labels,5,6,6.0,836.5916137695312,462.3934020996094,1.1999000310897827,dietrich
1007,QD_mix_40_phase_prec-alloc_offset-15_bin2_raw,QD_mix_40_phase_prec-alloc_offset-15_bin2_labels,5,7,7.0,1048.5032958984375,674.30517578125,1.7510000467300415,dietrich
1008,QD_mix_40_phase_prec-alloc_offset-15_bin2_raw,QD_mix_40_phase_prec-alloc_offset-15_bin2_labels,5,8,8.0,1311.3116455078125,937.113525390625,2.438800096511841,dietrich
1009,QD_mix_40_phase_prec-alloc_offset-15_bin2_raw,QD_mix_40_phase_prec-alloc_offset-15_bin2_labels,5,9,9.0,1651.2042236328125,1277.006103515625,3.335099935531616,dietrich
1010,QD_mix_40_phase_prec-alloc_offset-15_bin2_raw,QD_mix_40_phase_prec-alloc_offset-15_bin2_labels,5,10,10.0,2033.312744140625,1659.1146240234375,4.353899955749512,dietrich
1011,QD_mix_40_phase_prec-alloc_offset-15_bin2_raw,QD_mix_40_phase_prec-alloc_offset-15_bin2_labels,5,11,11.0,2450.50390625,2076.3056640625,5.481400012969971,dietrich
1012,QD_mix_40_phase_prec-alloc_offset-15_bin2_raw,QD_mix_40_phase_prec-alloc_offset-15_bin2_labels,5,12,12.0,2927.4287109375,2553.23046875,6.788300037384033,dietrich
1013,QD_mix_40_phase_prec-alloc_offset-15_bin2_raw,QD_mix_40_phase_prec-alloc_offset-15_bin2_labels,5,13,13.0,3402.810302734375,3028.6123046875,8.117400169372559,dietrich
1014,QD_mix_40_phase_prec-alloc_offset-15_bin2_raw,QD_mix_40_phase_prec-alloc_offset-15_bin2_labels,5,14,14.0,3860.154296875,3485.956298828125,9.42770004272461,dietrich
1015,QD_mix_40_phase_prec-alloc_offset-15_bin2_raw,QD_mix_40_phase_prec-alloc_offset-15_bin2_labels,5,15,15.0,4350.6357421875,3976.4375,10.860699653625488,dietrich
1016,QD_mix_40_phase_prec-alloc_offset-15_bin2_raw,QD_mix_40_phase_prec-alloc_offset-15_bin2_labels,5,16,16.0,4802.603515625,4428.4052734375,12.224699974060059,dietrich
1017,QD_mix_40_phase_prec-alloc_offset-15_bin2_raw,QD_mix_40_phase_prec-alloc_offset-15_bin2_labels,5,17,17.0,5188.2490234375,4814.05078125,13.441499710083008,dietrich
1018,QD_mix_40_phase_prec-alloc_offset-15_bin2_raw,QD_mix_40_phase_prec-alloc_offset-15_bin2_labels,5,18,18.0,5483.8642578125,5109.666015625,14.440099716186523,dietrich
1019,QD_mix_40_phase_prec-alloc_offset-15_bin2_raw,QD_mix_40_phase_prec-alloc_offset-15_bin2_labels,5,19,19.0,5656.92236328125,5282.72412109375,15.119799613952637,dietrich
1020,QD_mix_40_phase_prec-alloc_offset-15_bin2_raw,QD_mix_40_phase_prec-alloc_offset-15_bin2_labels,5,20,20.0,5702.27001953125,5328.07177734375,15.453200340270996,dietrich
1021,QD_mix_40_phase_prec-alloc_offset-15_bin2_raw,QD_mix_40_phase_prec-alloc_offset-15_bin2_labels,5,21,21.0,5631.94287109375,5257.74462890625,15.46090030670166,dietrich
1022,QD_mix_40_phase_prec-alloc_offset-15_bin2_raw,QD_mix_40_phase_prec-alloc_offset-15_bin2_labels,5,22,22.0,5413.05810546875,5038.85986328125,15.030200004577637,dietrich
1023,QD_mix_40_phase_prec-alloc_offset-15_bin2_raw,QD_mix_40_phase_prec-alloc_offset-15_bin2_labels,5,23,23.0,5225.55810546875,4851.35986328125,14.68529987335205,dietrich
1024,QD_mix_40_phase_prec-alloc_offset-15_bin2_raw,QD_mix_40_phase_prec-alloc_offset-15_bin2_labels,5,24,24.0,4930.470703125,4556.2724609375,14.001899719238281,dietrich
1025,QD_mix_40_phase_prec-alloc_offset-15_bin2_raw,QD_mix_40_phase_prec-alloc_offset-15_bin2_labels,5,25,25.0,4612.62744140625,4238.42919921875,13.227999687194824,dietrich
1026,QD_mix_40_phase_prec-alloc_offset-15_bin2_raw,QD_mix_40_phase_prec-alloc_offset-15_bin2_labels,5,26,26.0,4273.63232421875,3899.43408203125,12.36359977722168,dietrich
1027,QD_mix_40_phase_prec-alloc_offset-15_bin2_raw,QD_mix_40_phase_prec-alloc_offset-15_bin2_labels,5,27,27.0,3959.552734375,3585.354736328125,11.551899909973145,dietrich
1028,QD_mix_40_phase_prec-alloc_offset-15_bin2_raw,QD_mix_40_phase_prec-alloc_offset-15_bin2_labels,5,28,28.0,3707.31689453125,3333.118896484375,10.915900230407715,dietrich
1029,QD_mix_40_phase_prec-alloc_offset-15_bin2_raw,QD_mix_40_phase_prec-alloc_offset-15_bin2_labels,5,29,29.0,3432.251953125,3058.0537109375,10.18220043182373,dietrich
1030,QD_mix_40_phase_prec-alloc_offset-15_bin2_raw,QD_mix_40_phase_prec-alloc_offset-15_bin2_labels,5,30,30.0,3214.83642578125,2840.638427734375,9.618000030517578,dietrich
1031,QD_mix_40_phase_prec-alloc_offset-15_bin2_raw,QD_mix_40_phase_prec-alloc_offset-15_bin2_labels,5,31,31.0,3047.40185546875,2673.20361328125,9.205499649047852,dietrich
1032,QD_mix_40_phase_prec-alloc_offset-15_bin2_raw,QD_mix_40_phase_prec-alloc_offset-15_bin2_labels,5,32,32.0,2887.29248046875,2513.09423828125,8.803099632263184,dietrich
1033,QD_mix_40_phase_prec-alloc_offset-15_bin2_raw,QD_mix_40_phase_prec-alloc_offset-15_bin2_labels,5,33,33.0,2738.837890625,2364.639892578125,8.426799774169922,dietrich
1034,QD_mix_40_phase_prec-alloc_offset-15_bin2_raw,QD_mix_40_phase_prec-alloc_offset-15_bin2_labels,5,34,34.0,2621.87646484375,2247.678466796875,8.149800300598145,dietrich
1035,QD_mix_40_phase_prec-alloc_offset-15_bin2_raw,QD_mix_40_phase_prec-alloc_offset-15_bin2_labels,5,35,35.0,2515.50146484375,2141.30322265625,7.900400161743164,dietrich
1036,QD_mix_40_phase_prec-alloc_offset-15_bin2_raw,QD_mix_40_phase_prec-alloc_offset-15_bin2_labels,5,36,36.0,2430.3759765625,2056.177734375,7.720099925994873,dietrich
1037,QD_mix_40_phase_prec-alloc_offset-15_bin2_raw,QD_mix_40_phase_prec-alloc_offset-15_bin2_labels,5,37,37.0,2308.3544921875,1934.15625,7.390600204467773,dietrich
1038,QD_mix_40_phase_prec-alloc_offset-15_bin2_raw,QD_mix_40_phase_prec-alloc_offset-15_bin2_labels,5,38,38.0,2187.17333984375,1812.9749755859375,7.050600051879883,dietrich
1039,QD_mix_40_phase_prec-alloc_offset-15_bin2_raw,QD_mix_40_phase_prec-alloc_offset-15_bin2_labels,5,39,39.0,2079.549560546875,1705.3514404296875,6.75029993057251,dietrich
1040,QD_mix_40_phase_prec-alloc_offset-15_bin2_raw,QD_mix_40_phase_prec-alloc_offset-15_bin2_labels,5,40,40.0,1981.6595458984375,1607.46142578125,6.476500034332275,dietrich
1041,QD_mix_40_phase_prec-alloc_offset-15_bin2_raw,QD_mix_40_phase_prec-alloc_offset-15_bin2_labels,5,41,41.0,1826.6075439453125,1452.409423828125,5.956699848175049,dietrich
1042,QD_mix_40_phase_prec-alloc_offset-15_bin2_raw,QD_mix_40_phase_prec-alloc_offset-15_bin2_labels,5,42,42.0,1728.5269775390625,1354.328857421875,5.654300212860107,dietrich
1043,QD_mix_40_phase_prec-alloc_offset-15_bin2_raw,QD_mix_40_phase_prec-alloc_offset-15_bin2_labels,5,43,43.0,1623.8665771484375,1249.66845703125,5.311500072479248,dietrich
1044,QD_mix_40_phase_prec-alloc_offset-15_bin2_raw,QD_mix_40_phase_prec-alloc_offset-15_bin2_labels,5,44,44.0,1542.5469970703125,1168.348876953125,5.055799961090088,dietrich
1045,QD_mix_40_phase_prec-alloc_offset-15_bin2_raw,QD_mix_40_phase_prec-alloc_offset-15_bin2_labels,5,45,45.0,1505.4041748046875,1131.2060546875,4.9842000007629395,dietrich
1046,QD_mix_40_phase_prec-alloc_offset-15_bin2_raw,QD_mix_40_phase_prec-alloc_offset-15_bin2_labels,5,46,46.0,1432.3270263671875,1058.12890625,4.747499942779541,dietrich
1047,QD_mix_40_phase_prec-alloc_offset-15_bin2_raw,QD_mix_40_phase_prec-alloc_offset-15_bin2_labels,5,47,47.0,1378.475341796875,1004.2772827148438,4.588799953460693,dietrich
1048,QD_mix_40_phase_prec-alloc_offset-15_bin2_raw,QD_mix_40_phase_prec-alloc_offset-15_bin2_labels,5,48,48.0,1390.176513671875,1015.9783935546875,4.728300094604492,dietrich
1049,QD_mix_40_phase_prec-alloc_offset-15_bin2_raw,QD_mix_40_phase_prec-alloc_offset-15_bin2_labels,5,49,49.0,1404.7303466796875,1030.5322265625,4.885700225830078,dietrich
1050,QD_mix_40_phase_prec-alloc_offset-15_bin2_raw,QD_mix_40_phase_prec-alloc_offset-15_bin2_labels,5,50,50.0,1453.3665771484375,1079.16845703125,5.2129998207092285,dietrich
1051,QD_mix_40_phase_prec-alloc_offset-15_bin2_raw,QD_mix_40_phase_prec-alloc_offset-15_bin2_labels,5,51,51.0,1488.5986328125,1114.4005126953125,5.486000061035156,dietrich
1052,QD_mix_40_phase_prec-alloc_offset-15_bin2_raw,QD_mix_40_phase_prec-alloc_offset-15_bin2_labels,5,52,52.0,1511.6395263671875,1137.44140625,5.707799911499023,dietrich
1053,QD_mix_40_phase_prec-alloc_offset-15_bin2_raw,QD_mix_40_phase_prec-alloc_offset-15_bin2_labels,5,53,53.0,1569.2073974609375,1195.00927734375,6.11460018157959,dietrich
1054,QD_mix_40_phase_prec-alloc_offset-15_bin2_raw,QD_mix_40_phase_prec-alloc_offset-15_bin2_labels,5,54,54.0,1601.1859130859375,1226.98779296875,6.40369987487793,dietrich
1055,QD_mix_40_phase_prec-alloc_offset-15_bin2_raw,QD_mix_40_phase_prec-alloc_offset-15_bin2_labels,5,55,55.0,1630.694580078125,1256.4964599609375,6.691199779510498,dietrich
1056,QD_mix_40_phase_prec-alloc_offset-15_bin2_raw,QD_mix_40_phase_prec-alloc_offset-15_bin2_labels,5,56,56.0,1609.6285400390625,1235.430419921875,6.715799808502197,dietrich
1057,QD_mix_40_phase_prec-alloc_offset-15_bin2_raw,QD_mix_40_phase_prec-alloc_offset-15_bin2_labels,5,57,57.0,1612.3358154296875,1238.1376953125,6.873700141906738,dietrich
1058,QD_mix_40_phase_prec-alloc_offset-15_bin2_raw,QD_mix_40_phase_prec-alloc_offset-15_bin2_labels,5,58,58.0,1554.92529296875,1180.7271728515625,6.697800159454346,dietrich
1059,QD_mix_40_phase_prec-alloc_offset-15_bin2_raw,QD_mix_40_phase_prec-alloc_offset-15_bin2_labels,5,59,59.0,1486.6326904296875,1112.4345703125,6.451700210571289,dietrich
1060,QD_mix_40_phase_prec-alloc_offset-15_bin2_raw,QD_mix_40_phase_prec-alloc_offset-15_bin2_labels,5,60,60.0,1430.168701171875,1055.9705810546875,6.2652997970581055,dietrich
1061,QD_mix_40_phase_prec-alloc_offset-15_bin2_raw,QD_mix_40_phase_prec-alloc_offset-15_bin2_labels,5,61,61.0,1341.6796875,967.4816284179688,5.876699924468994,dietrich
1062,QD_mix_40_phase_prec-alloc_offset-15_bin2_raw,QD_mix_40_phase_prec-alloc_offset-15_bin2_labels,5,62,62.0,1258.351318359375,884.1531982421875,5.502500057220459,dietrich
1063,QD_mix_40_phase_prec-alloc_offset-15_bin2_raw,QD_mix_40_phase_prec-alloc_offset-15_bin2_labels,5,63,63.0,1173.357421875,799.1591796875,5.099999904632568,dietrich
1064,QD_mix_40_phase_prec-alloc_offset-15_bin2_raw,QD_mix_40_phase_prec-alloc_offset-15_bin2_labels,5,64,64.0,1103.993408203125,729.7952270507812,4.780099868774414,dietrich
1065,QD_mix_40_phase_prec-alloc_offset-15_bin2_raw,QD_mix_40_phase_prec-alloc_offset-15_bin2_labels,5,65,65.0,999.8715209960938,625.6734008789062,4.2104997634887695,dietrich
1066,QD_mix_40_phase_prec-alloc_offset-15_bin2_raw,QD_mix_40_phase_prec-alloc_offset-15_bin2_labels,5,66,66.0,927.7462158203125,553.5479736328125,3.831399917602539,dietrich
1067,QD_mix_40_phase_prec-alloc_offset-15_bin2_raw,QD_mix_40_phase_prec-alloc_offset-15_bin2_labels,5,67,67.0,835.5360107421875,461.3377990722656,3.2881999015808105,dietrich
1068,QD_mix_40_phase_prec-alloc_offset-15_bin2_raw,QD_mix_40_phase_prec-alloc_offset-15_bin2_labels,5,68,68.0,760.6033935546875,386.40521240234375,2.8396999835968018,dietrich
1069,QD_mix_40_phase_prec-alloc_offset-15_bin2_raw,QD_mix_40_phase_prec-alloc_offset-15_bin2_labels,5,69,69.0,694.4954223632812,320.29730224609375,2.430500030517578,dietrich
1070,QD_mix_40_phase_prec-alloc_offset-15_bin2_raw,QD_mix_40_phase_prec-alloc_offset-15_bin2_labels,5,70,70.0,644.533203125,270.3349914550781,2.121299982070923,dietrich
1071,QD_mix_40_phase_prec-alloc_offset-15_bin2_raw,QD_mix_40_phase_prec-alloc_offset-15_bin2_labels,5,71,71.0,582.7514038085938,208.55320739746094,1.695099949836731,dietrich
1072,QD_mix_40_phase_prec-alloc_offset-15_bin2_raw,QD_mix_40_phase_prec-alloc_offset-15_bin2_labels,5,72,72.0,554.9907836914062,180.79269409179688,1.5247000455856323,dietrich
1073,QD_mix_40_phase_prec-alloc_offset-15_bin2_raw,QD_mix_40_phase_prec-alloc_offset-15_bin2_labels,5,73,73.0,529.1740112304688,154.9759063720703,1.3588000535964966,dietrich
1074,QD_mix_40_phase_prec-alloc_offset-15_bin2_raw,QD_mix_40_phase_prec-alloc_offset-15_bin2_labels,5,74,74.0,493.90240478515625,119.70429992675781,1.093400001525879,dietrich
1075,QD_mix_40_phase_prec-alloc_offset-15_bin2_raw,QD_mix_40_phase_prec-alloc_offset-15_bin2_labels,5,75,75.0,470.1319885253906,95.93379974365234,0.914900004863739,dietrich
1076,QD_mix_40_phase_prec-alloc_offset-15_bin2_raw,QD_mix_40_phase_prec-alloc_offset-15_bin2_labels,5,76,76.0,363.34100341796875,-10.857099533081055,-0.10840000212192535,dietrich
1077,QD_mix_40_phase_prec-alloc_offset-15_bin2_raw,QD_mix_40_phase_prec-alloc_offset-15_bin2_labels,5,77,77.0,278.72021484375,-95.47789764404297,-1.0,dietrich
1078,QD_mix_40_phase_prec-alloc_offset-15_bin2_raw,QD_mix_40_phase_prec-alloc_offset-15_bin2_labels,5,78,78.0,283.4690856933594,-90.72899627685547,-1.0,dietrich
1079,QD_mix_40_phase_prec-alloc_offset-15_bin2_raw,QD_mix_40_phase_prec-alloc_offset-15_bin2_labels,5,79,79.0,288.24700927734375,-85.95110321044922,-1.0,dietrich
1080,QD_mix_40_phase_prec-alloc_offset-15_bin2_raw,QD_mix_40_phase_prec-alloc_offset-15_bin2_labels,5,80,80.0,293.0456848144531,-81.15239715576172,-1.0,dietrich
1081,QD_mix_40_phase_prec-alloc_offset-15_bin2_raw,QD_mix_40_phase_prec-alloc_offset-15_bin2_labels,5,81,81.0,297.855712890625,-76.34239959716797,-1.0,dietrich
1082,QD_mix_40_phase_prec-alloc_offset-15_bin2_raw,QD_mix_40_phase_prec-alloc_offset-15_bin2_labels,5,82,82.0,302.66619873046875,-71.53189849853516,-1.0,dietrich
1083,QD_mix_40_phase_prec-alloc_offset-15_bin2_raw,QD_mix_40_phase_prec-alloc_offset-15_bin2_labels,5,83,83.0,307.4652099609375,-66.73300170898438,-1.0,dietrich
1084,QD_mix_40_phase_prec-alloc_offset-15_bin2_raw,QD_mix_40_phase_prec-alloc_offset-15_bin2_labels,5,84,84.0,312.2391052246094,-61.95899963378906,-1.0,dietrich
1085,QD_mix_40_phase_prec-alloc_offset-15_bin2_raw,QD_mix_40_phase_prec-alloc_offset-15_bin2_labels,5,85,85.0,316.973388671875,-57.224700927734375,-1.0,dietrich
1086,QD_mix_40_phase_prec-alloc_offset-15_bin2_raw,QD_mix_40_phase_prec-alloc_offset-15_bin2_labels,5,86,86.0,321.6517028808594,-52.5463981628418,-1.0,dietrich
1087,QD_mix_40_phase_prec-alloc_offset-15_bin2_raw,QD_mix_40_phase_prec-alloc_offset-15_bin2_labels,5,87,87.0,326.25628662109375,-47.94179916381836,-1.0,dietrich
1088,QD_mix_40_phase_prec-alloc_offset-15_bin2_raw,QD_mix_40_phase_prec-alloc_offset-15_bin2_labels,5,88,88.0,330.76800537109375,-43.430198669433594,-1.0,dietrich
1089,QD_mix_40_phase_prec-alloc_offset-15_bin2_raw,QD_mix_40_phase_prec-alloc_offset-15_bin2_labels,5,89,89.0,335.16571044921875,-39.03239822387695,-1.0,dietrich
1090,QD_mix_40_phase_prec-alloc_offset-15_bin2_raw,QD_mix_40_phase_prec-alloc_offset-15_bin2_labels,5,90,90.0,339.42718505859375,-34.770999908447266,-1.0,dietrich
1091,QD_mix_40_phase_prec-alloc_offset-15_bin2_raw,QD_mix_40_phase_prec-alloc_offset-15_bin2_labels,5,91,91.0,343.5281066894531,-30.670000076293945,-1.0,dietrich
1092,QD_mix_40_phase_prec-alloc_offset-15_bin2_raw,QD_mix_40_phase_prec-alloc_offset-15_bin2_labels,5,92,92.0,347.4425048828125,-26.755599975585938,-1.0,dietrich
1093,QD_mix_40_phase_prec-alloc_offset-15_bin2_raw,QD_mix_40_phase_prec-alloc_offset-15_bin2_labels,5,93,93.0,351.1427917480469,-23.055299758911133,-1.0,dietrich
1094,QD_mix_40_phase_prec-alloc_offset-15_bin2_raw,QD_mix_40_phase_prec-alloc_offset-15_bin2_labels,5,94,94.0,354.5994873046875,-19.598600387573242,-1.0,dietrich
1095,QD_mix_40_phase_prec-alloc_offset-15_bin2_raw,QD_mix_40_phase_prec-alloc_offset-15_bin2_labels,5,95,95.0,357.781005859375,-16.41710090637207,-1.0,dietrich
1096,QD_mix_40_phase_prec-alloc_offset-15_bin2_raw,QD_mix_40_phase_prec-alloc_offset-15_bin2_labels,5,96,96.0,360.65399169921875,-13.544099807739258,-1.0,dietrich
1097,QD_mix_40_phase_prec-alloc_offset-15_bin2_raw,QD_mix_40_phase_prec-alloc_offset-15_bin2_labels,5,97,97.0,363.18328857421875,-11.014800071716309,-1.0,dietrich
1098,QD_mix_40_phase_prec-alloc_offset-15_bin2_raw,QD_mix_40_phase_prec-alloc_offset-15_bin2_labels,5,98,98.0,365.3313903808594,-8.866700172424316,-1.0,dietrich
1099,QD_mix_40_phase_prec-alloc_offset-15_bin2_raw,QD_mix_40_phase_prec-alloc_offset-15_bin2_labels,5,100,99.0,367.0589904785156,-7.139100074768066,-1.0,dietrich
1100,QD_mix_40_phase_prec-alloc_offset-15_bin2_raw,QD_mix_40_phase_prec-alloc_offset-15_bin2_labels,6,0,0.0,182.8813018798828,-66.07460021972656,-0.26649999618530273,dietrich
1101,QD_mix_40_phase_prec-alloc_offset-15_bin2_raw,QD_mix_40_phase_prec-alloc_offset-15_bin2_labels,6,1,1.0,208.29820251464844,-40.65769958496094,-0.16269999742507935,dietrich
1102,QD_mix_40_phase_prec-alloc_offset-15_bin2_raw,QD_mix_40_phase_prec-alloc_offset-15_bin2_labels,6,2,2.0,238.30580139160156,-10.650099754333496,-0.042399998754262924,dietrich
1103,QD_mix_40_phase_prec-alloc_offset-15_bin2_raw,QD_mix_40_phase_prec-alloc_offset-15_bin2_labels,6,3,3.0,281.1000061035156,32.144100189208984,0.12729999423027039,dietrich
1104,QD_mix_40_phase_prec-alloc_offset-15_bin2_raw,QD_mix_40_phase_prec-alloc_offset-15_bin2_labels,6,4,4.0,333.0082092285156,84.05229949951172,0.3321000039577484,dietrich
1105,QD_mix_40_phase_prec-alloc_offset-15_bin2_raw,QD_mix_40_phase_prec-alloc_offset-15_bin2_labels,6,5,5.0,402.6860046386719,153.7301025390625,0.6071000099182129,dietrich
1106,QD_mix_40_phase_prec-alloc_offset-15_bin2_raw,QD_mix_40_phase_prec-alloc_offset-15_bin2_labels,6,6,6.0,499.97259521484375,251.0166015625,0.9919999837875366,dietrich
1107,QD_mix_40_phase_prec-alloc_offset-15_bin2_raw,QD_mix_40_phase_prec-alloc_offset-15_bin2_labels,6,7,7.0,609.473388671875,360.5174865722656,1.4278000593185425,dietrich
1108,QD_mix_40_phase_prec-alloc_offset-15_bin2_raw,QD_mix_40_phase_prec-alloc_offset-15_bin2_labels,6,8,8.0,750.2297973632812,501.2738037109375,1.9921000003814697,dietrich
1109,QD_mix_40_phase_prec-alloc_offset-15_bin2_raw,QD_mix_40_phase_prec-alloc_offset-15_bin2_labels,6,9,9.0,899.4478149414062,650.4918823242188,2.597100019454956,dietrich
1110,QD_mix_40_phase_prec-alloc_offset-15_bin2_raw,QD_mix_40_phase_prec-alloc_offset-15_bin2_labels,6,10,10.0,1083.66455078125,834.7086181640625,3.3517000675201416,dietrich
1111,QD_mix_40_phase_prec-alloc_offset-15_bin2_raw,QD_mix_40_phase_prec-alloc_offset-15_bin2_labels,6,11,11.0,1279.3037109375,1030.3477783203125,4.165299892425537,dietrich
1112,QD_mix_40_phase_prec-alloc_offset-15_bin2_raw,QD_mix_40_phase_prec-alloc_offset-15_bin2_labels,6,12,12.0,1490.4693603515625,1241.513427734375,5.057600021362305,dietrich
1113,QD_mix_40_phase_prec-alloc_offset-15_bin2_raw,QD_mix_40_phase_prec-alloc_offset-15_bin2_labels,6,13,13.0,1688.2823486328125,1439.326416015625,5.91379976272583,dietrich
1114,QD_mix_40_phase_prec-alloc_offset-15_bin2_raw,QD_mix_40_phase_prec-alloc_offset-15_bin2_labels,6,14,14.0,1876.203857421875,1627.247802734375,6.748899936676025,dietrich
1115,QD_mix_40_phase_prec-alloc_offset-15_bin2_raw,QD_mix_40_phase_prec-alloc_offset-15_bin2_labels,6,15,15.0,2038.69482421875,1789.73876953125,7.498499870300293,dietrich
1116,QD_mix_40_phase_prec-alloc_offset-15_bin2_raw,QD_mix_40_phase_prec-alloc_offset-15_bin2_labels,6,16,16.0,2163.39599609375,1914.440185546875,8.10830020904541,dietrich
1117,QD_mix_40_phase_prec-alloc_offset-15_bin2_raw,QD_mix_40_phase_prec-alloc_offset-15_bin2_labels,6,17,17.0,2256.489990234375,2007.5341796875,8.600899696350098,dietrich
1118,QD_mix_40_phase_prec-alloc_offset-15_bin2_raw,QD_mix_40_phase_prec-alloc_offset-15_bin2_labels,6,18,18.0,2303.948974609375,2054.9931640625,8.911299705505371,dietrich
1119,QD_mix_40_phase_prec-alloc_offset-15_bin2_raw,QD_mix_40_phase_prec-alloc_offset-15_bin2_labels,6,19,19.0,2337.16748046875,2088.211669921875,9.170700073242188,dietrich
1120,QD_mix_40_phase_prec-alloc_offset-15_bin2_raw,QD_mix_40_phase_prec-alloc_offset-15_bin2_labels,6,20,20.0,2319.42822265625,2070.472412109375,9.213299751281738,dietrich
1121,QD_mix_40_phase_prec-alloc_offset-15_bin2_raw,QD_mix_40_phase_prec-alloc_offset-15_bin2_labels,6,21,21.0,2290.1611328125,2041.2054443359375,9.207799911499023,dietrich
1122,QD_mix_40_phase_prec-alloc_offset-15_bin2_raw,QD_mix_40_phase_prec-alloc_offset-15_bin2_labels,6,22,22.0,2269.7841796875,2020.8282470703125,9.245100021362305,dietrich
1123,QD_mix_40_phase_prec-alloc_offset-15_bin2_raw,QD_mix_40_phase_prec-alloc_offset-15_bin2_labels,6,23,23.0,2227.23876953125,1978.2828369140625,9.182499885559082,dietrich
1124,QD_mix_40_phase_prec-alloc_offset-15_bin2_raw,QD_mix_40_phase_prec-alloc_offset-15_bin2_labels,6,24,24.0,2224.504150390625,1975.5482177734375,9.306900024414062,dietrich
1125,QD_mix_40_phase_prec-alloc_offset-15_bin2_raw,QD_mix_40_phase_prec-alloc_offset-15_bin2_labels,6,25,25.0,2238.323486328125,1989.3675537109375,9.515199661254883,dietrich
1126,QD_mix_40_phase_prec-alloc_offset-15_bin2_raw,QD_mix_40_phase_prec-alloc_offset-15_bin2_labels,6,26,26.0,2284.25927734375,2035.3033447265625,9.886799812316895,dietrich
1127,QD_mix_40_phase_prec-alloc_offset-15_bin2_raw,QD_mix_40_phase_prec-alloc_offset-15_bin2_labels,6,27,27.0,2353.239501953125,2104.28369140625,10.384099960327148,dietrich
1128,QD_mix_40_phase_prec-alloc_offset-15_bin2_raw,QD_mix_40_phase_prec-alloc_offset-15_bin2_labels,6,28,28.0,2427.69091796875,2178.735107421875,10.924799919128418,dietrich
1129,QD_mix_40_phase_prec-alloc_offset-15_bin2_raw,QD_mix_40_phase_prec-alloc_offset-15_bin2_labels,6,29,29.0,2534.398681640625,2285.44287109375,11.647199630737305,dietrich
1130,QD_mix_40_phase_prec-alloc_offset-15_bin2_raw,QD_mix_40_phase_prec-alloc_offset-15_bin2_labels,6,30,30.0,2617.476318359375,2368.5205078125,12.270299911499023,dietrich
1131,QD_mix_40_phase_prec-alloc_offset-15_bin2_raw,QD_mix_40_phase_prec-alloc_offset-15_bin2_labels,6,31,31.0,2699.482177734375,2450.5263671875,12.907500267028809,dietrich
1132,QD_mix_40_phase_prec-alloc_offset-15_bin2_raw,QD_mix_40_phase_prec-alloc_offset-15_bin2_labels,6,32,32.0,2735.82373046875,2486.867919921875,13.320199966430664,dietrich
1133,QD_mix_40_phase_prec-alloc_offset-15_bin2_raw,QD_mix_40_phase_prec-alloc_offset-15_bin2_labels,6,33,33.0,2783.867431640625,2534.91162109375,13.808799743652344,dietrich
1134,QD_mix_40_phase_prec-alloc_offset-15_bin2_raw,QD_mix_40_phase_prec-alloc_offset-15_bin2_labels,6,34,34.0,2782.168701171875,2533.212890625,14.036399841308594,dietrich
1135,QD_mix_40_phase_prec-alloc_offset-15_bin2_raw,QD_mix_40_phase_prec-alloc_offset-15_bin2_labels,6,35,35.0,2723.96044921875,2475.004638671875,13.950799942016602,dietrich
1136,QD_mix_40_phase_prec-alloc_offset-15_bin2_raw,QD_mix_40_phase_prec-alloc_offset-15_bin2_labels,6,36,36.0,2660.2568359375,2411.301025390625,13.82800006866455,dietrich
1137,QD_mix_40_phase_prec-alloc_offset-15_bin2_raw,QD_mix_40_phase_prec-alloc_offset-15_bin2_labels,6,37,37.0,2576.911865234375,2327.9560546875,13.583399772644043,dietrich
1138,QD_mix_40_phase_prec-alloc_offset-15_bin2_raw,QD_mix_40_phase_prec-alloc_offset-15_bin2_labels,6,38,38.0,2443.921630859375,2194.9658203125,13.032400131225586,dietrich
1139,QD_mix_40_phase_prec-alloc_offset-15_bin2_raw,QD_mix_40_phase_prec-alloc_offset-15_bin2_labels,6,39,39.0,2318.960693359375,2070.0048828125,12.507499694824219,dietrich
1140,QD_mix_40_phase_prec-alloc_offset-15_bin2_raw,QD_mix_40_phase_prec-alloc_offset-15_bin2_labels,6,40,40.0,2173.643798828125,1924.68798828125,11.835800170898438,dietrich
1141,QD_mix_40_phase_prec-alloc_offset-15_bin2_raw,QD_mix_40_phase_prec-alloc_offset-15_bin2_labels,6,41,41.0,2033.2691650390625,1784.313232421875,11.168100357055664,dietrich
1142,QD_mix_40_phase_prec-alloc_offset-15_bin2_raw,QD_mix_40_phase_prec-alloc_offset-15_bin2_labels,6,42,42.0,1903.06396484375,1654.108154296875,10.538700103759766,dietrich
1143,QD_mix_40_phase_prec-alloc_offset-15_bin2_raw,QD_mix_40_phase_prec-alloc_offset-15_bin2_labels,6,43,43.0,1789.3951416015625,1540.439208984375,9.991299629211426,dietrich
1144,QD_mix_40_phase_prec-alloc_offset-15_bin2_raw,QD_mix_40_phase_prec-alloc_offset-15_bin2_labels,6,44,44.0,1695.932373046875,1446.9764404296875,9.55519962310791,dietrich
1145,QD_mix_40_phase_prec-alloc_offset-15_bin2_raw,QD_mix_40_phase_prec-alloc_offset-15_bin2_labels,6,45,45.0,1634.649169921875,1385.6932373046875,9.317399978637695,dietrich
1146,QD_mix_40_phase_prec-alloc_offset-15_bin2_raw,QD_mix_40_phase_prec-alloc_offset-15_bin2_labels,6,46,46.0,1595.4759521484375,1346.52001953125,9.220399856567383,dietrich
1147,QD_mix_40_phase_prec-alloc_offset-15_bin2_raw,QD_mix_40_phase_prec-alloc_offset-15_bin2_labels,6,47,47.0,1601.7572021484375,1352.80126953125,9.4350004196167,dietrich
1148,QD_mix_40_phase_prec-alloc_offset-15_bin2_raw,QD_mix_40_phase_prec-alloc_offset-15_bin2_labels,6,48,48.0,1588.5833740234375,1339.62744140625,9.517800331115723,dietrich
1149,QD_mix_40_phase_prec-alloc_offset-15_bin2_raw,QD_mix_40_phase_prec-alloc_offset-15_bin2_labels,6,49,49.0,1624.9644775390625,1376.008544921875,9.96090030670166,dietrich
1150,QD_mix_40_phase_prec-alloc_offset-15_bin2_raw,QD_mix_40_phase_prec-alloc_offset-15_bin2_labels,6,50,50.0,1655.504638671875,1406.5487060546875,10.376500129699707,dietrich
1151,QD_mix_40_phase_prec-alloc_offset-15_bin2_raw,QD_mix_40_phase_prec-alloc_offset-15_bin2_labels,6,51,51.0,1701.5545654296875,1452.5986328125,10.923600196838379,dietrich
1152,QD_mix_40_phase_prec-alloc_offset-15_bin2_raw,QD_mix_40_phase_prec-alloc_offset-15_bin2_labels,6,52,52.0,1722.1065673828125,1473.1507568359375,11.295700073242188,dietrich
1153,QD_mix_40_phase_prec-alloc_offset-15_bin2_raw,QD_mix_40_phase_prec-alloc_offset-15_bin2_labels,6,53,53.0,1745.4029541015625,1496.4471435546875,11.703300476074219,dietrich
1154,QD_mix_40_phase_prec-alloc_offset-15_bin2_raw,QD_mix_40_phase_prec-alloc_offset-15_bin2_labels,6,54,54.0,1737.29345703125,1488.33740234375,11.876199722290039,dietrich
1155,QD_mix_40_phase_prec-alloc_offset-15_bin2_raw,QD_mix_40_phase_prec-alloc_offset-15_bin2_labels,6,55,55.0,1723.3775634765625,1474.4217529296875,12.008700370788574,dietrich
1156,QD_mix_40_phase_prec-alloc_offset-15_bin2_raw,QD_mix_40_phase_prec-alloc_offset-15_bin2_labels,6,56,56.0,1683.0516357421875,1434.095703125,11.927200317382812,dietrich
1157,QD_mix_40_phase_prec-alloc_offset-15_bin2_raw,QD_mix_40_phase_prec-alloc_offset-15_bin2_labels,6,57,57.0,1622.7767333984375,1373.82080078125,11.672900199890137,dietrich
1158,QD_mix_40_phase_prec-alloc_offset-15_bin2_raw,QD_mix_40_phase_prec-alloc_offset-15_bin2_labels,6,58,58.0,1531.589111328125,1282.6331787109375,11.139699935913086,dietrich
1159,QD_mix_40_phase_prec-alloc_offset-15_bin2_raw,QD_mix_40_phase_prec-alloc_offset-15_bin2_labels,6,59,59.0,1453.6168212890625,1204.660888671875,10.700599670410156,dietrich
1160,QD_mix_40_phase_prec-alloc_offset-15_bin2_raw,QD_mix_40_phase_prec-alloc_offset-15_bin2_labels,6,60,60.0,1338.2095947265625,1089.253662109375,9.901900291442871,dietrich
1161,QD_mix_40_phase_prec-alloc_offset-15_bin2_raw,QD_mix_40_phase_prec-alloc_offset-15_bin2_labels,6,61,61.0,1219.83984375,970.8839111328125,9.038800239562988,dietrich
1162,QD_mix_40_phase_prec-alloc_offset-15_bin2_raw,QD_mix_40_phase_prec-alloc_offset-15_bin2_labels,6,62,62.0,1097.984619140625,849.0286865234375,8.101200103759766,dietrich
1163,QD_mix_40_phase_prec-alloc_offset-15_bin2_raw,QD_mix_40_phase_prec-alloc_offset-15_bin2_labels,6,63,63.0,997.2069091796875,748.2509765625,7.323400020599365,dietrich
1164,QD_mix_40_phase_prec-alloc_offset-15_bin2_raw,QD_mix_40_phase_prec-alloc_offset-15_bin2_labels,6,64,64.0,880.1909790039062,631.2352294921875,6.3429999351501465,dietrich
1165,QD_mix_40_phase_prec-alloc_offset-15_bin2_raw,QD_mix_40_phase_prec-alloc_offset-15_bin2_labels,6,65,65.0,783.661376953125,534.7053833007812,5.5218000411987305,dietrich
1166,QD_mix_40_phase_prec-alloc_offset-15_bin2_raw,QD_mix_40_phase_prec-alloc_offset-15_bin2_labels,6,66,66.0,701.3692016601562,452.41339111328125,4.806399822235107,dietrich
1167,QD_mix_40_phase_prec-alloc_offset-15_bin2_raw,QD_mix_40_phase_prec-alloc_offset-15_bin2_labels,6,67,67.0,618.622314453125,369.6664123535156,4.045000076293945,dietrich
1168,QD_mix_40_phase_prec-alloc_offset-15_bin2_raw,QD_mix_40_phase_prec-alloc_offset-15_bin2_labels,6,68,68.0,556.8253173828125,307.869384765625,3.474100112915039,dietrich
1169,QD_mix_40_phase_prec-alloc_offset-15_bin2_raw,QD_mix_40_phase_prec-alloc_offset-15_bin2_labels,6,69,69.0,504.00970458984375,255.05380249023438,2.972100019454956,dietrich
1170,QD_mix_40_phase_prec-alloc_offset-15_bin2_raw,QD_mix_40_phase_prec-alloc_offset-15_bin2_labels,6,70,70.0,457.1488037109375,208.19290161132812,2.5088999271392822,dietrich
1171,QD_mix_40_phase_prec-alloc_offset-15_bin2_raw,QD_mix_40_phase_prec-alloc_offset-15_bin2_labels,6,71,71.0,425.5780944824219,176.6221923828125,2.2046000957489014,dietrich
1172,QD_mix_40_phase_prec-alloc_offset-15_bin2_raw,QD_mix_40_phase_prec-alloc_offset-15_bin2_labels,6,72,72.0,397.84381103515625,148.8878936767578,1.9282000064849854,dietrich
1173,QD_mix_40_phase_prec-alloc_offset-15_bin2_raw,QD_mix_40_phase_prec-alloc_offset-15_bin2_labels,6,73,73.0,378.6520080566406,129.69610595703125,1.74590003490448,dietrich
1174,QD_mix_40_phase_prec-alloc_offset-15_bin2_raw,QD_mix_40_phase_prec-alloc_offset-15_bin2_labels,6,74,74.0,366.0638122558594,117.10790252685547,1.6418999433517456,dietrich
1175,QD_mix_40_phase_prec-alloc_offset-15_bin2_raw,QD_mix_40_phase_prec-alloc_offset-15_bin2_labels,6,75,75.0,350.52899169921875,101.57319641113281,1.4864000082015991,dietrich
1176,QD_mix_40_phase_prec-alloc_offset-15_bin2_raw,QD_mix_40_phase_prec-alloc_offset-15_bin2_labels,6,76,76.0,252.06370544433594,3.107800006866455,0.047600001096725464,dietrich
1177,QD_mix_40_phase_prec-alloc_offset-15_bin2_raw,QD_mix_40_phase_prec-alloc_offset-15_bin2_labels,6,77,77.0,186.6761932373047,-62.27980041503906,-1.0,dietrich
1178,QD_mix_40_phase_prec-alloc_offset-15_bin2_raw,QD_mix_40_phase_prec-alloc_offset-15_bin2_labels,6,78,78.0,189.7364044189453,-59.21950149536133,-1.0,dietrich
1179,QD_mix_40_phase_prec-alloc_offset-15_bin2_raw,QD_mix_40_phase_prec-alloc_offset-15_bin2_labels,6,79,79.0,192.81300354003906,-56.14289855957031,-1.0,dietrich
1180,QD_mix_40_phase_prec-alloc_offset-15_bin2_raw,QD_mix_40_phase_prec-alloc_offset-15_bin2_labels,6,80,80.0,195.90130615234375,-53.05459976196289,-1.0,dietrich
1181,QD_mix_40_phase_prec-alloc_offset-15_bin2_raw,QD_mix_40_phase_prec-alloc_offset-15_bin2_labels,6,81,81.0,198.9958038330078,-49.959999084472656,-1.0,dietrich
1182,QD_mix_40_phase_prec-alloc_offset-15_bin2_raw,QD_mix_40_phase_prec-alloc_offset-15_bin2_labels,6,82,82.0,202.0906982421875,-46.86520004272461,-1.0,dietrich
1183,QD_mix_40_phase_prec-alloc_offset-15_bin2_raw,QD_mix_40_phase_prec-alloc_offset-15_bin2_labels,6,83,83.0,205.17909240722656,-43.776798248291016,-1.0,dietrich
1184,QD_mix_40_phase_prec-alloc_offset-15_bin2_raw,QD_mix_40_phase_prec-alloc_offset-15_bin2_labels,6,84,84.0,208.2534942626953,-40.70240020751953,-1.0,dietrich
1185,QD_mix_40_phase_prec-alloc_offset-15_bin2_raw,QD_mix_40_phase_prec-alloc_offset-15_bin2_labels,6,85,85.0,211.30560302734375,-37.650299072265625,-1.0,dietrich
1186,QD_mix_40_phase_prec-alloc_offset-15_bin2_raw,QD_mix_40_phase_prec-alloc_offset-15_bin2_labels,6,86,86.0,214.32640075683594,-34.629600524902344,-1.0,dietrich
1187,QD_mix_40_phase_prec-alloc_offset-15_bin2_raw,QD_mix_40_phase_prec-alloc_offset-15_bin2_labels,6,87,87.0,217.30569458007812,-31.65019989013672,-1.0,dietrich
1188,QD_mix_40_phase_prec-alloc_offset-15_bin2_raw,QD_mix_40_phase_prec-alloc_offset-15_bin2_labels,6,88,88.0,220.23289489746094,-28.722999572753906,-1.0,dietrich
1189,QD_mix_40_phase_prec-alloc_offset-15_bin2_raw,QD_mix_40_phase_prec-alloc_offset-15_bin2_labels,6,89,89.0,223.09629821777344,-25.859600067138672,-1.0,dietrich
1190,QD_mix_40_phase_prec-alloc_offset-15_bin2_raw,QD_mix_40_phase_prec-alloc_offset-15_bin2_labels,6,90,90.0,225.88319396972656,-23.07270050048828,-1.0,dietrich
1191,QD_mix_40_phase_prec-alloc_offset-15_bin2_raw,QD_mix_40_phase_prec-alloc_offset-15_bin2_labels,6,91,91.0,228.5800018310547,-20.375900268554688,-1.0,dietrich
1192,QD_mix_40_phase_prec-alloc_offset-15_bin2_raw,QD_mix_40_phase_prec-alloc_offset-15_bin2_labels,6,92,92.0,231.17230224609375,-17.783599853515625,-1.0,dietrich
1193,QD_mix_40_phase_prec-alloc_offset-15_bin2_raw,QD_mix_40_phase_prec-alloc_offset-15_bin2_labels,6,93,93.0,233.64439392089844,-15.31149959564209,-1.0,dietrich
1194,QD_mix_40_phase_prec-alloc_offset-15_bin2_raw,QD_mix_40_phase_prec-alloc_offset-15_bin2_labels,6,94,94.0,235.97979736328125,-12.97599983215332,-1.0,dietrich
1195,QD_mix_40_phase_prec-alloc_offset-15_bin2_raw,QD_mix_40_phase_prec-alloc_offset-15_bin2_labels,6,95,95.0,238.16099548339844,-10.794899940490723,-1.0,dietrich
1196,QD_mix_40_phase_prec-alloc_offset-15_bin2_raw,QD_mix_40_phase_prec-alloc_offset-15_bin2_labels,6,96,96.0,240.16909790039062,-8.786800384521484,-1.0,dietrich
1197,QD_mix_40_phase_prec-alloc_offset-15_bin2_raw,QD_mix_40_phase_prec-alloc_offset-15_bin2_labels,6,97,97.0,241.98440551757812,-6.97160005569458,-1.0,dietrich
1198,QD_mix_40_phase_prec-alloc_offset-15_bin2_raw,QD_mix_40_phase_prec-alloc_offset-15_bin2_labels,6,98,98.0,243.58580017089844,-5.370100021362305,-1.0,dietrich
1199,QD_mix_40_phase_prec-alloc_offset-15_bin2_raw,QD_mix_40_phase_prec-alloc_offset-15_bin2_labels,6,100,99.0,244.95140075683594,-4.004499912261963,-1.0,dietrich
